회사명,지원기간,공고명,직무내용,자격요건,우대조건,경력조건,기술 스택,출처 URL,복지
유진로봇,"마감일
2023-08-01",청소로봇팀 APP 엔지니어(안드로이드),안드로이드 개발자,"• 모바일(안드로이드) 애플리케이션 개발자로서의 입증된 경험
• 모바일 애플리케이션 설계 및 구축 경험
• Kotlin과 같은 적어도 하나의 프로그래밍 언어로 프로그래밍할 수 있는 기능 구현 경험자
• 소프트웨어 설계 및 프로그래밍 원리에 대한 탁월한 이해
• 의사소통 능력이 뛰어난 팀 플레이어
• 분석적 사고 및 문제 해결 능력
• 세부 정보 및 시간 관리 기술에 대한 높은 관심
• 컴퓨터 공학 또는 관련 분야의 BSc/BA; MSc/MA를 높이 평가","• 4년 이상 모바일 애플리케이션 설계 및 구축 경험(Android용)
• 새로운 개발 언어 및 환경을 학습할 수 있는 능력/의지가 있는 자
• 유연한(agile)개발 방식 경험자
• 멀티플랫폼 개발 경험
• 코드 리뷰 및 개선 가능자 
• 영어 능통자","경력
경력 4~10년","Android OS
C#
Xamarin
RxJava
Kotlin",https://www.jumpit.co.kr/positions?jobCategory=4,"• 연금·보험 : 퇴직연금, 국민연금, 고용보험, 산재보험, 건강보험
• 휴무·휴가·행사 : 유연근무제, 연차(1시간 단위), 근로자의날 휴무, 경조휴가, 출산휴가, 육아휴직, 사내 동호회 운영, 창립기념일 행사 등
• 보상·수당·지원 : 인센티브제, 직무 발명비, 각종 경조금 지원, 사우회 운영, 장기근속자 포상, 우수사원 표창/포상, 가족수당, 직원추천 포상금, 결혼 선물 로봇청소기 지급, 입사 웰컴키트 지급 등
• 교육·연수 : 신입사원교육(OJT/분기별), 사내 직무교육, 기술동향 자료집 제공 등
• 사내시설·장애인지원 : 사내 식당, 사내 카페, 사내 피트니스센터, 사내 정원, 사내 주차장, 사내 도서관
• 생활편의·여가행사 : 자기계발비 지원, 건강검진, 조식/중식/석식 제공, 출퇴근 교통비 지원, 회식비 지원, 리조트 지원"
리콘랩스(플리카plicar),"마감일
2023-07-31","모바일 앱(Main iOS, Sub Android) 개발자",안드로이드 개발자,"• Swift를 활용한 2년 이상의 개발 경력 또는 그에 준하는 경험이 있는 분
• 3D공간에 대한 이해(기초적인 선형대수)
• 새로운 기술, 프레임워크 적용에 거부감이 없는 분
• iOS 애플리케이션의 기본 지식 및 앱스토어 배포/관리 경험이 있는 분","• 안드로이드 Native 애플리케이션 개발 경험이 있는 분
• AWS 기반의 백엔드 인프라와 연동 경험이 있는 분
• 테스트에 대한 경험 및 지식을 보유하신 분
• Swift Standard Code Convention을 잘 지키시는 분
• 사용자 경험 개선에 관심이 있는 분
• 아래 키워드에 익숙하신 분
Slack, Notion, Figma, AWS, REST, Node.js , 3D, Serverless

• 개발환경
- 주요 언어: Swift , Javascript
- iOS 주요 라이브러리 : SwiftUI, RealityKit, ARKit
- 개발 도구: Xcode 14, Swfit Package Manager","경력
경력 2~10년","Swift
iOS
AR
Android OS
AWS",https://www.jumpit.co.kr/position/12713,"[개인의 라이프사이클에 집중해요]
• 근무시간은 스스로 정할 수 있는 유연근무제를 시행하고 있습니다.
• 사회적 거리두기와 관계 없이 최대 주2회 재택근무제도를 활용할 수 있습니다.

[업무에만 몰입하고 협업하며, 회사와 함께 성장해요]
• 무제한 도서 및 교육지원
- 리콘랩스팀에게 구성원의 성장 만큼 중요한 것은 없습니다.
- 성장에 도움이 된다면 회사에서 모두 지원하고 있습니다.

• 최고급 IT 장비 및 소프트웨어 지원
- 업무에 필요한 고사양 IT 장비와 소프트웨어를 지원하고 있습니다.

• 식대 및 간식지원
- 비용 걱정 없이 든든하게 식사하실 수 있도록 식대와 간식을 지원하고 있습니다.
- 메뉴선택 걱정 없이 넉넉한 점심/저녁식대(1식 13,000원/개인형 법인카드) 제공
- 스낵바 운영을 통한 무제한 간식, 음료, 커피(원두, 스타벅스 및 네스프레소 캡슐) 제공

• 리프레시 제도 지원
- 충분한 휴식과 재충전을 위한 리프레시 근무환경을 지원하고 있습니다.
- 3년마다 최대 10일의 리프레시 휴가와 여행지원금 제공
- 1년마다 일상에서 벗어나 원하는 장소 어디서든 최대 5일의 워케이션 근무환경 제공
- 자유로운 연차 사용으로 언제든 편하게 일상 재충전 가능한 조직문화 조성

• 경조사 지원
- 기본적인 경조사 이외에도 좋은 날에는 더욱 기쁠 수 있도록 리콘랩스팀 구성원이 함께 축하합니다.
- 생일 축하금, 생일반차 제공
- 결혼 축하금 , 결혼기념일 축하금, 출산 축하금 제공
- 우수사원 축하금 제공
- 명절(설/추석) 선물 제공

• 취미생활 지원
- 행복한 취미는 리콘랩스팀 구성원과 함께 즐길 수 있도록 소모임 활동을 지원하고 있습니다.
- 소모임 활동은 월 1회 문화의 날에 이뤄지며, 13시부터 활동하여 15시 이후 자율 퇴근 시행

• 오피스케어 지원
- 배경음악(BGM)이 흐르는 카페 같은 오피스(업무몰입도 UP)
- 업무에 불편함이 없는 최고의 오피스 환경 제공

• 수평적인 조직문화 추구
- 직급/연차에 상관 없이 누구나 자유롭게 발의하고 토론에 참여할 수 있도록 수평적 조직문화를 만들어 가고 있으며, 서로를 존중하는 ‘님’ 호칭문화를 사용하고 있습니다.
- 월 1회 타운홀 미팅을 통해 리콘랩스팀 성장과 혁신의 과정을 경험할 수 있으며, 내부 커뮤니케이션 협업 툴을 통해 투명하고 공정한 정보를 제공하고 있습니다."
더블미디어,"마감일
상시",안드로이드 개발자(부산연구소),안드로이드 개발자,"• 안드로이드 개발 경력 2년 이상
• Kotlin과 Java에 대한 이해도가 있으신 분 
• 서비스 개선에 대한 열의와 적극적인 태도가 있으신 분 
• 새로운 도전을 즐기시는 분","• Kotlin으로 실 서비스 개발해보신 분 
• 최신 라이브러리의 사용 경험 
• C++ 네이티브 라이브러리 사용 경험 
• 코드 리팩토링에 대한 경험과 이해가 높으신 분","경력
경력 2~7년","Kotlin
Java
C++
Android OS",https://www.jumpit.co.kr/position/2301,"• 사내 카페테리아&간식 무한 제공
• 장거리 근무자 교통비 지원
• 팀 회식비 매월 지원
• 외국어 교육 지원
• 장기 근속자 포상 제도 ( 3년,5년,10년)
• 건강검진 지원
• 도서 구입지 지원"
더블미디어,"마감일
상시",안드로이드 개발자 모집,안드로이드 개발자,"• Android 모바일 앱 개발 경력 3년 이상, 혹은 그에 준하는 실력을 가지신 분
• Java, Kotlin 에 능숙하신 분
• 앱 개발, 등록, 서비스 까지 모든 작업을 경험하신 분
• Git 활용에 익숙하신 분","• Flutter를 이용하여 앱 개발 경험이 있으신 분
• JetPack Compose를 이용하여 프로젝트 개발 경험이 있으신 분","경력
경력 3~10년","Java
Kotlin
Android OS
Git",https://www.jumpit.co.kr/position/14734,"• 사내 카페 및 간식코너 (라면,과자,커피,음료 등)
• 성과급 제도
• 각종 경조사 지원
• 근로자의 날, 성탄절 선물 증정
• 명절 귀향비 지원
• 사내 영어강의 지원
• 도서구매 지원
• 직원 생일 파티"
피플펀드컴퍼니,"마감일
상시",안드로이드 엔지니어(Kotlin),안드로이드 개발자,"• Kotlin을 활용한 안드로이드 개발 경험이 있으신 분
• 경험을 활용하는 것 이외에도 직관과 다양한 시각으로 문제를 해결할 수 있는 분","• RxJava3, RxAndroid 사용에 능숙한 분
• Dagger Hilt, Data binding, Retrofit2 + OkHttp3 사용에 능숙한 분
• 코드 개선 및 코드 리뷰에 적극적으로 참여하는 걸 즐기는 분","경력
신입~6년","Java
Kotlin
Android OS
OkHttp
Android SDK
ReactiveX",https://www.jumpit.co.kr/position/17363,"[Support & Refresh]
• 시차출퇴근제를 운영하고 있어 출근시간을 유연하게 조정할 수 있어요.
• 일주일에 최대 3일까지 집중 업무를 위한 재택 근무가 가능해요.
• 점심 시간은 자유롭게 지정해서 사용할 수 있어요.
• 야근 후 퇴근 시 택시비를 전액 지원해요.
• 입사 첫 날, 환영하는 마음을 담은 웰컴 키트를 제공해요.
• 강남역에서 도보 2분 거리! 사무실이 역과 바로 연결되어 있어요.
• 안마의자, 휴게실/수면실, 게이밍 공간 등 휴식을 위한 다양한 공간이 준비되어 있어요.
• 의자계의 에르메스, 사무용 의자의 끝판왕이라 불리는 허먼밀러 의자를 구비했어요.

[Healthy to be Wealthy]
• 점심 식대 만 원, 야근 시 저녁 식대 만 원을 지급해요.
• 그래놀라, 견과류, 탄산수, 우유 등 건강한 간식을 상시 비치해요.
• 매주 수요일 오후는 ‘해피아워’로, 맛있고 건강한 간식을 랜덤으로 제공해요.
• 피플러와 가족의 건강 관리를 위해 연 1회 종합건강검진을 전액/할인 지원해요.

[Family-Oriented]
• 가족에게 중요한 일이 생기면, 유연·단축 근무를 활용할 수 있어요.
• 생일을 맞은 피플러에게 유급 반차와 상품권을 선물로 드려요.
• 결혼 시 유급 휴가 2주, 축하금, 축하 화환을 지급해요.
• 경조사 종류에 따라 유급 휴가 및 경조금, 화환을 제공해요.
• 설, 추석 명절 각각에 상품권을 선물로 드려요.
• 본인 및 배우자 출산 시 유급 휴가, 재택 근무 등이 가능해요.

[Good Time with Good People]
• 2주에 한 번 랜덤으로 모여 서로를 알아가는 점심 식사를 해요.
• 신규 입사자를 위한 짝꿍(buddy)을 매칭해주고, 안정적인 적응을 돕고 있어요.
• 팀 빌딩을 위한 회식비를 지원해요.
• 취미를 함께 즐길 수 있도록 사내 동호회 활동을 지원해요.

[Growth for Next Step]
• 무제한 도서 지원 제도를 운영해요.
• 신규입사자들이 피플펀드에 대해 더 깊이 알 수 있도록 NJT(New Joiner Training)를 진행해요.
• 업무와 밀접한 연관이 있는 외부 교육 참석을 지원해요.
• 피플러가 가진 다양한 스킬 및 재능을 공유하는 사내 클래스를 운영해요.

피플펀드 일상이 궁금하다면?
https://pf-recruit.oopy.io/3a619869-d3d0-49eb-af71-0d3a0ccb7c9c"
42dot,"마감일
상시",Android (SDK) Engineer,안드로이드 개발자,"• Android Application 혹은 SDK 개발 경력 3년 ~ 7년
• Kotiln, Java 에 대한 이해도가 높으신 분
• Android 플랫폼과 디자인 가이드에 대한 이해가 있으신 분
• Android 최신 기술 및 Trend에 대한 관심과 이해가 높으신 분","• MVVM, Clean Architecture 등 설계 / 적용 경험이 있는 분
• Coroutine, Flow/Collect, Rx 등 관련 지식이 많으신 분
• 제품 출시 경험이 있으신 분
• 자동차 환경의 개발 경험이 있으신 분
• 서비스를 하나 이상 출시한 경험이 있으신 분","경력
경력 3~7년","Android SDK
Kotlin
Java",https://www.jumpit.co.kr/position/17349,"• 근무제도: 유연근무제를 통해 임직원이 효율적으로 근무시간을 활용할 수 있도록 지원합니다.
• 단체 상해보험: 본인 및 배우자, 직계가족의 상해보험 가입을 지원합니다.
• 경조사 지원: 본인 및 가족의 경조사 발생 시 지원합니다.
• 명절선물: 설/추석 명절에 각 300,000원의 명절선물을 지급합니다.
• 건강검진: 임직원의 건강검진을 매년 지원합니다.
• 저금리 대출지원: 회사와 협약을 맺은 시중은행을 통해 저금리 대출을 지원합니다.
• 복지카드: 연간 3,000,000원을 지급하며 자기계발, 문화/여가 활동 등의 목적으로 사용 가능합니다. (중도 입사 시 당해 년도 재직일수 기준으로 일할 계산 후 부여) 
• 휴양시설: 별도의 직원 전용 프라이빗 휴양시설(아난티 리조트)을 이용하실 수 있도록 지원합니다."
넛지헬스케어,"마감일
상시",[병역특례] 안드로이드 개발 산업기능요원 모집,안드로이드 개발자,"• ⭐병역특례 대상자이신 분 必 (현역/보충역)⭐
• 경력무관
• 안드로이드 모바일 환경에 대한 이해
• Kotlin을 이용한 안드로이드 앱 개발 경험이 있으신 분
• 원활한 커뮤니케이션 보유","• 안드로이드 앱 스토어 출시 경험 보유
• Slack 등을 이용한 비동기 문자 커뮤니케이션에 익숙한 분","경력
신입~3년","Kotlin
REST API
Git
Android OS
Slack",https://www.jumpit.co.kr/position/12001,"• 식대 지급 및 복지포인트 제공
• 스낵바 (음료, 스낵 등이 무한 제공)
• 생일 당일 축하 선물 발송 (선택가능)
• 자유로운 연차 사용 분위기 ⇒ 미사용 연차는 수당으로 지급
• 강남 유명 피부과 제휴 (모든 시술 50% 할인 혜택 제공)
• 죠샌드위치 역삼키토선생점 직원 할인가 제공 (50% 할인)
• 자유 복장, 회식 및 야근 강요 없음
• 쾌적한 사무실 환경 (신사옥 이전)
• 경조 휴가 및 경조사비 지원
• 장기근속자 포상 Refresh휴가 지급 (만 3년, 5년, 7년)
• 개발에 필요한 최신형 개인 장비 제공 (맥북 프로 M1, 듀얼 모니터 등)
• 해외 컨퍼런스 지원 (참가비/항공료/숙박비용 등)
　→ 백엔드 개발자 : AWS re:Invent
　→ 웹 프론트엔드 개발자 : Facebook F8
　→ 안드로이드 개발자 : Google I/O
　→ iOS 개발자 : WWDC"
우리요,"마감일
상시",[(주)우리요] 안드로이드 개발자,안드로이드 개발자,"• 알고리즘, 네트워크 프로그래밍 등 기본적 개발자 소양을 갖춘 자
• 서버/클라이언트 간 네트워크 시스템에 대한 이해
• Kotlin 개발 경험자
• 모바일 UX/UI 이해도 우수
• 다양한 이해관계자와 조직간 원활한 커뮤니케이션 능력을 갖춘 자","• 위치기반 서비스 개발 경험
• In-App Purchase 개발 경험
• Google Play Store 앱 등록 및 운영 경험
• iOS or Web/Server 개발 경험
• Clean architecture/MVP/MVVM 등 아키택쳐 설계에 관심
• Rxjava 개발 경험","경력
경력 3~10년","Java
Kotlin
Git
Android OS",https://www.jumpit.co.kr/position/17321,"• 휴무/휴가 : 생일포상휴가
• 생활편의 : 자유복장, 회식/야근강요 X, 간식/음료(커피, 차) 제공
• 교육지원 : 워크샵, 직무능력향상교육, 도서구입비"
42dot,"마감일
상시",IVI OS(Android Framework/AOSP) Engineer,안드로이드 개발자,"• 학사 학위 혹은 준하는 경험 소유자 (이공계열 우대)
• Android 및 Linux 기반 임베디드 시스템 개발 경력 5년 이상
• Linux 기반 미들웨어 (UI, Multimedia, Network 등) 개발 혹은 최적화 업무 경험
• C++ 혹은 Java/Kotlin 등 Android나 Linux 기반 임베디드 시스템 주력 언어 숙련자","• Android 및 Linux 기반 임베디드 시스템(Tizen, AGL, GENIVI)의 UI, Multimedia, Network 프레임워크에 대한 이해
• Android Surface Flinger 혹은 Wayland에 대한 경험이나 이해
• OpenGL ES 등의 H/W 가속 혹은 Primitive 3D 렌더링, Animation 경험
• PulseAudio, ALSA 등의 리눅스 멀티미디어 구조에 대한 이해
• Android NDK 기반 개발 경험","경력
경력 5~15년","android os
c++
java
kotlin
linux
network
embedded",https://www.jumpit.co.kr/position/15567,"• 근무제도: 유연근무제를 통해 임직원이 효율적으로 근무시간을 활용할 수 있도록 지원합니다.
• 단체 상해보험: 본인 및 배우자, 직계가족의 상해보험 가입을 지원합니다.
• 경조사 지원: 본인 및 가족의 경조사 발생 시 지원합니다.
• 명절선물: 설/추석 명절에 각 300,000원의 명절선물을 지급합니다.
• 건강검진: 임직원의 건강검진을 매년 지원합니다.
• 저금리 대출지원: 회사와 협약을 맺은 시중은행을 통해 저금리 대출을 지원합니다.
• 복지카드: 연간 3,000,000원을 지급하며 자기계발, 문화/여가 활동 등의 목적으로 사용 가능합니다. (중도 입사 시 당해 년도 재직일수 기준으로 일할 계산 후 부여) 
• 휴양시설: 별도의 직원 전용 프라이빗 휴양시설(아난티 리조트)을 이용하실 수 있도록 지원합니다."
엔에이치엔에듀,"마감일
상시",[NHN Edu] Android 개발자 채용,안드로이드 개발자,"• Java/Kotlin을 이용한 네이티브 앱 서비스 개발 경력 5년 이상 
• 다양한 앱 UI와 인터렉션 개발 역량","• Rx(RxJava, RxKotlin, Coroutine 등)를 이용한 서비스 개발 경험이 있으신 분
• MVI / MVP / MVVM 등의 디자인 패턴 이해와 개발 적용 경험이 있으신 분
• Clean Architecture, Clean Code 구현에 깊이 고민하고 개선해 보신 분
• KMM 프레임워크 적용 경험이 있으신 분
• RESTful API 설계 경험
• 새로운 기술을 익히는데 열정적이고 적극적으로 팀원에게 공유하시는 분","경력
경력 5~12년","Java
Kotlin
RxJava
Android OS",https://www.jumpit.co.kr/position/17586,"• 포괄임금제 폐지
• 근무시간을 내가 계획하고, 조정하는 '퍼플타임' 운영.
• 근속년수에 따라 1개월~6개월 유급 휴가를 지원하는 '안식월 제도'
• 주2회 장소에 구애 받지 않고 자유롭게 '리모트 워크' 근무.
• 30분 단위로 연차사용 가능
• 승진한 직원들을 위한 Refresh 휴가
• 조식·중식(재택근무시에도 식대 제공)·석식 지원, 사내카페·마트 지원
• 일반·종합건강검진 지원, 단체 상해보험 가입, 각종 경조사 지원, 휴양시설 지원, 명절상품권 지급, 자녀입학선물 지원, 계열사제품 할인, 사내 휘트니스 지원, 사내대출이자 지원, 어린이집 지원, 교통비 지원, 그 외 다수의 편의시설 및 복지 제공"
베이리스,"마감일
상시",AVN Android 및 framework 개발자,안드로이드 개발자,"• 전공 : 컴퓨터 및 소프트웨어 관련 학사 이상
• 경력 : 경력 5년 ~ 11년
• 필요 능력 : 프로그래밍 언어 (C,C++/JAVA) 중급 이상 사용 가능 자",• Android App 및 framework 개발 경험자,"경력
경력 5~11년","C
C++
Java
Android OS",https://www.jumpit.co.kr/position/16324,"• 부서별 자율출근제 운영 중
• 통근버스 이용가능
• 조식, 중식 지원"
블루앤트,"마감일
상시",Flutter 개발자(1년 이상),안드로이드 개발자,"• Flutter를 사용하여 앱 개발 및 서비스 가능(IOS, AOS 배포 가능)하신 분
• 상태 관리에 대한 이론을 숙지하신 분 (사용 패키지 BLOC)
• 주도적으로 서비스를 개발 및 운영 하실 수 있는 분
• 애자일한 업무 방식에 적응이 가능하신 분","• 화상통화서비스, 채팅서비스를 플루터로 해보신분
• App Native(Kotlin, Swift 등) 개발을 해보셨거나 개발을 하시는데 두려움이 없으신 분
• 자사 서비스에 애정을 가지고 서비스를 만들어나가실 분
• 자기 주도적으로 프로젝트 설계 및 토론이 가능하신 분
• 좋은 코드를 위해 고민하시는 것을 즐기시는 분","경력
경력 1~5년","iOS
Android OS
Flutter",https://www.jumpit.co.kr/position/3485,"• 본인 및 가족 건강 검진 지원
• 직무 역량 강화 교육 프로그램 지원
• 창립 기념일 휴가
• 무제한 도서 구입 지원
• 복지 포인트 지급
• 생일 당일 케이크 제공
• 경조 휴가 및 경조사비 지원
• 건강 간식 제공
• 휴가비 지원
• 자유로운 연차 사용
• 야근 식대 지원"
디어유,"마감일
상시",[코스닥상장사-디어유] Android 앱 개발자 채용,안드로이드 개발자,"• Kotlin/Java를 이용한 Android 앱 서비스 개발 경험자
• 상용 서비스 개발 및 유지보수 경험자
• RESTFUL API에 대한 기본적인 이해를 가지신 분
• 코드 품질 및 개선에 관심이 많으신 분","• MVP/MVVM 등 디자인 패턴에 대한 이해와 경험
• AAC(Android Architecture Components)를 통한 개발 경험자
• Live Streaming(HLS, RTSP 등) Client 개발 경험자
• 오픈소스 분석 및 사용 경험자","경력
경력 3~9년","Android OS
Kotlin
Java
REST API",https://www.jumpit.co.kr/position/1720,"• 출퇴근: 자율(시차)출퇴근제 
• 교육: 신입사원 교육(OJT) / 리더쉽,직무교육/ 사내 외국어 강좌운영
• 지원금/보험: 단체상해보험 / 건강검진지원/ 독감예방접종 지원 
• 조직문화: 수평적 조직문화 / 자율복장/ 님,닉네임 문화
• 근무환경 : 사원증지급 / 카페테리아운영/ 스낵바 운영, 웰컴KIT지급 
• 급여제도 : 4대보험/연차수당/퇴직연금/ 회식비, 중식비 지원, 임직원 우수인재 추천보상제도 운영/ 통신비 지원 
• 선물: 명절선물/귀향비 지급
• 리프레쉬: 연차,반차/ 경조휴가 / 장기근속 포상
• 기타: 계열사 할인"
듀얼아이,"마감일
2023-07-31",안드로이드 개발자,안드로이드 개발자,"• 안드로이드 스튜디오를 활용한 안드로이드 개발 가능한 분
• 적극적/원활한 커뮤니케이션 능력이 있으신 분","• 협업, 커뮤니케이션이 원활하신 분
• 적극적으로 문제를 분석하여 원인을 찾고 해결할 수 있는 능력과 경험이 있는 분
• 문제를 끝까지 해결해내는 성격을 가지신 분
• 새로운 기술을 탐구, 적용하는 데에 재미를 느끼시는 분
• MVVM 패턴 경험자
• 협업 도구에 익숙하고 팀워크가 좋으신 분","경력
신입~2년","Java
SQL
Android OS
Android SDK
Android Studio
Git
Jira
Kotlin",https://www.jumpit.co.kr/position/17383,"• 4대보험, 교육비 지원, 식비지원, 개인 인센티브제, 성과공유 및 명절 상여 지급
• 눈치없는 연차사용, 리프레시 휴가제도 운영
• 청년내일채움공제, 재직자 내일채움공제 지원, 전직원 삼성화재 단체보험
• 자율복장, 문화회식, 동호회 운영, 도서지원 및 생일축하금
• 불필요한 야근과 회식 지양"
42dot,"마감일
상시",Android Engineer(차량용 In-Vehicle Infotainment App),안드로이드 개발자,"• Android 앱 개발 2년 이상 경력을 보유하신 분(대학원 기간 제외)
• Android 플랫폼을 이해하고 Java/Kotlin 을 사용한 어플리케이션 경험
• JAVA, KOTLIN 중 한 가지 이상의 언어에 대해서 업무를 수행할 수 있는 역량을 보유하신 분
• 학사 이상의 학위를 취득하신 분","• Android 최신 트렌드를 이용한 개발 경험
• 인포테인먼트 시스템 앱 개발 경험을 보유하신 분
• 모바일 시스템 앱 또는 서비스 앱 개발 경험을 보유하신 분
• 안드로이드 인터널 분석 및 스터디를 좋아하시는 분
• 포토폴리오 제출을 우대합니다.","경력
경력 2~15년","kotlin
java
git
jira
Android OS",https://www.jumpit.co.kr/position/17550,"• 근무제도: 유연근무제를 통해 임직원이 효율적으로 근무시간을 활용할 수 있도록 지원합니다.
• 단체 상해보험: 본인 및 배우자, 직계가족의 상해보험 가입을 지원합니다.
• 경조사 지원: 본인 및 가족의 경조사 발생 시 지원합니다.
• 명절선물: 설/추석 명절에 각 300,000원의 명절선물을 지급합니다.
• 건강검진: 임직원의 건강검진을 매년 지원합니다.
• 저금리 대출지원: 회사와 협약을 맺은 시중은행을 통해 저금리 대출을 지원합니다.
• 복지카드: 연간 3,000,000원을 지급하며 자기계발, 문화/여가 활동 등의 목적으로 사용 가능합니다. (중도 입사 시 당해 년도 재직일수 기준으로 일할 계산 후 부여) 
• 휴양시설: 별도의 직원 전용 프라이빗 휴양시설(아난티 리조트)을 이용하실 수 있도록 지원합니다."
모트렉스,"마감일
상시",Android Automotive Frameworks 개발,안드로이드 개발자,"• 학사 이상
• 전자/전산/정보통신 계열
• 경력 5년 ~ 10년 이하
• Android/Linux 기반 개발 경험자
• Android Automotive Frameworks 개발 경험자
• C/C++, JAVA 고급","• Automotive Interface 구조 이해
• 양산 경험","경력
경력 5~10년","Android OS
Android Studio
Linux
Java
C++
Android SDK
C",https://www.jumpit.co.kr/position/14919,"• 휴가 : 하계유급휴가, 단체연차
• 일/가정 : 유연근무제, 패밀리데이
• 포상 : 장기근속자 포상
• 건강 : 종합건강검진, 독감예방접종 지원
• 현물성 복지 : 복지포인트(80만원/年), 변동성과급
• 근무제도 : 주5일 근무, 자율복장제도, 기숙사지원(천안공장), 구내식당(천안공장)"
노르마,"마감일
상시","안드로이드 개발자 채용(연봉 5,000~7,000/병역특례가능)",안드로이드 개발자,"• 학력 : 대졸이상
• 경력 : 경력(3년 이상)
• 안드로이드 앱 개발 능력
• 서버와 클라이언트 간 RESTful 기반 개발 능력
• 빌드/테스트/배포 자동화 능력","• 전공 : 전산학·컴퓨터공학, 응용소프트웨어공학, 정보·통신공학
• Hybrid App, 웹앱 개발, 라이브러리 개발 경험
• B2C 앱 개발 경험
• 보안 관련 업무 경험","경력
경력 3~10년","android os
rest api",https://www.jumpit.co.kr/position/15304,"• 자율 복장
• 정시퇴근
• 자율적 연차 사용
• 야근수당 지급
• 자기개발비 지급
• 4대보험
• 스톡옵션 지급
• 퇴직금 지급
• 명절 상여금 지급
• 생일 선물 지급"
원메딕스인더스트리,"마감일
상시",안드로이드 개발자 모집,안드로이드 개발자,"• Android 앱 개발 경력 5년 이상이신 분
• Android 플랫폼과 개발 전반에 대해 높은 이해를 가지신 분
• 새로운 기능을 설계하고 구현하는 것을 즐기시는 분
• SDK 개발 또는 오픈소스 Contribution 경험이 있으신 분","• 테스트 코드 작성 경험이 있으신 분
• 자기 주도적으로 일 하는 걸 즐기고, 커뮤니케이션이 원활하신 분
• 사용자의 니즈를 파악해 개선 방안을 설계, 구현하는 것을 좋아하는 분","경력
경력 5~10년","Android OS
Android SDK",https://www.jumpit.co.kr/position/16512,"• 신사역 가로수길에 사무실, 신사역 도보 5분
• 시간 선택제 출근 (7~10시), 8시간/일 근무
• 현재 주 2회 재택근무 중
• 주차장 제공
• 장기근속시 리프레시 휴가 제공
• 업무에 필요한 노트북, 모니터, 키보드, 마우스, 프로그램 제공
• 스타벅스 5만원 기프트 카드 증정(생일엔 8만원)
• 협력 병원 진료비 직원할인
• 다양한 종류의 스낵 및 음료 제공
• 필요한 복지는 요청하면 즉시 반영이 목표"
모트렉스,"마감일
상시",Bluetooth/WiFi 개발,안드로이드 개발자,"• 학사 이상
• 전자/전산/정보통신 계열
• 경력 5년 ~ 10년
• Android/Linux 기반 개발 경험자
• C/C++, JAVA 고급","• Bluetooth/WiFi 동시 개발 경험
• Wired/Wireless CarPlay/Android Auto 인증 지원 
• Bluetooth/WiFi Combo Module 기반 개발 경험
• Bluetooth v4.2 이상 Stack/Profile 개발 경험
• Linux Device Driver 개발 경험
• 양산 경험","경력
경력 5~10년","C
C++
Android OS
Java
Linux",https://www.jumpit.co.kr/position/14921,"• 휴가 : 하계유급휴가, 단체연차
• 일/가정 : 유연근무제, 패밀리데이
• 포상 : 장기근속자 포상
• 건강 : 종합건강검진, 독감예방접종 지원
• 현물성 복지 : 복지포인트(80만원/年), 변동성과급
• 근무제도 : 주5일 근무, 자율복장제도, 기숙사지원(천안공장), 구내식당(천안공장)"
페이타랩,"마감일
상시",[패스오더] Android 개발자 (병역특례/산업기능요원/보충역/전직),안드로이드 개발자,"【병역특례자 (산업기능요원) 지원】

• 병역특례 지원 시 원활한 진행을 위해 병역 유형을 기재해주세요.
• 현역 신규/현역 전직/보충역 신규/보충역 전직 등
• 현재 패스오더는 현역 전직/보충역 신규/보충역 전직이 가능합니다.


【이런 분을 찾고 있어요!】

• Java 및 Android framework에 대해 높은 이해도를 갖고 계신 분
• 모바일 앱 UX에 대한 이해도 및 AOS 휴먼 인터페이스에 대한 이해도가 높은 분
• 사용자 경험을 개선하는데 필요한 퍼포먼스 개선 및 네트워킹 구현 경험이 있는 분
• Android App Architecture Guideline을 잘 이해하고 있으신 분
• Coroutines, Flow, ViewBinding 등 Android 최신 기술 동향 및 최신 라이브러리에 익숙하신 분","【이런 분이면 더 좋아요!】

• Kotlin, Java에 대한 지식이 풍부하고 관련 경험이 많으신 분
• 효율적인 협업을 위한 AOS 프로젝트의 기반 작업 경험이 있으신 분
• MVVM 디자인 패턴 적용에 대한 경험이 있는 분
• 동료와 다양한 학습 내용을 공유하고 서로 도움을 주고 받으며 함께 기술적으로 성장하고자 하는 마인드를 가진 분
• 요구사항 분석 및 다른 개발자와 협업을 위한 원활한 커뮤니케이션 능력을 가지신 분","경력
신입~5년","Java
Kotlin
Android Studio
Git
Slack
REST API
notion.so
Socket.IO
Android OS",https://www.jumpit.co.kr/position/6947,"【페이타랩의 근무 문화 및 환경】
　
• 구성원 모두가 서로 단단하게 연결되어, 모든 정보를 투명하게 공유하고, 각자의 업무에 몰입할 수 있는 환경
• 최소한의 절차로 일에만 집중할 수 있으며, 의사결정과 각자의 책임이 명확한 효율적인 환경
• 누구나 원하는 만큼 성장하며 커리어를 쌓을 수 있도록 회사가 적극적으로 지지하고 지원해주는 환경
• 뛰어난 실력과 따뜻한 마음을 가진 멋진 동료들과 함께 할 수 있는 환경


【저희는 이렇게 일해요!】

1. 완벽한 결과물은 없다고 생각해요. 빠르게 실행해보고 아니면 개선해나가요.
2. 그냥 하는 일은 없어요. 스스로 업무를 할 때 '왜?'를 항상 생각해요.
3. 하나의 팀으로 서로 단단하게 연결되어 있기 위해 사내의 모든 정보는 투명하게 공유하고 있어요.
4. 직책 및 연차에 상관없이 모든 구성원이 자유롭게 소통하고 대담하게 피드백을 주고받아요.
5. 수평적인 문화를 지향하고 있어요. 직급 대신 모두에게 '님'이라는 호칭을 사용해요.
6. 업무는 수직적으로 해요. 책임을 지는 의사결정권자와 실무자의 구분을 명확히 해요.
7. 가족이 아닌 스포츠팀처럼 각자의 포지션에서 최고가 되기 위해 끊임없이 배우고 노력해요.
8. 일은 힘들 수 있지만, 사람 때문에 힘든 일은 없어요. 구성원들은 서로를 진심으로 아끼고 배려해요.
9. 저녁 회식이 없어요. 다음 날 최상의 컨디션으로 일할 수 있도록 회사가 방해하지 않아요.


【이런 것들을 지원해 드려요!】

■ 효율적으로 생각하고, 움직일 수 있도록
• 2호선 삼성역 5분 거리, 커뮤니티 매니저가 상시 관리하는 최신 시설의 단독 오피스(서울)
• 1호선 서면역 5분 거리, Creative가 넘치는 상상마당에 위치한 오피스(부산)
• 개인별 법인카드 지급(식대, 출장 등에 사용)
• 점심 식사 지원(점심, 저녁식사 비용 1만 1천원)
• 야근 시 저녁 식대, 야근교통비 지원
• 자유로운 복장
• 저녁 회식 없는 문화
• 사유를 묻지 않는 연차 사용

■ 업무에 몰입하고, 원하는 만큼 성장할 수 있도록
• 교육, 세미나, 컨퍼런스 참여 비용 무제한, 전액 지원(참가비 전액, 출장비, 식비 모두 지원)
• 온라인 콘텐츠 구독 지원
• 도서 무제한 구입 지원
• 최고 스펙의 개인별 맞춤 디바이스 제공(iMac, Macbook Pro, 데스크탑, 노트북 등)
• 27"" 듀얼모니터 제공
• Logitech 무선 키보드, 마우스 제공
• 원하시는 분은 버티컬 마우스 추가 제공
• 쾌적한 업무환경 제공(스타일러, IQ Air, 가습기)

■ 함께하는 구성원이 행복할 수 있도록
• 생일 축하 백화점 상품권 지급
• 명절 백화점 상품권 지급
• 건강검진 지원 (연 1회 종합건강검진)
• 패스오더 포인트 매월 지급 (50,000P)
• 모든 오피스 내 스낵바 운영
• 에스프레소 머신, Tea, 간식 무제한 제공
• 구성원끼리 공유하는 맛집 리스트 운영
• 구성원 경조사 발생 시 근조화환 및 경조 휴가, 경조금 지원
• 결혼 시 결혼축하금 100만원 지급"
페이타랩,"마감일
상시",[패스오더] 안드로이드 개발자,안드로이드 개발자,"【이런 분을 찾고 있어요!】

• Java 및 Android framework에 대해 높은 이해도를 갖고 계신 분
• 모바일 앱 UX에 대한 이해도 및 AOS 휴먼 인터페이스에 대한 이해도가 높은 분
• 사용자 경험을 개선하는데 필요한 퍼포먼스 개선 및 네트워킹 구현 경험이 있는 분
• Android App Architecture Guideline을 잘 이해하고 있으신 분
• Coroutines, Flow, ViewBinding 등 Android 최신 기술 동향 및 최신 라이브러리에 익숙하신 분","【이런 분이면 더 좋아요!】

• Kotlin, Java에 대한 지식이 풍부하고 관련 경험이 많으신 분
• 효율적인 협업을 위한 AOS 프로젝트의 기반 작업 경험이 있으신 분
• MVVM 디자인 패턴 적용에 대한 경험이 있는 분
• 동료와 다양한 학습 내용을 공유하고 서로 도움을 주고 받으며 함께 기술적으로 성장하고자 하는 마인드를 가진 분
• 요구사항 분석 및 다른 개발자와 협업을 위한 원활한 커뮤니케이션 능력을 가지신 분","경력
경력 3~10년","Java
Kotlin
Android Studio
Git
Slack
REST API
notion.so
Socket.IO",https://www.jumpit.co.kr/position/6227,"【페이타랩의 근무 문화 및 환경】
　
• 구성원 모두가 서로 단단하게 연결되어, 모든 정보를 투명하게 공유하고, 각자의 업무에 몰입할 수 있는 환경
• 최소한의 절차로 일에만 집중할 수 있으며, 의사결정과 각자의 책임이 명확한 효율적인 환경
• 누구나 원하는 만큼 성장하며 커리어를 쌓을 수 있도록 회사가 적극적으로 지지하고 지원해주는 환경
• 뛰어난 실력과 따뜻한 마음을 가진 멋진 동료들과 함께 할 수 있는 환경


【저희는 이렇게 일해요!】

1. 완벽한 결과물은 없다고 생각해요. 빠르게 실행해보고 아니면 개선해나가요.
2. 그냥 하는 일은 없어요. 스스로 업무를 할 때 '왜?'를 항상 생각해요.
3. 하나의 팀으로 서로 단단하게 연결되어 있기 위해 사내의 모든 정보는 투명하게 공유하고 있어요.
4. 직책 및 연차에 상관없이 모든 구성원이 자유롭게 소통하고 대담하게 피드백을 주고받아요.
5. 수평적인 문화를 지향하고 있어요. 직급 대신 모두에게 '님'이라는 호칭을 사용해요.
6. 업무는 수직적으로 해요. 책임을 지는 의사결정권자와 실무자의 구분을 명확히 해요.
7. 가족이 아닌 스포츠팀처럼 각자의 포지션에서 최고가 되기 위해 끊임없이 배우고 노력해요.
8. 일은 힘들 수 있지만, 사람 때문에 힘든 일은 없어요. 구성원들은 서로를 진심으로 아끼고 배려해요.
9. 저녁 회식이 없어요. 다음 날 최상의 컨디션으로 일할 수 있도록 회사가 방해하지 않아요.


【이런 것들을 지원해 드려요!】

■ 효율적으로 생각하고, 움직일 수 있도록
• 2호선 삼성역 5분 거리, 커뮤니티 매니저가 상시 관리하는 최신 시설의 단독 오피스(서울)
• 1호선 서면역 5분 거리, Creative가 넘치는 상상마당에 위치한 오피스(부산)
• 개인별 법인카드 지급(식대, 출장 등에 사용)
• 점심 식사 지원(점심, 저녁식사 비용 1만 1천원)
• 야근 시 저녁 식대, 야근교통비 지원
• 자유로운 복장
• 저녁 회식 없는 문화
• 사유를 묻지 않는 연차 사용

■ 업무에 몰입하고, 원하는 만큼 성장할 수 있도록
• 교육, 세미나, 컨퍼런스 참여 비용 무제한, 전액 지원(참가비 전액, 출장비, 식비 모두 지원)
• 온라인 콘텐츠 구독 지원
• 도서 무제한 구입 지원
• 최고 스펙의 개인별 맞춤 디바이스 제공(iMac, Macbook Pro, 데스크탑, 노트북 등)
• 27"" 듀얼모니터 제공
• Logitech 무선 키보드, 마우스 제공
• 원하시는 분은 버티컬 마우스 추가 제공
• 쾌적한 업무환경 제공(스타일러, IQ Air, 가습기)

■ 함께하는 구성원이 행복할 수 있도록
• 생일 축하 백화점 상품권 지급
• 명절 백화점 상품권 지급
• 건강검진 지원 (연 1회 종합건강검진)
• 패스오더 포인트 매월 지급 (50,000P)
• 모든 오피스 내 스낵바 운영
• 에스프레소 머신, Tea, 간식 무제한 제공
• 구성원끼리 공유하는 맛집 리스트 운영
• 구성원 경조사 발생 시 근조화환 및 경조 휴가, 경조금 지원
• 결혼 시 결혼축하금 100만원 지급"
피어테크,"마감일
2023-07-31",안드로이드 앱 개발자,안드로이드 개발자,"• Android 플랫폼 지식
• Kotlin 개발 경험 및 Java에 대한 깊은 지식
• OOP에 대한 확실한 이해
• Custom UI 및 Animation 개발 경험
• 테스트/배포 자동화 개선 경험","• React Native 앱 개발에 대한 이해가 있으신 분
• 앱 런칭 및 운영 경험 (개발부터 최적화까지 제품 생애주기 전반의 경험) 
• 주식 및 가장자산에 대한 도메인 지식 혹은 높은 관심
• 신기술에 대한 호기심을 가지고 새로운 것에 도전하는 것을 좋아하는 분
• 다양한 오픈소스(Retrofit, Koin, Fastadapter 등) 사용 경험
• 유관 경력 4년 이상","경력
경력 3~8년","Java
Kotlin
Spring MVC
Android OS
React Native",https://www.jumpit.co.kr/position/7222,"피어테크는 구성원들이 뛰어난 동료들과 함께 최고의 퍼포먼스를 낼 수 있도록 다양한 복리후생 프로그램을 제공하며, 더 좋은 근무환경을 만들기 위해 지속적으로 연구하고 있습니다.

[업계 최고 복지혜택]
• 든든하게 점심식대 지원
• 본인과 가족의 건강검진 지원
• 개인 법인카드로 편리하게, 석식 지원
• 외근, 야근 교통비 지원
• 듀얼 모니터, MAC 및 필요 최신장비 제공

[커리어 개발 지원]
• 최신식 금융 시스템 및 혁신 트렌드 선도
 (클라우드 기반 ISMS, 블록체인, 디지털 자산, CBDC, 결제, 금융상품 등)
• 꾸준한 지식습득 장려 도서비 지원
• 업무 역량강화 교육비 지원

[업무 효율 최우선]
• 최신식 클라우드 업무 환경 
 (AWS, G-suite, Slack, Atlassian, 1Password 등)
• 지하철 2호선, 9호선 근접한 편리한 교통

[추가 포상제도]
• 평가를 통한 인센티브 제공
• 기여도에 따른 스톡옵션 기회 부여
 
[휴게공간]
• 아침마다 채워지는 식사대용 간편식과 과일
• 내가 원하는 간식 언제든지 스낵바 이용

[경조사 지원]
• 본인과 가족의 출산과 육아지원 출산휴가/육아휴직
• 기쁨과 슬픔도 함께하며 경조사비 및 경조휴가
• 직원들의 생일도 함께 사내 생일파티"
엑심베이,"마감일
상시",안드로이드 개발자 경력 채용,안드로이드 개발자,"• 안드로이드 앱 런칭 및 운영 경험을 보유하신 분
• Java, Kotlin 프로그래밍 개발 경험하신 분
• RESTful API 사용해 보신 분","• 결제 프로그램 및 TCP Socket 통신에 대한 이해가 있으신 분
• MVP, MVVM 아키텍쳐에 대한 개발 경험이 있으신 분
• 안드로이드의 UI/UX 가이드라인에 대한 이해도가 높은 분
• 목표 지향적인 사고와 실행 능력이 뛰어난 분
• 서비스 품질과 안정성에 높은 책임감을 가지고 주도적이고 지속적으로 개선하는 분
• 다양한 오픈소스(Retrofit, Koin, Fastadapter) 사용에 익숙한 분","경력
경력 2~5년","Java
Kotlin
TCP/IP
REST API
Android OS",https://www.jumpit.co.kr/position/17342,"즐겁게 일할 수 있는 최선의 환경을 만들어 갑니다. 

1. 균형 있는 삶과 휴식을 중요하게 생각합니다. 
• 자유로운 휴가 사용
• EXciting Day (엑사이팅 데이) 운영, 매월 마지막주 금요일 2시간 단축 근무
• 근속 3년마다 리프레시 휴가 3일 제공
• 야근 지양 문화
• 시차출근제도 시행 (출근 시간 선택 가능)

 2. 배려하는 문화를 정립합니다. 
• 자유 복장 
• 사내 영어 호칭 사용
• 커피 무제한 제공
• 매일 조식 제공
• 임직원 생일 혜택, 예산 안에서 원하는 생일 선물 지급
• 중소기업 소득세 감면 제도 시행

3. 업무와 성장에 집중하도록 지원합니다. 
• 성장을 위한 업무 비용 (도서, 워크샵, 세미나 참석 등) 지원
• 최신형 장비 지원

4. 엑심베이 피플의 가족도 소중합니다. 
• 종합건강검진 프로그램 지원
• 자녀학자금 지원
• 육아수당 지원"
다누시스,"마감일
상시",모바일 하이브리드 개발자,안드로이드 개발자,"• React Native 
• JavaScript","• React Native 경험자
• 안드로이드, IOS 개발 경험자","경력
경력 3~7년","JavaScript
React Native
iOS
Android OS",https://www.jumpit.co.kr/position/16979,"• 자기계발비 지원 (교육비, 도서구입비, 자격증시험비, 자격증취득 포상금)
• 육아휴직, 카페테리아 운영, 본인학자금 지원, 대출지원, 동호회 활동비 지원
• 각종 경조사비 (결혼, 결혼기념일, 출산, 조의)
• 근로자 휴가지원사업 시행, 청년내일채움공제 시행
• 명절선물, 우수사원포상, 최우수사원 포상, 아이디어 제안 포상
• 삼성생명 산업재해 보상보험 사업(전직원)"
솔티드,"마감일
상시",안드로이드 개발자 채용,안드로이드 개발자,• 안드로이드 개발 및 스토어 앱 런칭 경력,• BLE 기능 구현 경험,"경력
경력 1~5년","Kotlin
Java
Git
Figma
Android OS",https://www.jumpit.co.kr/position/13407,"• 점심 지원
• 스낵바 운영
• 명절 선물지급"
한류뱅크,"마감일
상시",안드로이드 개발자,안드로이드 개발자,"• 3년이상
• Java, Kotlin 가능자
• 각종 오픈소스 사용 경험","• Git 형상관리 사용 경험
• 구글플레이 출시 및 운영 경험자
• 디자인패턴(MVVM) 경험자 
• compose 가능자","경력
경력 3~15년","Kotlin
Java
Android OS
Android SDK
Android Studio
Git",https://www.jumpit.co.kr/position/10202,"• 중식
• 여름휴가
• 최신장비
• 경조사비
• 교육비
• 도서비
• 야근X
• 주차지원"
오피지지,"마감일
상시",Android Engineer(Stats Mobile Cell),안드로이드 개발자,"[필수 경험 및 역량]
• 안드로이드 앱 개발 지식이 있는 분
• 원격 근무 기반의 업무 환경 적응에 문제가 없는 분
• Kotlin을 사용하여 Android 모바일 앱을 개발한 경험이 있는 분

[필수 기술]
• Kotlin
• Coroutine","• 토이 프로젝트 개발에 관심이 있고 좋아하는 분
• 서비스를 완성하는 것에 즐거움을 느끼시는 분
• 문제를 찾아내고 해결하는 것을 즐기며, 스스로 배우고 발전하고자 하는 성향을 지니신 분
• 개발자 측면뿐만 아니라 유저 입장에서의 경험 개선을 지향하는 성향을 지니신 분
• 업무 생산성과 퍼포먼스 개선을 위한 새로운 기술에 관심이 있는 분
• 읽기 좋은 코드와 코드 리뷰에 대한 관심이 있는 분","경력
경력 5~10년","Kotlin
Android OS",https://www.jumpit.co.kr/position/3001,"오피지지는 구성원들이 업무에 몰입하여 최고의 성취와 성장을 할 수 있게 끔 자율적인 업무 문화와 환경을 제공하고 다양한 업무지원제도를 운영하고 있습니다.

[완전한 자율 근무 제도]
• 별도의 정해진 출.퇴근 시간 없이 스스로 가장 효율적인 업무 시간을 선택할 수 있는 '자율 출퇴근 근무 제도'
• 사무실, 재택, 카페 및 분산오피스(정동, 서울대입구, 잠실 등)등 가장 효율적인 업무 장소를 선택할 수 있는 '자율 재택 근무 제도'
• 제주도 한 달 살이 및 나아가 해외에서도 근무가 가능한 '디지털노마드 환경 구축'
• 완벽한 리모트 환경 구축 및 이를 위한 최고 사양의 IT기기(16인치 램 32GB 맥북프로 등)와 에어팟이 포함된 웰컴키트 지원
• 사용 일수에 제한 없는 '무제한 자율 휴가 제도'

[무제한 업무 지원 제도]
• 직무 교육 및 세미나 등 무제한 교육비 지원
• 직무 관련 도서 구입비 무제한 지원
• 업무 관련 소프트웨어/IT기기 무제한 지원
• 3년 근속시 리프레시 휴가 및 휴가비 지원
• 매 월 50만원 영유아 수당 지원
• 매년 건강검진 및 독감예방 접종 비용 지원
• 헬스장 및 PT 지원
• 명절 및 경조사, 생일 지원
• 단체 상해보험 가입

[유연하고 솔직한 조직문화]
• 매주 자유롭게 토론하고 정보를 공유하는 타운홀미팅 '옵지데이'
• 건전한 토론을 즐기고 가면 쓰지 않는 솔직한 커뮤니케이션 문화
• 불필요한 격식을 없애고 별도의 직급/직위 체계 없는 '성명 + 님' 문화
• 반려동물 동반 출근 가능
• 별도의 승인 없는 자유로운 휴가 사용
• 사내경매, 온라인회식, 할로윈 파티 등 다양한 사내 이벤트

[다양한 게임 관련 제도]
• 사내 게임리그 및 내전과 이를 위한 사내 PC방 시설 구비
• 근무시간 중 자유로운 게임 플레이 가능
• 게임 타이틀 구매비 무제한 지원
• 사내 오락기 구비"
이지식스(엠블),"마감일
2023-08-03",[TADA] Android Lead Engineer,안드로이드 개발자,"• 경력 만 5년 이상 혹은 유관업무에 깊은 이해와 실력을 가진 분
• 안드로이드 개발 팀원 2명 이상과 협업, 관리하여 안드로이드 앱 개발을 주도적으로 맡아본 경험이 있으신 분
• Gradle에 대한 이해, 필요에 따라 gradle script 활용이 가능하신 분
• MVVM 아키텍쳐에 대한 높은 이해 및 활용 경험이 있으신 분
• 실제 상용화된 모바일 앱 서비스를 1년 이상 유지보수 해 본 경험이 있으신 분
• 원활한 커뮤니케이션 및 협업 능력을 갖추신 분","• 글로벌 서비스 개발/운영 경험이 있으신 분
• 모빌리티 분야 서비스 개발 경험이 있으신 분
• 위치기반 서비스 개발 경험이 있으신 분
• 영어로 일정 수준 이상의 커뮤니케이션이 가능하신 분","경력
경력 5~10년","Kotlin
Android OS
RxJava
Gradle",https://www.jumpit.co.kr/position/17108,"[엠블(MVL)의 유연한 인사제도]

1. 유연 근무제도 운영
MVLer는 최고의 퍼포먼스를 낼 수 있게 전 직원 자율 출퇴근제를 실시하여 자유롭게 업무 스케줄 조정이 가능합니다.

2. 다양한 성과/인센티브 스킴 운영
열정과 노력의 보상을 위해 업계 최고 수준의 다양한 보너스 스킴을 운영 합니다.

3. 영어호칭을 사용하며, 수평적인 문화
나이/직책에 관계없이 영어닉네임으로 호칭하며 의견을 자유롭게 제시해요.

4. 신규입사자 Buddy 프로그램 진행
한달간 신규입사자와 가장 친한 친구 1명이 선정되어 소소한 질문을 주고 받거나 CARE 받을 수 있도록 가이드 해드리며, 활동비를 지원 합니다.

5. 무제한 휴가 제공
법정 연차 외 무제한으로 휴가(연차)를 제공 합니다!

6. 연말은 소중한 가족과 함께
12월 마지막 주 전사 셧다운 휴식으로 연말은 가족과 함께합니다 :)


[엠블(MVL)의 다양한 혜택]

1. 지인 추천 인센티브 제공
우리 회사가 채용하고 있는 포지션에 적합하다고 생각된다면 언제든 추천해주세요!
• 경력 3년~5년 : 100만원
• 경력 5년~10년 : 300만원
• 경력 10년 이상 : 500만원

2. 보상휴가+휴가비 제공
MVLer의 노력과 열정에 감사드리며, 휴가와 비용을 제공합니다.
• 3년 근무 : 휴가 3일 + 100만원
• 5년 근무 : 휴가 5일 + 300만원
• 10년 근무 : 휴가 10일 + 500만원 + 감사패

3. 다양한 활동을 위한 프로모션 제공
회사와 제휴되어 있는 각종 헬스, 사우나, 수영, 골프, 영화, 레스토랑 커피전문점 이용을 원활하게 할 수 있는 혜택을 제공 합니다.

4. 반려동물과 함께!
소중한 반려동물이 외롭지 않도록 함께 출근할 수 있는 공간이 마련되어 있습니다.

5. 무제한으로 무료 스넥바 제공
MVLer들의 당 충전을 위해 샐러드, 라면, 컵밥, 과자, 커피 등 다양한 스넥을 무제한으로 제공 해요 :)

6. 최신 장비 제공
최신 사양의 MacBook 혹은 Windows Laptop, 데스크탑, 모니터 등 업무에 필요한 장비를 다양하게 지원해요.

""이 외에도 매년 트렌디한 인사제도와 MVLer 혜택을 업데이트하고 있습니다“"
시니스트,"마감일
상시",[포도알] 안드로이드 개발자 채용,안드로이드 개발자,"• 다양한 UI 개발 경험하신 분
• 적극적으로 동료들과 커뮤니케이션하는 분 
• 책임감이 높으신 분

[사용기술]
• Kotlin, Network Async Task, Layout Customizing, JSON parse, Webview
• 버전관리 툴(Git/SVN) 이용한 협업 가능자","• 구글플레이 서비스 출시 경험이 있으신 분
• 디바이스, OS 버전 최적화 경험이 있으신 분
• 앱 성능 최적화 경험이 있으신 분","경력
경력 3~10년","Kotlin
GitLab
JSON
Git
Android OS",https://www.jumpit.co.kr/position/6381,"• 명절에는 넉넉히 떡값을 드려요.
• 연말에는 성과금을 드려요.
• 상반기, 하반기 깜짝 선물도 기다리고 있어요.
• 간식과 커피는 안끊기게 준비되어 있어요.
• 생일자는 일찍 들어가세요.
• 퇴근 후 1시간만 공부해도 저녁식사를 제공해요.
• 눈치 보지말고 연차 사용하세요.
• 듀얼은 기본! 고사양 맥북이 지원되요."
SGA솔루션즈,"마감일
상시",Android 개발자 채용,안드로이드 개발자,"• Android FIDO 서비스 유지보수 및 신규 개발
• Android NFC/ble 기반 모바일 출입증 서비스 유지보수 및 신규 개발
• 기타 Android 관련 개발 업무","• Kotlin 가능자
• NFC 개발 경험자
• SDK 개발 경험자(aar,jar)
• google play store 직접배포 가능자","경력
경력 2~10년","android os
android sdk
kotlin",https://www.jumpit.co.kr/position/14959,"• 하루 6.5 시간 근무 (09:30~17:00)
• 자유로운 연차사용
• 휴양시설 콘도 운영"
아프리카티비,"마감일
상시",[아프리카TV] Global 스트리밍 플랫폼 모바일 앱 개발 (Android),안드로이드 개발자,"• 관련 직무 경력 4년 이상 보유하신 분
• Java, Kotlin 기반 Android 개발 경험을 보유하신 분","• React Navtive 기반의 앱 개발 경험을 보유하신 분
• 원활한 커뮤니케이션이 가능하신 분
• 다국어 서비스를 개발한 경험이 있으신 분
• 영어 커뮤니케이션이 가능하신 분","경력
경력 4~10년","Android OS
Java
Kotlin
React Native",https://www.jumpit.co.kr/position/17176,"• 더 크게 누려요
복지포인트, 명절포인트, 사내대여금, 성과급, 장기근속상, 자기계발 지원, 출퇴근 지원, 동호회

• 건강하고 즐겁게 일해요
주 35시간, 재택근무, 닉네임 소통, e-townhall meeting, 리프레쉬 휴가, 건강검진, 단체상해보험, 마음토닥 프로그램, 카페테리아, 휴양시설 지원, 전사행사, SEED 제도

• 가족을 응원해요
가족친화 경영, 경조사 지원, 부모님 생신선물, 본인생일축하

• 나누면 행복해요
1% 나눔운동, 사회공헌 콘텐츠"
로그싱크,"마감일
상시",React-Native 앱 개발자 (3년이상),안드로이드 개발자,"• ReactNative 개발 경력 3년 이상 또는 그에 준하는 역량
• Android 또는 iOS 개발 경험","• 하이브리드 앱 개발 및 배포 경험
• TypeScript를 활용한 개발 경험
• Figma, Zeplin을 통한 협업 경험
• Firebase 연동 경험
• market에 app 등록 유경험자","경력
경력 3~6년","react native
typescript
figma
zeplin
firebase hosting
android os
ios",https://www.jumpit.co.kr/position/15536,"[근로 처우 조건 ] 
입사하게 되신다면 직전 연봉의 10~20% 범위 내의 상향 협의 가능 합니다. 

""로그싱크는 일과 삶 모두를 응원 합니다. ""

1. Work 
일에만 집중! 최고의 업무 환경, 성장을 위한 지원을 아끼지 않습니다. 

• 완전 자율 복장 - 반바지 , 슬리퍼 완전 가능 :-) 
• 자유로운 8-10시 ,5-7시 시차 출퇴근 제도 
• 최고의 업무 환경! 업무에 필요한 장비 노트북 지원비 , 듀얼 모니터 제공
• 눈치 보지 마세요~ 자유로운 연차, 반 차 사용 가능 
• 연차가 어쩔 수없이 남았다면 미 사용 연차 수당 지급!! 
• 출산휴가, 배우자 출산휴가, 육아 휴직 ,난임 휴가 
• 자기 개발 교육 지원 (도서/강의) 
• 중소기업 취득자 소득세 감면 (각종 지원 제도) 
• 퇴직 연금 제도 운영

2. Life 
잘 쉬고, 잘 놀고, 자유로운 life 추구 하는 로그싱크

• 즐거운 명절을 위해 상품권 지급
• 직원들의 기쁨과, 슬픔을 같이 나누겠습니다. 경조 휴가제 및 경조금 지원
• 건강한 삶을 추구하는 건강한 스낵바 및 다양하고 맛있는 간식 상시 무제한 지원
• 아프지 마세요. 응급함 상자 상시 대기, 상비약 지원 
• 정기적인 건강 검진 운영 

3. Culture 
로그싱크의 복지제도와 문화 프로그램은 앞으로도 다양하게 연구 및 기획하고 있습니다 :-) 

• 매주 금요일 슬로우 런치 진행(90분) , 맛집 투어 및 즐거운 소통의 시간 
• 매월 마지막 째 주 금요일, 어디든 놀러 가세요! 가족의 날 3시 퇴근!! 
• 1년에 단 한번 뿐인 생일을 즐겁게 보내라고 유급 휴가 1일
• 빌런 없는 근무 환경 , 선한 영향력을 지닌 동료들과 함께 합니다.

[업무 Tool]
• hiworks 그룹웨어로 동료들과 커뮤니케이션 및 업무 Tool로 사용 합니다.
• MS오피스 사용"
아이나비시스템즈,"마감일
상시",차량 인포테인먼트 Qt SW 개발 경력자 채용,안드로이드 개발자,"• Qt/QML
• Linux 기반 SW 개발 경험자","• 자동차 Embedded System 개발 경험 및 상용화 프로젝트 경험이 있는 분
• Android, Linux Platform 이해도가 높은 분
• 자동차사와 긴밀한 소통 및 개발 관리 경험이 있는 분
• 차량 인포시스템(IVI)에 관심 및 이해도가 있는 분","경력
경력 3~15년","Android OS
Linux
Kotlin
Java
Qt
REST API
C
C++",https://www.jumpit.co.kr/position/12823,"• 격주4.5일제, 시차출퇴근제, 자유로운 연(반)차사용, 쾌적한 업무환경, 카페테리아, 스낵바
• 워크샵, 콘도/리조트 이용, 상조회 운영, 점심식사 페이코 포인트 제공, 저녁식사 제공, 야간 택시비 지원
• 스톡옵션, 직무발명보상제도, 인센티브 제도
• 장기 근속 포상 및 리프레시 휴가, 경조 휴가, (남녀)출산휴가, 육아휴직, 창립일 휴무, 근로자의 날 휴무
• 세미나 참가비, 도서구입비 지원, 개발 소모품 지원
• 기념일 선물, 명절 선물, 계열사 제품 할인, 웰컴키트 제공
• 4대보험, 건강검진, 자유복장, 퇴직금, 퇴직연금, 회의실, 휴게실"
피유엠피,"마감일
상시",[씽씽] 안드로이드 개발자(3년이상),안드로이드 개발자,"• Android 개발 3년 이상
• Kotlin 개발 경험 2년 이상
• 단순 코드 작성이 아닌, 문제 해결력
• 협업 경험이 있고, 유관부서 및 동료와 커뮤니케이션이 원할하신분","• Clean Architecture 개발 경험
• 앱 출시 경험
• Computer science 기본 지식(algorithm, data structure, 운영체제, 네트워크 등)
• 최신 기술 자료 수집과 학습을 주도적으로 하시는 분
• 꼼꼼함, 성실함, 책임감","경력
경력 3~10년","kotlin
java
android os",https://www.jumpit.co.kr/position/15205,"• 씽씽 직원 전용 패스 제공
• 유연근무제 활용
• 보조배터리 무료 대여
• 최고 사양의 업무용 PC/노트북 제공
• 도서, 교육비 지원
• 아이스 브레이킹을 위한 다양한 사내 행사
• 경조 휴가 및 경조사비 제공
• 피로회복을 위한 최고급 안마의자
• 다양한 간식과 음료
• 임직원 대상 건강검진 지원
• 제주항공, 아시아나항공 할인 서비스
• 자유로운 연차 사용"
EVAR,"마감일
상시",전기차 충전용 Application 개발자 채용,안드로이드 개발자,"• Android 앱 개발 5년 이상 경력
• Java/Kotlin 언어 사용 경험
• 디자인 패턴을 사용한 개발 경험
• 과제 리더 경험","• Android 풀스택 개발자
• 전기차 충전기 관련 하드웨어 지식 보유자
• 상용 서비스를 개발에서 양산까지 경험해 본 분","경력
경력 5~20년","Java
Kotlin
Android OS",https://www.jumpit.co.kr/position/16920,"• 주5일 / 자율출퇴근제
• 점심/저녁 식사 제공은 물론, 간식 무제한
• 특별한 당신을 위한 생일 반차!
• 제주도 여행 시 제주도 직원 사택 사용 가능
• 자기개발을 위한 도서 구매 지원
• 체력단련을 위한 헬스비 지원
• 임직원 건강을 위한 종합검진 지원"
롯데헬스케어,"마감일
상시",안드로이드 개발자,안드로이드 개발자,"• 안드로이드 개발 경력 2년 이상 또는 그에 준하는 역량을 보유하신 분
• Kotlin 언어에 대해 30분 이상 설명을 할 수 있으신 분
• 자신이 사용한 기술과 라이브러리, 프레임워크의 동작 원리에 관심을 가지는 분
• 설계/코드 리뷰 등에서 열띤 논쟁 중에도 자신 보다 상대방의 관점이 더 현실적이고 적합할 때 기꺼이 수긍할 수 있는 분
• 서비스와 사용자 중심의 관점과 유연한 커뮤니케이션 역량을 보유하신 분","• 주도적으로 문제를 해결하고 개선하고자 하는 의지를 가진 분
• e커머스 관련 서비스를 개발해 본 또는 준하는 경험을 하신 분
• 단순하게 반복되는 업무로 고생하는 나와 동료를 위해 누가 요청하지 않았어도 프로세스 개선을 제안하거나, 자동화 솔루션을 개발해보신 분
• 헬스케어 도메인에서 무언가를 이뤄보고 싶으신 분","경력
경력 2~10년","Kotlin
Android OS",https://www.jumpit.co.kr/position/14569,"• 최고급 오피스 환경 제공 (롯데월드타워 오피스 근무)
• 자율적이고 수평적인 조직문화 (통합 직책)
• 기존 롯데그룹 제도와 독립된 별개의 직급/보상체계 운영 (리텐션 보너스, Stock Option 등)
• 자율근무제, 자율복장, 재택/원격근무 운영
• 식사 무제한 제공 (3식)
• 웰컴기프트, 헬스케어 비용 지원(각종 운동, 건강검진 등), 어학교육비 지원 등 다양한 복지 혜택
• 복지포인트 지급(선택적 복지제도), 단체상해보험 지원
• 경조금, 경조휴가, 상조회, 자녀학자금, 실버케어 간병비 지원
• 리프레시휴가제, 자녀입학돌봄휴가, 장기근속휴가 지원
• 임직원 W카드 할인제공 (백화점, 마트, 시네마 등)"
마이너,"마감일
상시",[MiNER] 안드로이드 개발자,안드로이드 개발자,"• Java 및 Kotlin 언어를 이용한 경험이 있으신 분
• REST 및 REST API에 대한 이해도가 있으신 분
• Coroutine 및 DataBinding 사용 가능하신 분
• MVVM 디자인 패턴 경험이 있으신 분
• 디바이스 최적화 및 섬세한 UI/UX에 대하여 끊임없이 집착하시는 분","• Koin 및 Dagger Hilt 관련 DI 구조를 이해하신 분
• 갤러리 및 Glide 라이브러리 관련 개발 경험이 있으신 분
• 완벽한 UI/UX를 고집하시는 분
• Room 및 SQLite 관련 내부 DB 사용 경험이 있으신 분
• CS(Computer Science)에 대한 이해도가 있으신 분
• 최신 트렌드 기술을 끊임없이 탐구하고, 코드 개선과 리뷰의 중요성을 아시는 분","경력
신입~5년","Android Studio
Kotlin
OkHttp
AI/인공지능
Android OS
GitHub
Java",https://www.jumpit.co.kr/position/2823,"• 회사 분위기가 젊고 부드럽습니다! 자율 복장에 ‘님’ 호칭은 당연하고, 전반적으로 자유롭고 밝게 일할 수 있는 환경을 갖추고 있습니다.
• 출퇴근 시간을 유연하게 조정할 수 있고, 휴가 일정도 미리 이야기만 하면 자유롭게 사용할 수 있습니다 :)
• 스낵바를 갖추고 항상 먹을 것, 마실 것을 채워놓고 있으며, 원하시는 간식이 있으시면 요청하시는 대로 구비해 드립니다!
• 저녁에 사무실에 계시면 밥 사 드립니다! 한번씩 점심이랑 커피도 쏜다는 사실 ^_^
• 호캉스, 관극, 쇼핑, 헬스, 게임 등 다양한 옵션 중에서 원하는 복지 플랜을 선택할 수 있습니다🎉 (하반기부터 적용 예정)
• 32인치 모니터-키보드-마우스를 기본으로 구비해 드리고, 기타 사무실에서 필요한 장비 및 용품을 추가 지원합니다.
• 자기계발을 위한 도서 및 강의를 지원해 드리고, 외부 행사 참여 기회 또한 제공하면서 여러 방면으로 팀원의 성장과 편의를 위해 최선을 다하고 있습니다!
• 소소하게 Welcome Kit 제공됩니다 :D (약 6만원 상당, 명함, 명패, 노트와 볼펜, 머그컵, 캘린더, 스티커 등)
• 자신의 아이디어를 구현해 내고 싶으신 분들은 다른 팀원들의 역량과 회사의 리소스를 마음껏 활용하실 수 있습니다 :D

MiNER는 ‘데이터를 통해 유저의 삶을 변화시키는 서비스를 제공한다’는 미션 아래, ‘버려지는 데이터로부터 가치를 재창출한다’는 비전을 가지고 있습니다. 돌과 먼지 속 누구도 알아보지 못하는 원석을 캐고 단련해 빛나는 보석으로 만드는 광부처럼, MiNER는 수많은 데이터들 가운데서 가치를 발견하고 이를 서비스의 형태로 유저에게 돌려줄 것입니다.
MiNER는 20대 초중반의 젊고 열정 넘치는 팀원들이 함께 성장해 나가고 있습니다. 잠재력 있는 초기 스타트업 합류에 관심이 있으시거나, 빠른 기획-개발 사이클에서 함께 성장하시고 싶은 분들의 많은 관심과 지원 부탁드립니다. 개발 외의 업무로 MiNER와 함께하시고 싶은 분들도 얼마든지 지원 가능하신 점 참고해 주세요! 추가로 궁금하신 점은 010-9429-3187로 남겨 주시면 감사하겠습니다."
디지타이드,"마감일
상시",안드로이드 개발자 정규직 신입 채용,안드로이드 개발자,"• computer science 관련 전공 또는 부전공자 (정보처리기사 등 자격증 보유)
• 안드로이드 등 app UI 개발 가능자
• 엡개발관련 개인 포트폴리오 제출
• 병역 필또는 면제자",-,"경력
신입","Android OS
HTML5",https://www.jumpit.co.kr/position/4662,"• 체력단련비 지급
• 생일, 경조사, 결혼기념일 축하금 지급
• 근무 1년 경과이후, 업무 기여도 평가에 따라 성과급 지급"
빗썸코리아,"마감일
상시",[빗썸] Android APP 개발자(3년 이상),안드로이드 개발자,"• 3년 이상의 안드로이드 네이티브 개발 경력을 보유하신 분
• Kotlin과 Java를 능숙하게 사용하실 수 있으신 분
• 안드로이드 UI/UX 가이드라인에 대한 깊은 이해도를 보유하신 분
• MVP, MVVM 디자인 패턴 적용 경험과 DI 라이브러리 (Dagger Hilt, Koin) 활용 능력을 보유하신 분
• Android Jetpack 라이브러리 (ViewModel, LiveData, Room, Navigation Component, Paging, DataBinding 등)를 사용 가능하신 분
• 오픈소스 라이브러리 (Retrofit, Glide, Lottie 등) 사용 경험이 있으신 분
• HTTP/HTTPS 네트워크 통신과 RESTful API에 대한 기본지식을 보유하시고 활용 가능하신 분","• 앱 서비스의 설계, 개발 및 운영 전 과정에 대한 경험을 보유하신 분
• Web Socket을 활용한 네트워크 통신 경험을 보유하신 분
• Reactive 프로그래밍 및 코루틴 적용 경험을 보유하신 분
• CI/CD 체계에 대한 이해와 실무 경험을 보유하신 분
• 오픈 소스 라이브러리 커스터마이징 경험을 보유하신 분 
• 안드로이드 최신 기술 트렌드에 대한 지식을 보유하신 분 
• 다양한 플랫폼과 기술에 대한 호기심이 많은 스타일이신 분
• 적극적인 코드 리뷰 참여 성향을 보유하신 분","경력
경력 3~10년","Android OS
Java
Kotlin
REST API
WebSocket
ReactiveX",https://www.jumpit.co.kr/position/16505,"[업무에 몰입할 수 있는 환경을 조성합니다.]
• 비포괄임금제 | 일한만큼 받습니다. 초과근무 시 1분단위 수당으로 보상합니다.
• 선택적 근로시간제 | 출퇴근시간을 본인이 선택하여 복잡한 출퇴근길을 피할 수 있습니다.
• 복지포인트 연간 840만원 지급 | 항목에 상관없이 자유롭게 사용 가능한 복지포인트를 연간 840만원 지원합니다.
• 출퇴근 교통비 지원 | 야간/휴일근무 시 카카오T 비즈니스를 이용하여 편하게 출퇴근합니다.

[구성원의 편리한 생활을 지원합니다.]
• 삼시세끼 제공
　- 조식 : 샌드위치, 샐러드 등 간단하고 건강한 메뉴들이 매일 다양하게 준비되어있습니다.
　- 중식 : 비싼 강남 물가에 맞게! 연봉에 포함되지 않는 식대를 월 22만원 지급합니다.
　- 석식 : 퇴근이 늦어질 경우, 저녁식사비로 식권대장 포인트 12,000원 지급합니다.
　- 휴일 : 휴일 근무 시에는 점심/저녁식사비로 식권대장 포인트를 끼니당 18,000원씩 지급합니다.
• 간식·음료 무제한 스낵부스 운영 | 과자류, 간편식 뿐만 아니라 유산균이나 홍삼같은 건강식품까지 제공합니다.
• 장부식당 운영 | 빗썸 직원들과의 저녁모임 시, 고기·호프·치킨집 등 제휴된 식당을 자유롭게 이용할 수 있습니다.
• 주택자금대출 | 주택 매매/임차 시 최대 5년간 1억원까지 무이자로 지원합니다.
• 자녀학자금 | 유치원·어린이집 240만원, 초/중/고등학교 180만원, 대학교 1,000만원까지 연 단위로 지원합니다.
• 기념일 선물 | 명절·연말·생일·어버이날에는 한우, 카네이션, 기프트카드 등 다양한 선물을 나눕니다.

[구성원 개개인의 성장을 돕습니다.]
• 역량향상 교육 | 직무·역량개발을 위한 교육이라면 얼마든지 지원합니다.
• 외국어 교육 | 직원들의 외국어 능력 신장을 위해 외국어 교육을 지원합니다.
• 도서 구매 | 빗썸 직원이라면 업무에 필요한 도서를 무제한 구매할 수 있습니다.
• 사내 도서관 운영 | 매월 신간이 30권씩 입고되는 사내 도서관을 운영합니다. 

[본인과 가족들의 건강 걱정을 덜어드리고 퀄리티 높은 휴식을 보장합니다.]
• 건강검진 | 본인·배우자·자녀·부모님에게 프리미엄 건강검진을 제공합니다. 한방특화 검진도 가능합니다.
• 단체상해보험 | 임직원들의 병원비 부담을 덜어내는 단체상해보험 가입을 지원합니다.
• 사내 동호회 활동 지원 | 빗썸의 다양한 사내 동호회를 인당 2개까지 가입할 수 있습니다.
• 리조트·콘도 지원 | 아난티·소노인터내셔널 등 국내 유명 휴양콘도 숙박을 지원합니다."
42dot,"마감일
상시",Android Framework(SDK) Engineer,안드로이드 개발자,"• 3년 이상의 개발 경험 보유
• Kotlin 개발 경험
• AAC에 대한 이해
• MVVM 아키텍트 모델에 대한 이해
• Jetpack 기반 기술스텍을 다양하게 써본 경험
• Android framework, android application 개발 경험
• Android SDK 에 대한 이해","• Jetpack Compose (함수형 UI) 사용경험
• 내비게이션 S/W 및 위치기반 서비스 개발 경험
• Android SDK 개발 및 이를 이용한 상용서비스 출시 경험
• Android 또는 다른 operating system의 system 설계/개발 경험
• Google Filament 3D 사용경험","경력
경력 3~15년","kotlin
java
git
jira
android sdk",https://www.jumpit.co.kr/position/15564,"• 근무제도: 유연근무제를 통해 임직원이 효율적으로 근무시간을 활용할 수 있도록 지원합니다.
• 단체 상해보험: 본인 및 배우자, 직계가족의 상해보험 가입을 지원합니다.
• 경조사 지원: 본인 및 가족의 경조사 발생 시 지원합니다.
• 명절선물: 설/추석 명절에 각 300,000원의 명절선물을 지급합니다.
• 건강검진: 임직원의 건강검진을 매년 지원합니다.
• 저금리 대출지원: 회사와 협약을 맺은 시중은행을 통해 저금리 대출을 지원합니다.
• 복지카드: 연간 3,000,000원을 지급하며 자기계발, 문화/여가 활동 등의 목적으로 사용 가능합니다. (중도 입사 시 당해 년도 재직일수 기준으로 일할 계산 후 부여) 
• 휴양시설: 별도의 직원 전용 프라이빗 휴양시설(아난티 리조트)을 이용하실 수 있도록 지원합니다."
알스퀘어,"마감일
2023-07-31",[알스퀘어] 안드로이드 개발 경력직 모집,안드로이드 개발자,"• Kotlin 기반 Android 어플리케이션 개발 3년 이상
• AAC, Kotlin Coroutine 에 대한 이해 및 서비스에 적용 경험","• 복잡한 UI를 매끄럽게 동작 시키기 위한 성능 최적화 및 구조 개선 경험
• Unit/UI Test 코드 작성을 통한 품질 안정화 경험
• AAC, Jetpack, MVVM, DI, Clean Architecture 등에 대한 이해와 경험
• 최신 개발 트렌드에 적극적","경력
경력 3~8년","Kotlin
Android OS
SW",https://www.jumpit.co.kr/position/4101,"“RSQUARE는 매년 다양한 인사제도, 복리후생을 업데이트 하고 있습니다.”

[인사제도]
• 개인과 회사성과를 고려한 다양한 인센티브 제도 운영
• 성과와 역량에 따른 파격적 승진과 보임
• 유연한 근무제도 운영 (유연근무, 재택근무 등)


[복리후생]
1) 리프레시
• 매년 12/25 ~ 다음 해 1/1 휴가 제공
• 생일 반차 (생일 월 반차 제공)
• 패밀리데이 (매월 마지막 주 금요일 4시간 근무)
• 프로젝트 휴가
• 장기근속 휴가
• 전사 해외 워크샵

2) 조직과 개인 지원
• 교육비 (IT부문대상, 교육비 및 도서비 지원)
• 조직문화 활성화 비용
• 명절 상품권 (설, 추석 각 10만원)
• 회식비 지원 (1인당 월 5만원)

3) 근무지원
• 점심 식대 (월 20만원)
• 야근 식대 (일 13,000원)
• 교통비 지원 (11시 이후 야근 시 전액지원)
• 쾌적한 근무환경"
아이나비시스템즈,"마감일
상시",안드로이드 앱 모듈 개발자,안드로이드 개발자,"• Android 플랫폼에 대한 이해
• 신입의 경우 
 - Android 앱 개발 능력 (코딩 테스트 진행)
• 경력의 경우 
 - Android 앱 개발 경력 3년 이상","• 내비게이션 S/W 개발 경험 우대
• 위치기반 서비스 개발 경험 우대
• 네트워크 통신 개발 경험 우대
• NDK(JNI) C/C++ 개발 경험 우대","경력
신입~10년","C
C++
Java
Android OS
SW",https://www.jumpit.co.kr/position/8188,"• 격주4.5일제, 시차출퇴근제, 자유로운 연(반)차사용, 쾌적한 업무환경, 카페테리아, 스낵바
• 워크샵, 콘도/리조트 이용, 상조회 운영, 점심식사 페이코 포인트 제공, 저녁식사 제공, 야간 택시비 지원
• 스톡옵션, 직무발명보상제도, 인센티브 제도
• 장기 근속 포상 및 리프레시 휴가, 경조 휴가, (남녀)출산휴가, 육아휴직, 창립일 휴무, 근로자의 날 휴무
• 세미나 참가비, 도서구입비 지원, 개발 소모품 지원
• 기념일 선물, 명절 선물, 계열사 제품 할인, 웰컴키트 제공
• 4대보험, 건강검진, 자유복장, 퇴직금, 퇴직연금, 회의실, 휴게실"
판도라티비,"마감일
상시",Mobile(Flutter) 개발자 채용 [KMPlayer],안드로이드 개발자,"• Android 또는 iOS App 개발 경력 3년 이상
• Restful API 연동 개발 경험이 있으신 분
• Flutter 기술 습득에 강한 욕구의 소유자
• 새로운 것에 도전하고 싶은 욕구가 강하신 분","• Flutter를 이미 습득하셨거나 개발 경험이 있으신 분
• 팀웍을 중시하시는 분
• 자부심과 책임강이 강하신 분","경력
경력 3~7년","iOS
Android OS
REST API
Flutter
Java
Swift",https://www.jumpit.co.kr/position/16637,"• 조식 지원: 아침은 왕처럼 먹으라는 말이 있다죠!
• 석식 지원: 야근을 하신다면 저녁은 드시고 하셔야죠!
• 통신비 지원: 매월 나가는 통신비에 보태세요!
• 종합건강검진 지원: 직원의 건강이 회사의 미래입니다. (대상자에 한함)
• 여름휴가비 지원: 기다리던 여름휴가! 더 즐겁고 알차게 보내세요!
• Early Bird 제도: 일찍 출근한 자! 일찍 퇴근하라! (월 1회 사용)
• 계절보급품 지급: 갑작스러운 비?, 추위? 우산과 핫팩이 준비되어있습니다!
• Family Day 제도: 매월 둘째 주 수요일은 5시 퇴근! 가족과 함께 의미있는 시간 보내세요! (대상자에 한함)
• 명절 (설, 추석) 선물: 고리타분한 햄세트, 참치세트 그만! 상품권으로 드립니다!
• 팀별 회식비 지원: 팀별로 자유롭게 회식을 즐기세요!
• 건물 내 각종 편의시설: 편의점, 구내식당, 카페, 풋살장까지! 세상에 이렇게 편할수가!
• 운동시설: 건물 내 피트니스센터&사우나 이용! 건강도 함께 챙기는 판도라人
• 사내 카페테리아: 커피와 간식은 마음껏 드세요!"
알체라,"마감일
상시",[경력] Android 개발자,안드로이드 개발자,"• 학력/전공 : 무관
• 경력 : Java 또는 Kotlin으로 Android 코딩 개발 경력 최소 5년 이상
• 자격 요건 :
　- Swift를 이용해 Native App을 개발하실 수 있는 분
　- 모바일 UI/UX에 대한 이해를 가지고 계신 분",• 타 부서와 원활하게 커뮤니케이션 하실 수 있는 분,"경력
경력 5~10년","Java
JavaScript
NativeScript
DeepLearning
Kotlin
Swift",https://www.jumpit.co.kr/position/17369,"[몰입할 수 있는 최고의 환경]
• 자유 복장과 자율 출퇴근제
• 직무에 맞는 최고급 업무 장비 및 소프트웨어 제공
• 전 직원 모션 데스크 기본 제공
• 업무에 집중할 수 있는 포커스 룸 
• 고급 커피 무제한 제공
• 야근 택시비 지원

[아낌없는 보상과 지원]
• 업계 최고 연봉
• 개인 역량에 따른 사이닝/리텐션 보너스 지급
• 내부 인재 추천 제도 운영 (포상금 최대 7백만 원)
• 각종 경조비 지원 (ex. 결혼 시 200만 원)
• 생일자 상품권 지급

[휴식과 에너지]
• Refresh 휴가 제도 운영 (1년 최대 5일 휴가 별도 지급)
• 3/6/10년 근속자 대상 휴가 지원금 지원
• 사무실 내 안마 의자
• 종합 건강 검진 지원 (배우자 포함)
• 휴양소 대명 리조트 운영
• 독감 예방 접종 지원

[함께 성장하는 알체라]
• 자기 개발비 지원
• 온/오프라인 교육 무제한 지원
• 직무 관련 도서 구입비 무제한 지원
• 본인 및 자녀 학자금 지원
• 팀별 회의비 지원"
스왈라비,"마감일
상시",안드로이드 개발자,안드로이드 개발자,"• 안드로이드 경력 2년 이상인 분
• Kotlin 개발 경험이 있는 분
• 안드로이드의 UI/UX 가이드라인에 대한 이해도가 높은 분
• 목표 지향적인 사고와 실행 능력이 뛰어난 분
• 서비스 품질과 안정성에 높은 책임감을 가지고 주도적이고 지속적으로 개선하는 분
• 다양한 직군의 사람들과의 원할한 커뮤니케이션이 가능한 분
• Data Structure / Algorithm의 이해가 있는 분","• 테스트 코드 작성 경험이 있으신 분 (TDD)
• 스토어 출시 경험이 있으신 분
• 컴퓨터공학 관련 학위 소지자","경력
경력 2~9년","Android OS
Kotlin
Java",https://www.jumpit.co.kr/position/9181,"• 강남역 3분 거리 사무실
• 최신형 PC, 듀얼 모니터, 노트북, 기타 사무용품 지원
• 업무 필요 소프트웨어, 기타 협업툴(Google workspace, Jira, Confluence, Slack) 지원
• 유연 출근제
　- 정해진 출근 시간 없이 오전 8시 ~10시 사이 편하게 출근합니다. 
• 편안한 근무 환경
　- 2호선/신분당선 강남역 3분 거리 공유오피스에 위치하여, 커피☕/음료/간식🥨이 상시 제공되고 있습니다. 
• 자유로운 휴가
　- 연차/반차 휴가는 언제든 자유롭게 사용하세요. 
• 성장 지원
　- 업무와 관련된 책, 스터디, 강의 등은 적극적으로 지원해 드립니다. 
• 기타
　- 청년 소득세 감면 등 다양한 정부지원 프로그램에도 참여하고 있으니 편하게 요청해 주세요."
프렌즈몬,"마감일
상시",앱 개발자 채용,안드로이드 개발자,"• 실무 경험 3년이상 경력자
• 컴퓨터 관련전공 및 유사 경험","• 스토어 등록 경험 유
• 코드 분석 및 알고리즘 제작을 즐기는 자
• 새로운 배움에 대해 거부가 없으신 분","경력
경력 3~10년","Android OS
Kotlin
REST API
Java",https://www.jumpit.co.kr/position/898,"• 자유로운 연차 사용 가능 (연차/반차/반반차)
• 탄력근무제 가능
• 카페테리아, 자유복장 
• 경조사 지원
• 인센티브제
• 특별 : 월 1회 패밀리데이 운영(마지막주 금요일 오후 휴가, 13시까지 근무"
티앤메타,"마감일
상시",안드로이드 개발자 (3년이상) 정규직 채용,안드로이드 개발자,"• 학력 무관
• 3년이상 안드로이드 네이티브 앱 개발 경험자
• Kotlin과 Java 언어에 능숙한 분
• 앱 빌드 및 배포 경험을 가지고 계신 분","• 사용자를 위한 UX를 고민하는 것이 즐거운 분
• MVVM, JetPack Component(AAC), Coroutines, Retrofit등을 활용한 개발 경험이 있는 분
• 최신 개발 동향에 관심이 많은 분
• 협업툴(jira / Confluence / git) 사용 경험자","경력
경력 3~20년","Android OS
Java
Kotlin",https://www.jumpit.co.kr/position/17424,"• 개인 장비 : 맥북 또는 희망 PC 지원, 듀얼 모니터
• 근무 형태 : 9시 ~ 6시 (코어타임근무 10시 ~ 3시)
• 자기 계발 : 장기근속자 refresh 휴가 및 휴가비 지원, 설&추석 명절 선물 지급, 숙박비 20만원한도 지원, 지인추천포상100만원, 업무관련 도서비 지원, 통신비 5만원 지원, 어학/체력단력(택1) 5만원 한도 지원
• 통근, 교통 : 출장 교통비지원, 야근식대 및 택시비 지원
• 식사, 간식 : 식권대장 포인트 지원
• 급여 제도 : 연차, 퇴직금, 4대보험
• 보험, 의료 : 종합 검진 제공, 경조사비"
피플리,"마감일
상시",[플랫폼사업부] AOS 개발자,안드로이드 개발자,• 3년 이상의 관련 분야 경력자,"• 상용중인 안드로이드 서비스 개발 경험
• Rxjava, Okhttp3, Retrofit 능숙자
• Rest api 연동경험자","경력
경력 3~10년","Java
Kotlin
Android Studio
Jira
Google Drive
Android OS
RxJava
OkHttp
REST API
Realm
React Navigation",https://www.jumpit.co.kr/position/6808,"• 매월 마지막 주 금요일은 패밀리데이로 10시~15시까지 근무하고 퇴근해요.
• 생일자에게는 회사가 엄선한 선물리스트 중 원하는 품목을 드립니다.
• 명절에는 마음이 따뜻해지는 선물이나 상품권이 지급됩니다.
• 든든하게 일할 수 있도록 항상 간식이 구비되어 있습니다.
• 업무능력 향상을 위한 교육비 및 도서구입비를 지원합니다.
• 장기근속자에게는 포상이 있습니다.
• 지인을 피플리에 소개하고 입사 후 3개월 근속 시 리워드를 드려요.
• 직무과정에서 특허 발생 시 발명리워드를 드립니다.
• 야근 시 별도 식비를 지원합니다.
• 신규입사자를 위한 소정의 웰컴키트를 제공합니다.
• 경조사 휴가 및 경조사비를 지원합니다.
• 그 외 다수의 혜택이 있고, 점진적으로 확대하는 중입니다."
스마투스코리아,"마감일
상시",모바일 App 개발자,안드로이드 개발자,"• 성별무관
• Andriod 개발 3년 이상, iOS 개발 3년 이상 (동시 개발 가능한 분의 경우도 Total 3년 이상)
• Java 개발 언어에 능숙하신분 (안드로이드 스튜디오와 Swift 사용 경험이 있으신 분, 안드로이드 스튜디오 사용경험 우선)
• Android와 iOS 최신 트렌드에 관심이 있고, 코드 개선과 리뷰에 적극적이신 분","• Java에 대한 이해 및 사용 경험이 있으신분
• BLE 연계 개발 경험이 있으신 분 (라이브러리 사용해서 코딩으로 앱 기능 구현은 완료되어 있음)
• REST-API 로 백엔드 연계 경험이 있으신분
• 재플린 디자인 툴을 사용하여 연계 경험이 있으신분","경력
경력 3~6년","Java
Android Studio
Swift
Android OS
iOS",https://www.jumpit.co.kr/position/15992,-
웰트,"마감일
상시",Android SDK Developer,안드로이드 개발자,"• 개발 경력 5년 이상
• Android 개발 경력 3년 이상
• Kotlin MVVM 아키텍처 패턴에 대한 이해 및 개발 경험기반 프로젝트 경험 및 이해도
• 기획/디자인/프론트/운영등 다양한 파트와 커뮤니케이션에 지장이 없으신 분
• RxKotlin 및 비동기 처리에 대한 경험 및 이해도
• 어떤 문제든 주도적으로 해결하려고 하는 의지가 있으신 분
• 같이 일하는 멤버를 배려하고 소통하며 개발을 진행할 수 있으신 분","• Android SDK 개발 경험자 우대
• Apple Healthkit, Google Fit 개발 경험자 우대
• BLE(Bluetooth Low Energy) 기반 프로젝트 경험 우대
• WebView 및 ExoPlayer등의 VideoPlayer를 활용한 개발 경험
• JUnit, Appium, Robolectric, Espresso등을 사용한 TDD 개발 경험
• Firebase 및 Play Console을 활용한 앱 업데이트 및 모니터링 경험
• Coroutine 및 기타 Jetpack Component에 관한 경험
• Open Source Library Custom 가능하신 분
• 프로젝트를 시작과 끝까지 개발 경험이 있으신 분
• iOS 개발 경험 있으신 분
• 1개 이상 언어를 통해 상용 프로그램 개발 경험이 있으신 분(모바일 무관)
• 다른 팀원과의 협업에 능하신 분
• 새로운 기술을 배우는 것을 즐기시는 분
• 더 나은 사용자 경험에 대한 고민을 해 보신 분(UI/UX 및 애니메이션)","경력
경력 5~10년","Kotlin
Java
Realm
Android Studio
Jira
Git
Bitbucket
Figma",https://www.jumpit.co.kr/position/16393,"• 4대보험
• 중식제공 / 커피, 간식
• 탄력적 근무제(기본 10시 출근, 자율퇴근)
• 자유로운 연차사용
• Expense cover (업무목적 교통, 미팅, 식사 등)
• 고사양 맥북 및 주변기기 제공"
토크나우,"마감일
상시",Android 개발자,안드로이드 개발자,"• 개발 경력 2년 이상
• JAVA/C++/C# 프로그래밍 경력
• 하이브리드 어플 개발 경험 있으신 분
• 스토어에 배포 경험 있으신 분","• Git 으로 버전관리 해보신 분
• 컴퓨터 관련 학과 졸업자
• IT 교육 수료자 우대","경력
경력 2~10년","Java
C++
C#
Kotlin
Git
Android OS",https://www.jumpit.co.kr/position/907,"• 지원금/보험 : 건강검진, 의료비지원(본인), 각종 경조사 지원
• 급여제도 : 인센티브제, 상여금, 장기근속자 포상, 우수사원포상, 퇴직금
• 선물 : 명절선물/귀향비
• 교육/생활 : 직무능력향상교육
• 근무 환경 : 휴게실, 회의실
• 조직문화 : 회식강요 안함, 야근강요 안함, 자유복장, 자유로운 연차사용, 사내연애 장려
• 출퇴근 : 주차장제공, 탄력근무제
• 리프레시 : Refresh 휴가"
예써,"마감일
상시",안드로이드 경력 개발자 채용 - 맛집 앱 예써,안드로이드 개발자,"• 안드로이드 앱 개발 경력자 (Kotlin 필수)
• HTTP 기반 서버 API 연동 경험자
• Git 등 형상 관리 도구 사용 경험자","• RxJava, Coroutine, AAC, MVVM, Clean Architecutre 경험자
• 새로운 기술 트랜드에 관심을 갖고 공유를 위해 적극적인 분","경력
경력 2~20년","AWS
Git
Kotlin
Android OS
Android SDK
Android Studio
RxJava",https://www.jumpit.co.kr/position/12080,"• 점심 식사 제공
• 간식 항시 구비
• 영문 호칭
• 칼퇴 문화
• 자기개발비 지원"
사이넷,"마감일
상시",[라이브스코어] 안드로이드 개발자 찾습니다.,안드로이드 개발자,"• java, kotlin, Android studio 
• AOS 개발 경력 3~7년
• 장기근무","• 애자일하게 논의하여 디벨롭 가능한 개발자
• 라이브스코어 서비스 진행 경험","경력
경력 3~7년","Java
Kotlin
Android Studio",https://www.jumpit.co.kr/position/11386,"• 주4일
• 공기청정 사무실(270평 규모 사무실 30여종의 실물이 피톤치드를 발생시켜 쾌적한 확경 조성)
• 수평적인 조직문화
• 낮잠 TIME(점심시간 이후 30분 낮잠 시간 가능)"
다이얼커뮤니케이션즈,"마감일
상시",Android APP 서비스 개발 및 운영자 채용 (재택근무가능),안드로이드 개발자,"• Android APP 개발 경력 3년 이상
• Java, Kotlin 언어 가능하신 분
• MVP, MVVM등의 디자인 패턴 구현 가능하신 분
• Git을 통한 소스 형상 관리 가능하신 분","• SIP 프로토콜 사용 경험자
• mVoip 애플리케이션 개발 경험자
• 협업 툴에 능숙하신 분 (Slack, Jira, Confluence)
• zeplin, figma 등의 툴을 통해 협업 가능하신 분
• 타 직무의 구성원과 원활한 커뮤니케이션 및 유연한 협업능력을 갖추신 분","경력
경력 3~10년","Java
Kotlin
Android OS
Git
Zeplin
Figma",https://www.jumpit.co.kr/position/16585,"• 지원금/보험 - 각종 경조사 지원
• 급여제도 - 퇴직연금, 퇴직금, 야근수당, 직책수당, 4대 보험
• 선물 - 명절선물/귀향비
• 교육/생활 - 직무능력향상교육, 자기계발비 지원
• 근무 환경 - 회의실, 공기청정기, 사무용품 지급, 최고 성능 컴퓨터
• 조직문화 - 회식강요 안함, 자유복장, 자유로운 연차사용, 칼퇴근 보장
• 출퇴근 - 주 52시간제 준수
• 리프레시 - 연차, 경조휴가제, 반차, 근로자의 날 휴무"
모니터랩,"마감일
상시",안드로이드 개발자 채용,안드로이드 개발자,"• JAVA, Kotlin을 이용하여 개발 가능하신 분
• 네트워크에 대한 이해
• 원할한 소통이 가능하신 분
• 리눅스 사용 가능하신 분","• Openvpn, Wireguard에 대한 경험
• 하이브리드 앱 개발 경험이 있으신 분
• 모바일 UI/UX에 대한 이해가 있는 분
• 동료와 함께 성장하는 것을 즐기는 분
• 1년이상 서비스 운영 경험 보유자
• 창의적인 생각과 추진력이 뛰어나신 분","경력
신입","Java
Kotlin
Android OS",https://www.jumpit.co.kr/position/14716,"[지원금/보험제도]
• 장기근속자(5년, 10년) 포상: 휴가비(300만원) 및 1개월 유급휴가 지원 등
• 각종 경조사(경조금/경조휴가) 지원
• 도서구입비/자격증 비용지원
• 건강검진센터를 통한 건강검진제도 운영

[급여제도]
• 퇴직연금제 운영
• 포상제도 운영 (분기별, 연간, 수시 우수사원 포상 및 포상금 지급)
• 경영성과급 제도 운영

[근무환경 및 기념품]
• 명절/생일 등 기념일 선물 지급
• 아침간식제공
• 육아휴직, 산전 후 휴가 등
• 연차/반차 사용
• 겨울 유니폼 지급"
베스텔라랩,"마감일
2023-07-31",[베스텔라랩] 안드로이드 개발자(서울/경기/대구),안드로이드 개발자,"• 개발 전공자(소프트웨어, 컴퓨터공학 등)
• Android 플랫폼에 대한 이해 및 상용 서비스 개발 경험
• Java, Kotlin과 JVM 개발환경 경험
• CS 기본 지식들(알고리즘, 자료구조, 메모리 모델, 운영체제 등)에 대한 이해","• 슬랙(Slack), 노션(Notion), 지라(Jira), 피그마(Figma) 사용 경험이 있으신 분
• MVVM, clean architecture, 반응형 프로그래밍에 대한 이해
• 위치 정보와 지도를 활용한 상용 서비스 경험
• 실시간 네트워크 및 스트리밍 서비스에 대한 경험
• 영상 관련 라이브러리 활용 개발 경험
• 비콘, BLE, Wi-Fi 기반 디바이스 연동 경험","경력
신입~10년","AWS
GitHub
Git
Swift
Kotlin
Java
Android OS",https://www.jumpit.co.kr/position/5246,"• 커피와 스낵 무한 제공 !
• 도서 지원 !
• 개인 컴퓨터, 모니터 제공 !
• 근무지(서울/경기/대구) 선택 가능
　- 경기도 안양시 동안구 엘에스로116번길 118 안양2차 SKV1 926호
　- 경기도 성남시 분당구 판교로289번길 20, 스타트업캠퍼스 2동 5층
　- 서울특별시 마포구 백범로31길 21, 5층 530호(공덕동, 서울창업허브)
　- 대구광역시 동구 동대구로 465, 대구스케일업허브"
에브리치,"마감일
상시","클라이언트개발(aos,ios)",안드로이드 개발자,"• Kotlin/Swift 네이티브 앱개발
• 커스텀 컨트롤 개발
• 결제모듈연동
• UI/UX에 대한 이해","• UI/UX에 대한 이해
• 앱서비스 개발경험 다수
• 골프를 치는 개발자 우대","경력
경력 3~10년","Kotlin
Swift
Android OS
iOS",https://www.jumpit.co.kr/position/5608,"• 최신(맥북프로, WQHD급 모니터) 개발장비제공
• 연 2~5회 필드라운딩
• 사옥 지하 골프스튜디오 연습장이용
• 4층 휴게실 플스방, 노래방이용
• 간식코너 이용"
42dot,"마감일
상시",Senior Android Framework Engineer (Navigation),안드로이드 개발자,"• SW 개발 경력 10년 이상, Android 개발 경력 5년 이상
• Android 프레임워크에 대한 이해와 Java, Kotlin 등 숙련된 프로그래밍 역량
• MVVM , MVP 등의 어플리케이션 디자인 적용에 대한 경험이 있으신 분
• 새로운 개발 언어, 기술, 플랫폼에 대한 오픈 마인드를 가지신 분","• GIS, LBS, Mobility 분야 웹/앱 서비스 개발 경험
• 내비게이션 관련 도메인 경험 3년 이상
• 자동차 기반 어플리케이션 개발 관련 경험 2년 이상
• 스스로 새로운 문제를 찾고 이를 해결하는 것을 즐기는 분
• 기존 방식의 틀을 깨고 새로운 방식을 제안할 수 있는 분","경력
경력 10~20년","android os
android sdk
sw",https://www.jumpit.co.kr/position/15576,"• 근무제도: 유연근무제를 통해 임직원이 효율적으로 근무시간을 활용할 수 있도록 지원합니다.
• 단체 상해보험: 본인 및 배우자, 직계가족의 상해보험 가입을 지원합니다.
• 경조사 지원: 본인 및 가족의 경조사 발생 시 지원합니다.
• 명절선물: 설/추석 명절에 각 300,000원의 명절선물을 지급합니다.
• 건강검진: 임직원의 건강검진을 매년 지원합니다.
• 저금리 대출지원: 회사와 협약을 맺은 시중은행을 통해 저금리 대출을 지원합니다.
• 복지카드: 연간 3,000,000원을 지급하며 자기계발, 문화/여가 활동 등의 목적으로 사용 가능합니다. (중도 입사 시 당해 년도 재직일수 기준으로 일할 계산 후 부여) 
• 휴양시설: 별도의 직원 전용 프라이빗 휴양시설(아난티 리조트)을 이용하실 수 있도록 지원합니다."
팬마음,"마감일
상시",안드로이드 개발자 경력 모집,안드로이드 개발자,"• 2년 이상 서비스 운영/개발 경험이 있거나 이와 준하는 경험이 있으신 분
• Kotlin 숙련자
• MVVM 패턴 경험자
• 협업 도구에 익숙하고 팀워크가 좋으신분

[개발환경]
• 사용 언어: Kotlin(주), Java(부)
• 업무도구: Git, jira, confluence, zeplin, postman, slack, jenkins 등 사용중","• Glide 라이브러리 사용 경험
• DI 개념에 대해 인지하고 계신분
• LiveData 개념에 대해 인지하고 계신분
• 데이터 바인딩 사용 경험
• 잠금화면(첫화면) 서비스 개발 경력","경력
경력 2~5년","Java
Kotlin
Android OS
Git
Jira
Zeplin
Confluence
Postman",https://www.jumpit.co.kr/position/2784,"• 근무 장소: 서울시 강남구 4번 출구 3분 거리
• 업무 관련 도서 구입 지원
• Macbook Pro + 27인치 모니터 지원
• 유연근무제 
• 매달 마지막 금요일 오전 근무
• 본인/배우자/부모님 생일 4시 퇴근
• 결혼기념일 4시 퇴근"
엑스퍼트아이엔씨,"마감일
상시",안드로이드 및 iOS 기반 디바이스 애플리케이션 개발,안드로이드 개발자,• 관련 분야 5년 이상 경력,• 영어 능통자,"경력
경력 5~10년","Flutter
React Native
Android OS
iOS
java
kotlin
swift",https://www.jumpit.co.kr/position/14302,"• 성과금 지원
• 자율 근무제 (오전 10시 ~ 오후 7시 기준)
• 식비 지원
• 명절 지원
• 경조사 지원
• 장기근속자 포상"
라라스테이션,"마감일
2023-08-31",안드로이드 개발자,안드로이드 개발자,"• 3년 이상의 Android 개발 경력 혹은 그에 준하는 실력을 가지신 분
• Java, Kotlin 언어의 개발 경험을 가지신 분 
• 안드로이드 최신 Layout 설계에 익숙하신 분 
• OpenAPI, SDK 등 외부 라이브러리 연동 경험이 있으신 분","• 영어, 중국어, 일본어 중 최소 한 가지 언어의 비즈니스 소통 가능하신 분
• Google Play 배포부터 서비스, 업데이트까지의 풀 체인 경험을 가지신 분
• DevOps 및 CI/CD, 프레임워크에 대한 경험이 있으신 분
• AAC, MVVM에 대한 이해도가 높으신 분
• 리테일, 이커머스 산업에 대한 경험이 있으신 분
• Alibaba Cloud / AWS / Azure 등 퍼블릭 클라우드 경험이 있으신 분","경력
경력 3~10년","java
kotlin
android os",https://www.jumpit.co.kr/position/15171,• 사내 카페 무료 이용
엔포트버스,"마감일
상시",Android 안드로이드 개발자,안드로이드 개발자,"• 경력 : Android 앱 개발 2년 이상
• 개발경력만 경력으로 인정합니다. (개발경력 2년 미만자는 지원 불가)
• 신입 : 지원 불가
• 국적 무관(국내 거주 외국인 지원 가능)
* 참조: 병역특례 지원자의 경우 현역 TO는 없어 현역은 전직자만 가능하고 보충역은 신규 및 전직자 모두 가능합니다.",• Playstore 출시 경험자,"경력
경력 2~7년","Kotlin
Java
Git
Zeplin
NGINX
notion.so
Android OS",https://www.jumpit.co.kr/position/14863,"[연봉 인상]
• 업계 평균 연봉보다 10% 이상 높게 책정합니다.
• 발전되는 목표를 가지고 앞으로 나가야 할 더 큰 비전이 있습니다.
• 다양한 인재들이 있어야 그 목표를 달성할 수 있다고 생각하기에
• 아무리 급해도 우리와 맞지 않는 분들은 함께하지 않으려고 합니다.
• 하지만 현실적인 고민탓에 기회를 날리지는 않습니다.

[인센티브 지급]
• 2년마다 전직원에게 인센티브 지급합니다.
• 함께하는 직원들에게 회사이익을 함께 나눕니다.

[업무 장비 지원]
• 업무에 필요한 개인장비를 300만원 상당으로 원하시는 세팅으로 지원합니다.
• 앉아있는 시간이 많으니 의자가 중요하다 - 허먼밀러 등 원하시는 의자 가능
• 개발에는 애플이 좋다면 - 맥북프로 가능
• 감성보다는 스펙이 중요하다면 원하는 스펙으로 PC 세팅 가능
• 기계식 키보드, 고급 마우스 지원
• 그 외 어떤 것이든 업무에 도움이 된다면 OK!

[야근 없고, 불필요한 회식하지 않는 문화]
• 업무와 관련 없는 회식으로, 또 크런치 모드라고 하는 과도한 노동으로 우리의 내일을 해치는 문화를 지양합니다.

[식비 & 교통비 지원]
• 어쩔수 없이 야근을 하게될 경우, 저녁 식비 및 교통비도 지원합니다.

[사내추천제도 운영]
• 최고의 복지는 좋은 동료! 추천자뿐 아니라 피추천자에게도 구인추천금을 지급합니다. (최대 300만원)

[자유로운 휴가 사용]
• 열심히 일한 당신에게 자유를 드립니다. 장기근속자는 10일의 refresh 휴가와 선물을 지급합니다.
• 아직 무제한 연차는 아니지만, 부여된 연차보다는 많이 사용하도록 노력하고 있습니다.
• 사유 없는 자유로운 휴가 사용 및 함께 업무하는 동료와 미리 조율한 된다면 장기 휴가도 가능합니다.
• 눈치보지 말고 사용하세요. 연차에는 이유를 묻지 앖습니다.

• 매년 명절(설날, 추석) 전날 그리고 매해 마지막 근무일에는 모두 조기퇴근을 합니다.

[경조사비]
• 기쁨도 슬픔도 함께, 탄탄한 경조휴가와 경조금을 지원합니다.

[도서구입비 및 자기계발비 지원]"
아이엠파인,"마감일
상시",안드로이드 개발자,안드로이드 개발자,"• [필수제출요소] 공개 가능한 깃허브 계정과 레포지토리 혹은 본인의 개발블로그 또는 Notion URL
• Java 혹은 Kotlin을 능숙하게 다룰 수 있는 분
• Android SDK를 능숙히 다를수 있는분
• Android Studio 와 Gradle 및 외부 라이브러리 활용에 막힘이 없으신분
• 개발자로서 커뮤니케이션을 즐기는 분","• Java/Kotlin 이외에 다른 언어나 플랫폼 개발이 가능하신 분
• H.264(H.265) 인코딩, 디코딩, 스트리밍 개발에 능숙하신 분
• TCP, UDP 및 블루투스 등 네트워크개발에 능숙하신 분
• 동기화 및 비동기화에 대핸 이해가 깊은 분
• GUI 바인딩과 템플릿에 대한 이해가 깊은 분
• Git을 능숙하게 사용하는 분
• 외국어 능력","경력
경력 2~6년","Android OS
Android SDK
Android Studio
Kotlin
Java",https://www.jumpit.co.kr/position/7032,"• 모두가 즐겁게 일하는 문화를 만들어 나갑니다.
• 입사 1주년, 3주년, 5주년에 인센티브와 리프레쉬 휴가를 지급합니다.
• 생일이나 결혼기념일엔 조기 퇴근을하여 가족 혹은 지인들과 즐거움을 나눕니다.
• 결혼 및 출산시 인센티브와 휴가를 드립니다.
• 연 2회 FINE DAY 행사를 진행, 점심식사와 영화 관람등 문화행사를 즐깁니다.
• 연 1회 즐거운 플레이샵을 진행합니다.
• 직능과 관련있는 컨퍼런스 및 전시행사를 수시로 참석합니다.
• 점심시간은 11시30분부터 1시까지 넉넉히 드립니다.
• 그 밖에 기본적인 복지는 말 그대로 기본입니다."
썬더소프트코리아,"마감일
상시","Multimedia SW 개발(Camera, Audio, Android framework 등)",안드로이드 개발자,"• 경력 : 관련 경력 1년 이상
• Android Framework 및 Application 개발 경력자
• C, C++, JAVA 가능자",• 영상처리 전공자 우대,"경력
경력 1~19년","C
C++
Java
Python
Embedded
Android OS
Git",https://www.jumpit.co.kr/position/7517,"• 수평적 조직문화 추구 : 전사 사내 호칭] 영어닉네임
• 개발자 중심 조직문화 & 추구: 유연근무제 활용 등
• 성과급/인센티브제도 운영
• 종합건강검진(전문검진센터/매년)
• 명절 선물 지급
• 경조사 비/휴가/화환
• 연차휴가: 근로기준법 기준 +반차제도
 *연차가산일 4년차 이후 년1일 추가
• 대체휴가제 : 휴일근무 시 대체휴가 지급
• 식대 지원: 야근 및 휴일근무 / 교통비(철야) 지원
• 장기 외근 지원: 장기외근 지원카드 지급
• 청년내일채움공제 등 정부지원사업 혜택 적극지원 (+재직자’내일채움공제 지원 기회)
• 병역특례 대체복무 가능 : 산업기능요원(보충역,현역)
• 장애인, 보훈대상자 우대
• 듀얼모니터 지원, 회사 플래너, 사원증 지급
• 팀 회식비 지원
• 직책수당
• 통근버스 이용 가능"
러닝포인트,"마감일
상시",안드로이드 러닝 앱 개발자 채용,안드로이드 개발자,"• Android 개발 1년 이상
• Kotlin 언어에 익숙 하신 분
• 플레이스토어에 앱 출시 경험이 있으신 분
• Android 최신 트렌드에 관심이 있으시고, 코드 개선과 리뷰에 적극적이신 분","• 다양한 외부 라이브러리 사용 경험
• Git 버전관리 및 협업 문제없는 분
• Firebase(fcm) 이용 경험
• Android Jetpack 사용 경험
• 코루틴 사용 경험","경력
경력 1~10년","android os
kotlin",https://www.jumpit.co.kr/position/15600,"• 함께 일하는 구성원으로서 서로 존중하고 예의를 갖춥니다.
• 자유로운 분위기에서 직책과 상관없이 서로의 의견을 편하게 주고 받습니다.
• 정해진 업무 내에서 도움이 필요하다면 협업이 가능합니다. 어려움이 있을 때 서로를 찾을 수 있는 분위기입니다.
• 휴가사용에 눈치 없습니다. 잘 쉬는 것도 능력입니다."
고스트패스,"마감일
상시",안드로이드 개발 엔지니어 구인,안드로이드 개발자,• 4년제 이상 관련 대학 전공 이수자 또는 2년 이상 관련 개발 경력자,"• 보안관련 앱 개발 경험자
• SOAP Wed Service 연동 개발 경험자
• JAVA 및 Kotlin 동시 개발 가능자","경력
경력 2~10년","Android OS
Kotlin
Java
REST API",https://www.jumpit.co.kr/position/2438,"• 버추얼팀 구축 - 장소에 관계없이 소통
• 자유로운 휴가 사용
• 역할과 책임 (Roles & Responsibility) 중심 조직 - 수평조직"
WATA Inc.,"마감일
상시",WATA Inc Android 앱개발 직군 모집,안드로이드 개발자,"• Android 개발 실무 경험
• Android 플랫폼에 대한 이해도를 가지신 분
• Android 상용 서비스 개발 경험이 있는 분","• 공학계열 전공자
• 지도 기반 / 위치 정보 서비스 앱 제작 경험이 있는 분
• 앱 서비스를 오랜 기간 지속적으로 개선해보신 분
• MVC/MVP/MVVM 이해/적용 가능한 분
• 외부 라이브러리 /Framework 연동 경험이 있는 분(C++)
• 위치정보 서비스에 관심이 많은 분","경력
신입~3년","Java
Kotlin
Android OS
C++
Android SDK",https://www.jumpit.co.kr/position/9068,"• 탄력 근무제 실시(출근 : 8~10시 , 퇴근 5~7시)
• 중식 제공
• 생일 유급 휴가 제공
• 강요 없는 자유로운 회식
• 눈치 보지 않고 휴가/연차 사용
• 최신형 개발 장비 지급
• 자기개발비 지원(도서구입, 온라인 강의, 세미나 참석 등)
• 인재 추천 지원금
• 우리 사주 및 스톡옵션 제공
• 퇴직금, 장기 근속자 포상
• 경조사비 지급, 국책 연구과제 연수수당 지급, 특허 출원 수당 지급
• 원하는 직원에 한해 해외 법인 순환 근무 기회 제공"
플랫폼구사삼,"마감일
2023-07-17",[Platform943] 안드로이드앱 개발자,안드로이드 개발자,"• 안드로이드 개발 경력 3년 이상
• 문제를 정의하고 주도적으로 해결하는 능력이 있으신 분
• 다양한 부서와의 협업에서 원활한 커뮤니케이션이 가능하신 분","• 풀스택 개발자 
• 스타트업의 성공에 관심이 많으신 분","경력
경력 3~7년","Android OS
Kotlin
Java
React Native",https://www.jumpit.co.kr/position/17614,"• 급여제도: 퇴직연금, 장기근속자 포상, 4대 보험
• 선물: 생일자 조기퇴근
• 교육/생활: 워크샵, 신입사원교육(OJT), 도서구입비지원, 점심식사 제공"
피타소프트,"마감일
2023-07-31",SW팀 Android 개발자,안드로이드 개발자,"• 경력: 경력 3년↑
• Android 개발경력 3년이상 및 출시 경험이 있으신 분
• Java, Kotlin 등을 능숙하게 활용 가능한 분
• RESTful API 사용 경험이 있으신 분
• 코드 개선과 리뷰에 적극적이신 분
• 앱 빌드 및 배포 경험을 가지고 계신 분","• AWS 및 클라우드 서버와의 호환 개발 경험이 있으신 분
• Live Streaming(HLS, RTSP 등)에 대한 이해 및 개발 경험 있으신 분
• 오픈소스 분석이나 최신 기술 논문 등의 자료를 이해, 구현한 경험이 있는 분
• WebView기반의 Hybrid 앱 개발 경험이 있는 분
• Clean Architecture, MVVM, MVI, MVP 아키텍처 패턴에 대한 이해도가 있으신 분","경력
경력 3~10년","Android OS
Java
Kotlin
AWS",https://www.jumpit.co.kr/position/16975,"• 성과급 지급(연1회)
• 장기근속자 포상(3/6/9년차에 포상금 및 휴가 지급)
• 생일자 포상(기프티콘 지급)
• 건강검진비(20만원 상당)
• 통신비(부서별 3~5만원 한도까지)
• 도서/교육비(연100만원 한도내)
• 주차장 지원 
• 명절 상여금
• 간식서비스 등"
에스앤피랩,"마감일
상시",Android 개발자,안드로이드 개발자,"• 3년 이상 Android 개발 경험을 보유한 자기 주도적인 성향의 개발자
• 새로운 분야에 대한 학습을 두려워하지 않는 개발자
• 커뮤니케이션 및 협업에 능숙한 개발자
• Kotlin 언어에 능숙한 개발자
• Jetpack 라이브러리에 능숙한 개발자",-,"경력
경력 3~10년","Android OS
OpenAPI
Kotlin
GraphQL",https://www.jumpit.co.kr/position/16374,"• 입사 웰컴키트 증정
• 생일 기념 쿠폰 증정
• 어학 및 체력단련 지원
• 자유로운 연차 사용
• 자유로운 출퇴근 복장 
• 자기계발 위한 도서구입비 지원
• 업무관련 교육 지원
• 최신장비 지원
• 아침식사 제공
• 사내편의점 운영
• 수습기간 급여 100% 지원"
웰트,"마감일
상시",Android Developer,안드로이드 개발자,"• BLE(Bluetooth Low Energy) 기반 프로젝트 경험 1년 이상
• 앱 개발 경력 3년 이상 혹은 그에 준하는 실력을 갖추신 분
• Kotlin MVVM 아키텍처 패턴에 대한 이해 및 개발 경험기반 프로젝트 경험 및 이해도
• RxKotlin 및 비동기 처리에 대한 경험 및 이해도
• 어떤 문제든 주도적으로 해결하려고 하는 의지가 있으신 분
• 같이 일하는 멤버를 배려하고 소통하며 개발을 진행할 수 있으신 분

[개발환경]
• 사용 언어: Kotlin, Java
• 주 사용 라이브러리: RxAndroidBLE, Retrifit2, Realm
• 업무 도구: Android Studio, Jira, GIT(Bitbucket), Figma","• Firebase 및 Play Console을 활용한 앱 업데이트 및 모니터링 경험
• Coroutine 및 기타 Jetpack Component에 관한 경험
• 안드로이드 아키텍처 및 디자인패턴에 관한 관심 및 이해도
• Open Source Library Custom 가능하신 분
• 프로젝트를 시작과 끝까지 개발 경험이 있으신 분
• iOS 개발 경험 있으신 분
• 1개 이상 언어를 통해 상용 프로그램 개발 경험이 있으신 분(모바일 무관)
• 다른 팀원과의 협업에 능하신 분
• 새로운 기술을 배우는 것을 즐기시는 분
• 더 나은 사용자 경험에 대한 고민을 해 보신 분(UI/UX 및 애니메이션)","경력
경력 3~5년","Kotlin
Java
Realm
Android Studio
Jira
Git
Bitbucket
Figma",https://www.jumpit.co.kr/position/5506,"• 4대보험
• 중식제공 / 커피, 간식
• 탄력적 근무제(기본 10시 출근, 자율퇴근)
• 자유로운 연차사용
• Expense cover (업무목적 교통, 미팅, 식사 등)
• 고사양 맥북 및 주변기기 제공"
주은교육,"마감일
상시",Android 개발자,안드로이드 개발자,"[경력 3년 이상 / 연봉: 7000~8000 ]
• Android framework에 대한 이해력 보유자
• Kotlin 또는 Flutter 개발 경험
• 다양한 모바일 UI 및 인터렉션 개발 경험 보유자
• 해외 여행에 결격 사유가 없으신 분 (남성의 경우, 병역을 마치셨거나 또는 면제되신 분)","• 대규모 서비스 앱 개발 및 운영 경험자
• Map / Navigation 관련 앱 개발 경험 보유자
• MVP, MVVM 등 앱 디자인 패턴에 대한 이해력 보유자
• 앱 성능 최적화 및 테스트에 대한 경험 보유자
• 리듬 게임 개발 경험자, Android/iOS 동시 개발 경험 우대, Flutter 우대","경력
경력 3~10년","Kotlin
Android OS
Flutter
React Native",https://www.jumpit.co.kr/position/4760,"• 당 충전 ! 간식 무한 제공
• 커피 무제한 지원!
• 도서구입비
• 경조사 지원"
줌인터넷,"마감일
상시",[ZUM] Android 앱 개발자 (시니어),안드로이드 개발자,"[이런 역량을 갖춘 분을 찾습니다] 
• Android 플랫폼 및 모바일 개발 라이프 사이클 전체에 대한 높은 이해를 가지신 분
• Kotlin, Compose, Data Binding, Navigation, Coroutine, Flow, LiveData, Room, Hilt, Dagger2 에 대한 이해와 경험을 가지신 분
• Clean Architecture, MVVM, OOP, FP 에 대한 이해와 경험을 가지신 분","[이런 역량이 있으면 더욱 좋습니다]
• 개발과 문제 해결을 즐길 수 있는 개발 재능 보유자
• 새로운 기술에 대한 흥미가 높고 코드리뷰에 적극적이신 분
• 앱 출시 및 운영 경험이 있으신 분
• 증권사, 핀테크 등에서 주식 거래 경험이 있으신 분","경력
경력 5~15년","Android OS
Kotlin
OkHttp
REST API",https://www.jumpit.co.kr/position/17785,"[줌인터넷의 생활을 공개합니다]

[Work P+US : 업무에 온전히 몰입할 수 있도록]
• ""-님"" 호칭 문화
• 최신 업무 장비 제공
• 사내 무료 스낵바 운영
• 업무 서적 지원
• 저녁식사/택시비 지원
• 시차출퇴근제
• 건강검진 반차
• 수습종료 축하 선물
• 성과 보상 제공

[Life P+US : 오래 오래 함께할 수 있도록]
• 리프레시 휴가(3/5/10년 휴가+휴가비)
• 건강검진 및 단체보험
• 청년내일채움공제
• 제주캠퍼스 게스트룸
• 리조트/콘도 이용
• 아이웨어 쇼핑몰 라운즈(ROUNZ) 할인
• 경조사 지원 (회갑,칠순,팔순,부의 등)
• 출산선물
• 산후 근속 장려금
• 자녀수당
• 초등학교 입학 축하
• 자녀학교 알약 제공
• 명절 상품권 지급

[Growth P+US : 함께 성장할 수 있도록]
• 복지포인트 (선택적복지)
• 어학 교육비 지원
• 교육/세미나/컨퍼런스 지원
• 정규 교육 과정 학비 지원

앞으로 줌인터넷의 인사 및 복지제도는 계속해서 발전할 예정입니다."
미루시스템즈,"마감일
상시",Android 임베디드 SW 개발자,안드로이드 개발자,"• 학력 : 초대졸 이상 (2,3년)
• 경력 : 소프트웨어 개발 경력 9년 이하
• 성별 : 무관","• Android 임베디드 개발 경험이 있으신 분
• Android UI/UX 가이드라인에 대해 이해도가 높으신 분
• Git을 이용해 프로젝트 버전 형상 관리 경험이 있으신 분
• Android NDK를 사용한 Java / Native 간 인터페이스 개발 경험이 있으신 분","경력
경력 1~9년","Kotlin
Java
Git
Linux
Android OS
Embedded
SW",https://www.jumpit.co.kr/position/9447,"• 4대보험, 퇴직연금
• 자유복장, 자유로운 연차 사용
• 저녁식사 및 음료 제공
• 야근지양
• 도서 구입 비용, 체력 단련비, 통신비, 교육비 지원
• 근무시간 9:00 ~17:30"
웰트,"마감일
상시",Android Developer(전문연구요원),안드로이드 개발자,"• BLE(Bluetooth Low Energy) 기반 프로젝트 경험 1년 이상
• 앱 개발 경력 2년 이상 혹은 그에 준하는 실력을 갖추신 분
• Kotlin MVVM 아키텍처 패턴에 대한 이해 및 개발 경험기반 프로젝트 경험 및 이해도
• RxKotlin 및 비동기 처리에 대한 경험 및 이해도
• 어떤 문제든 주도적으로 해결하려고 하는 의지가 있으신 분
• 같이 일하는 멤버를 배려하고 소통하며 개발을 진행할 수 있으신 분
• 석사 학위 취득(예정)하신 분

[개발환경]
• 사용 언어: Kotlin, Java
• 주 사용 라이브러리: RxAndroidBLE, Retrifit2, Realm
• 업무 도구: Android Studio, Jira, GIT(Bitbucket), Figma","• Firebase 및 Play Console을 활용한 앱 업데이트 및 모니터링 경험
• Coroutine 및 기타 Jetpack Component에 관한 경험
• 안드로이드 아키텍처 및 디자인패턴에 관한 관심 및 이해도
• Open Source Library Custom 가능하신 분
• 프로젝트를 시작과 끝까지 개발 경험이 있으신 분
• iOS 개발 경험 있으신 분
• 1개 이상 언어를 통해 상용 프로그램 개발 경험이 있으신 분(모바일 무관)
• 다른 팀원과의 협업에 능하신 분
• 새로운 기술을 배우는 것을 즐기시는 분
• 더 나은 사용자 경험에 대한 고민을 해 보신 분(UI/UX 및 애니메이션)


[채용 프로세스 안내]

서류 전형 ▶ 1차 면접(직무 적합성) ▶ 2차 면접(조직 적합성) ▶ 3차 면접(최종 임원 면접) ▶ 처우 협의 & 입사일 조정

1. 직무 적합성 면접
 - 함께 하시게 된다면 소속될 팀의 부서장 혹은 팀원들과의 면접을 진행하며 보통의 경우 대면 면접으로 진행합니다.

2. 조직 적합성 면접
 - 소속될 팀 뿐만 아니라 함께 업무를 진행할 타 팀원들과의 커뮤니케이션을 중시하기에 2차 면접으로 팀 면접을 진행하며, 보통의 경우 비대면으로 진행합니다.

3. 최종 면접 & 처우 협의
 - 최종적으로 임원 면접을 진행하며 보통의 경우 대면으로 진행합니다. 이후 합격 여부에 따라 처우 협의 및 입사일 조정을 진행하게 됩니다.","경력
경력 2~8년","Kotlin
Java
Realm
Android Studio
Jira
Git
Bitbucket
Figma",https://www.jumpit.co.kr/position/7304,"• 4대보험
• 중식제공 / 커피, 간식
• 프리미엄 공유 오피스 (드림플러스 강남점)
• 탄력적 근무제(기본 10시 출근, 자율퇴근)
• 자유로운 연차사용
• Expense cover (업무목적 교통, 미팅, 식사 등)
• Equipment, Laptop etc"
하이로컬,"마감일
상시",소프트웨어 개발자(안드로이드 3년 이상),안드로이드 개발자,"• 3년 이상 안드로이드 전문 경력을 갖추신 분
• 안드로이드 개발, 유지보수가 능숙하게 가능하신 분
• 우대사항 : 영어 소통 가능","• 책임감있게 업무를 진행하시는 분
• 끊임 없이 새로운 분야를 배우고 자기계발을 지속하시는 분
• 더 나은 제품을 위해 연구하고 팀플레이어로써 일 하시는 분

## 하이로컬 개발 프로세스 및 사용 중인 기술스택
• Back: Nodejs(TypeScript), Mysql, AWS, WebSocket
• ETC: Github, Notion, Slack, Figma","경력
경력 3~10년","Android OS
Node.js
MySQL
AWS
WebSocket
GitHub
Notion
Slack
Figma",https://www.jumpit.co.kr/position/16685,"[선호하는 인재상]
• 책임감있게 업무를 진행하시는 분
• 끊임 없이 새로운 분야를 배우고 자기계발을 지속하시는 분
• 더 나은 제품을 위해 연구하고 팀플레이어로써 일 하시는 분

[하이로컬 개발 프로세스 및 사용 중인 기술스택]
• Back: Nodejs(TypeScript), Mysql, AWS, WebSocket
• ETC: Github, Notion, Slack, Figma

[업무방식]
• 일주일에 한 번씩 스프린트 월요일에 진행
• 매일 아침 15분간 Daily 스크럼 진행
• 팀원을 신뢰하고 업무를 분배
• 주인의식을 갖고 책임감 있게 업무 진행
• 모든 코드 반영은 Pull request를 통해 코드 리뷰 진행

[기업 문화]
1. 처우 및 보상
• 경력에 따라 개별 협의
• 성과에 따른 인센티브 및 스톡옵션 부여
• 매년 정기적인 연봉 협상 진행

2. 근무 형태 및 환경
• 10:00~17:00 Core Hour, 이외에는 자율 근무 (주 40시간 근무 기준)
• 자율 재택근무, 원하는 경우 사무실 이용 가능 (실제 한달살기하며 일하는 팀원도 있어요)
• 태릉입구역 5분 거리. 쉐어 오피스 24시간 사용가능

3. 휴가 및 복지
• 연차 휴가 15일 부여 (입사일에 따라 부여일수 상이, 근속년수에 따라 증가)
• 공휴일이 주말에 있을 시 대체 휴일 지급
• 휴일에 근무 시 (국내외 출장 등) 대체 휴가 부여

4. 자기계발
• 직무 관련 컨퍼런스 및 외부 교육 참여 지원**
• 성장을 위한 내부 컨퍼런스 수시 진행 (동료에게 배우기)

5. 기타
• 수평적 조직, 매일 아침 영어 스크럼 진행 (강제성은 없음)
• 꼭 참석해야 하는 회식 없음
• 청년내일채움공제 신청 가능 (조건 부합시)"
엠브레인,"마감일
상시",Mobile APP S/W 개발자,안드로이드 개발자,"• 경력 : 경력 5년 ~ 10년(선임연구원, 책임연구원, 수석연구원급)","• 전기/전자공학, 컴퓨터/시스템공학, 공학계열 우대
• 안드로이드 (Java, kotlin), iOS (Swift, Object-C)능숙자 우대","경력
경력 5~10년","Android OS
Java
Kotlin
iOS
Swift
Objective-C",https://www.jumpit.co.kr/position/11305,"• 직원 중심의 조직문화를 만들어 갑니다.
• 자유로운 복장 자유로운 연차사용 편안한 회사 생활을 위한 최선의 환경을 제공합니다.
• Conference Room, 카페테리아, 노트북, 사무용품 지급등 직원들의 자기개발을 존중합니다.
• 야근시 저녁식사 제공, 일정 기준 도달시 본인 교육비 전액지급 등의 복지를 제공합니다."
더이앤엠,"마감일
상시",기술개발부 모바일팀(AOS) 채용,안드로이드 개발자,"• 모바일 개발 경력 5년 이상
• 스트리밍 서비스 개발 경력 있으신 분(必)
• 상용 서비스 개발 및 운영 경험 보유
• RESTful API를 이용한 네트워크 개발 경험이 있으신 분
• 모바일 UI/UX 이해가 높으신 분
• 하이브리드 연동 경험이 있으신 분","• 영상/이펙트(OpenGL, GPUImage)분야의 지식 / 경험이 있으신 분
• WebRtc 개발경험 있으신 분
• 동영상 스트리밍 서비스 개발 유경험자","경력
경력 5~10년","Android OS
REST API
OpenGL",https://www.jumpit.co.kr/position/3964,"[복지 및 문화]
• 남들 일할 때 우리는 휴식
　- 주 4.5일, 주 35시간 근무
　- 금요일 오후 조기 퇴근
• 눈치 보지 말고 퇴근하자
　- 야근 없는 문화 추구(어쩌다 야근 시 교통비 지원)
• 밥은 먹고 일하자
　- 식사 대용 시리얼 및 우유 제공
　- 취향 존중! 점심 식대 지원
　- 어쩌다 야근 시 석식 지원
• 음료는 회사가 책임 진다
　- 사내 카페에서 다양한 음료 무제한 무상 제공
　- 카페테리아에 캡슐 커피와 차 및 탄산음료 항시 제공
• 열심히 일한 자 여 떠나라
　- 자유로운 연차 사용 및 사용 장려
　- REFRESH 휴가 및 휴가비 지원(연차 외 별도 부여)
• Level UP 지원
　- 자기개발비 지원
　- 부서활동비 및 팀별 워크샵 지원
　- 직원 휴게 공간 구비
• 자녀 및 본인 학자금 지원
 - 자녀 학자금 지원(미취학~대학교 까지)
 - 본인 대학교, 대학원 등 학자금 지원
• 기쁨은 함께 하면 두배
　- 생일자 상품권 지급 및 조기퇴근
　- 결혼기념일 케익 및 상품권 지급
　- 가족의 날 조기퇴근
　- 졸업자 축하선물 및 휴가 지원
　- 경조금 및 경조휴가 지원
　- 출산휴가 및 육아휴직 지원
　- 자녀 출산/첫돌 축하금 및 휴가 지원
• 장기근속, 우수가원,인재추천 포상
• 설,추석 명절 임직원 선물 지급
• 매출액 및 성과별 인센티브 지급
• 임직원 건강 지원"
플렉슬,"마감일
상시",안드로이드 모바일 개발자 모십니다!!,안드로이드 개발자,"• 앱 개발 경력 3년 이상 (Android 앱 개발 경력 2년 이상 포함)
• 서로를 존중하는 원활한 커뮤니케이션 및 협업 능력
• 긍정적, 능동적인 마인드 보유자","• Kotlin / NDK 개발 경험
• 스타트업 업무 경험","경력
경력 3~20년","Android OS
Kotlin",https://www.jumpit.co.kr/position/10849,"• 주 5일 근무 / 4대보험 / 15일의 연차
• 자율성을 보장하는 유연, 자유 근무제
• 점심 식비 지원 (물론, 필요하시면 저녁 식비도!)
• 최고수준의 장비 및 근무 환경 제공
• 업무역량 향상을 위한 교육비, 도서구입비 일체 지원
• 전 업무 직군에 대한 신뢰와 존중
• 실력있는 동료 및 기획/개발 프로세스
• 수평적 조직에 기반한 토론 문화 및 도전적 실험 문화"
드림어스컴퍼니,"마감일
상시",[뮤직플랫폼FLO] 안드로이드(Junior) 개발자,안드로이드 개발자,"• Android 앱 개발 경력 1년 이상인 분
• Android Studio 개발 환경을 경험한 분
• Design Pattern 이해도가 있는 분
• Material Design, Customized UI 이해도가 있는 분
• Retrofit, Glide 등의 대중적인 라이브러리 사용 경험이 있는 분","• 음악/동영상 서비스 앱 개발 경험이 있는 분
• Live Streaming 서비스 앱 개발 경험이 있는 분
• 음악/동영상 기본 처리 및 특수 효과 개발 경험이 있는 분
• ExoPlayer나 다른 멀티미디어 SDK 사용 경험 및 지식이 있는 분
• Kotlin 및 Compose 경험이 있는 분
• MVVM, Android Architecture Component 활용 경험 및 지식이 있는 분
• 주도적으로 자기 일을 찾아 스스로 문제를 해결하고 개선하시는 분
• 개발 지식과 경험을 적극적으로 동료와 함께 공유하시는 분
• 최신 기술 동향에 관심이 많고 자유로운 스터디를 좋아하시는 분","경력
경력 1~5년","Kotlin
Android Studio
Android OS
Android SDK",https://www.jumpit.co.kr/position/16993,"[Work l 드림어스는 개인의 자율성을 존중합니다]
• 선택적 근로시간제에 따라 2주 80시간, 스스로 업무시간을 조정해요.
• 하이브리드 근무방식에 따라 사무실 근무와 재택 근무를 유연하게 활용할 수 있어요. (직무 특성에 따라 유연 적용)
• 더드림(The Dream) 휴가 : 입사연도부터 매년, 기본 제공 연차에 보태어 휴가를 더 드리는 제도예요. 기본 제공 연차+최대 5일의 휴가를 더 쓸 수 있어요.

[Benefit l 드림어스는 아낌없이 지원합니다]
• 매년 100만원 Dream 포인트를(공연/음반/문화/여행/도서/체력단련) 지급
• 사내 주택자금 저금리 대출 지원
• 매월 SKT 통신비 4만원 지원
• 사내 온라인 강의 및 직무 연계 오프라인 강의/세미나 참석 지원
• 연장근로 식대/교통비 지원
• 장기근속 휴가 및 축하금 지원
• 업무 역량부터 자기 개발까지 도서 지원
• 최신 기술 활용에 적극 투자 (개발직군은 2년마다, 비개발직군은 3년마다 PC 교체)

[Family&Life l 가족과 개인의 삶도 존중합니다]
• 명절(설, 추석) 전날에는 반일 근무만 하고 가족들 만나러 가요.
• 결혼 휴가 2주 및 각종 경조사 휴가, 축하/위로금 지급
• 연 1회 20만원 상당 본인 및 가족 구성원 1인까지 종합 건강검진 지원
• 본인 및 배우자, 자녀 대상 단체상해보험 지원 (전액 지원)
• 휴양 콘도 할인 혜택 제공

[Culture l 더 나은 일하는 문화를 만듭니다]
• 월 1회 드림어스의 현재를 투명하게 공유할 수 있는 올핸즈 미팅을 진행해요.
• 분기별 1회 팀원들과 함께 오피스를 벗어나 자유롭게 시간을 보내는 캔 미팅을 진행해요.
• 서로를 영어 닉네임으로 부르면서 수평적인 커뮤니케이션을 해요."
누하스,"마감일
상시",Android 개발자,안드로이드 개발자,"• Java, Kotlin 개발 경험
• Android 개발 경력 3년 이상(경력자인 경우)","• IOS개발 
• IoT 서비스 개발 (BLE / cloud)
• 앱 배포 및 유지보수 업무 경험자 
• Firebase 사용
• Google Cloud Platform 관심자
• Web Platform 관심자","경력
경력 2~10년","Kotlin
Java
Git
Firebase
NoSql
Android OS",https://www.jumpit.co.kr/position/6069,"• 4대보험
• 다양한 간식 제공
• 자율 휴가제
• 명절 선물"
메디트,"마감일
상시",Mobile App 개발자,안드로이드 개발자,"• 모바일 앱 개발 및 배포 경력 5년 이상
• 모바일 앱 관련 검증 업무 경험 
• JAVA, Kotlin, Swift 중 한가지 이상 언어에 대한 깊은 이해
• Design Pattern 에 대한 기본적인 이해와 활용 경험
• 비동기 프로그래밍에 능숙한 개발자
• 동료와의 커뮤니케이션과 팀 기반의 협업이 즐거우신 분","• 모바일 앱 성능 개선 경험
• 의료/헬스 관련 앱 개발 경험
• Android 및 iOS의 다양한 Framework에 대한 높은 이해도
• 대용량 트래픽 대응 경험
• 보안 문제에 대한 이해
• 시장 문제에 대한 분석 및 솔루션 도출 능력 보유자","경력
경력 5~15년","Java
Kotlin
Swift
Android OS
iOS",https://www.jumpit.co.kr/position/17953,"1. 근무 환경
• 유연근무제
• 수평적인 호칭 체계
• 최고 사양의 업무 장비/ 소프트웨어
• 웰컴키트 제공
• 무제한 간식 자판기
• 캐쥬얼 복장

2. 역량 향상과 즐거운 복지
• 해외 지사 파견
• 매월 개인 소장용 도서 지원
• 3년, 5년, 7년, 10년 이후 매 5년 근속 축하 상품권 및 휴가 제공

3. 건강과 행복
• 생일 반차 및 상품권 제공
• 명절 상품권 제공
• 다양한 경조사에 대한 지원
• 종합 건강 검진
• 임직원 상해 보험 가입
• 심리상담(EAP) 지원
* 근무지에 따라 제공되는 베네핏은 상이할 수 있습니다."
휴먼스케이프,"마감일
상시",[레어노트] React Native Engineer (x-plat mobile),안드로이드 개발자,"• 3년 이상의 Javascript 경험이 있으신 분
• React 및 React Native에 익숙하신 분","• Typescript
• Native App 개발 경험(iOS, android)
• UX/UI 개선과 관련된 고민을 좋아하는 분
• 퍼포먼스 분석 경험
• 단위 테스트 등 테스트 작성 경험이 있으신 분
• 빌드, 테스트, 배포 자동화 경험이 있으신 분","경력
경력 3~7년","React Native
JavaScript
React
iOS
Android OS",https://www.jumpit.co.kr/position/17164,"✔휴먼스케이프는 '유기농 문화'를 지향합니다.

저마다 생김새가 다르지만 각자의 가치를 인정받는 유기농 작물처럼 휴먼스케이프의 `유기농 문화`는 각 구성원의 인격과 개성을 존중하는 데서부터 출발해요.
수평적인 관계 속에서 인위적인 규율 또는 간섭 없이 휴먼스케이프 멤버들이 자기 주도적인 성장을 할 수 있는 환경을 만들어주는 문화예요.

#수평적으로 일해요
• 영어 이름을 사용하여 직급/나이에 상관없이 존댓말로 대화해요.
• 가능한 모든 정보를 투명하게 공개해요. 차곡차곡 아카이빙된 업무 자료도 조회할 수 있어요.
• 새로운 아이디어에 대해서는 항상 열려 있어요.

#존중하며 일해요
• 모두의 개성과 인격을 존중하며 상호 배려해요.
• 복장에 제한이 없어요, 마음껏 개성을 표현해주세요.
• 회사 운영과 문화 조성에 대해 모든 멤버가 자유롭게 의견 낼 수 있어요.

#자율적으로 일해요
• 출퇴근 시간에 얽매이지 않아요. 뛰거나 눈치보지 마세요.
*단, Co-work Time(11:00~18:00)을 지키면서 일해요.
• 점심식사도 원하는 시간에 자유로운 메뉴로 지원해드려요.
• 휴가도 본인 컨디션과 스케줄에 맞춰 자유롭게 사용할 수 있어요.

#성장하며 일해요
• 자신이 기여할 수 있는 업무라면 자기주도적으로 참여할 수 있어요.
• 스터디, 세미나 참여를 적극 권장하며 이를 통해 역량을 키울 수 있어요.


최상의 퍼포먼스를 위해 준비했어요.

• 든든하게 먹고 힘낼 수 있도록 식대를 지원해드립니다.
• 멤버 개개인의 성장을 중요시해요. 세미나 참가비, 도서 구매비 등을 지원해드립니다.
• 휴먼이라면 누구든지 피곤할 때 방해받지 않고 편히 누워서 쉴 수 있는 공간과 안마의자도 있답니다.
• Macbook Pro를 지원해드리며, 수습 기간 종료 후에는 최신 고사양 Macbook Pro를 제공해드려요.
• 넓은 데스크를 비롯해 쾌적한 환경에서 업무 효율을 높일 수 있어요.
• 원하는 음료(refreshments)를 제공해드려요.
• 생일을 맞이한 멤버에게 특별한 날을 기념할 수 있도록 식사 이용권을 선물 드려요.
• 불가피하게 야근을 하는 경우 늦게까지 일하는 휴먼을 위해 식대는 물론 집까지 편하게 갈 수 있도록 택시비를 지원해드려요.
• 건강을 챙길 수 있도록 연 1회 종합건강검진을 지원해드려요."
헥토헬스케어,"마감일
상시",Android 앱 개발자,안드로이드 개발자,"• Android 앱 개발 관련 경력 5년 이상(중급이상) / 7년 이상(중급이상)
• Kotlin, Coroutines, JetPack, MVVM, Retrofit, ConstraintLayout, WebView","• 하이브리드 App 개발 경험자 우대
• Custom UI 개발 경험자 우대
• IOS 개발 경력자 우대","경력
경력 5~10년","Android OS
Kotlin
RxJava
REST API",https://www.jumpit.co.kr/position/17482,"• 복지포인트 연간 연간 300만원 제공
• 조,중,석식 무료제공
• 임직원 대출 / 경조사 / 콘도 지원
• 명절선물
• 우수사원 포상
• 자사 제품 할인 및 매월 드시모네 제공
• 입사 시 웰컴백 제공"
디지타이드,"마감일
상시",안드로이드 개발자 정규직 경력 채용,안드로이드 개발자,"• computer science 관련 전공 또는 부전공자 (정보처리기사 등 자격증 보유)
• 안드로이드 등 app UI 개발 가능자
• 엡개발관련 개인 포트폴리오 제출
• 병역 필또는 면제자",• 모바일 HTS 거래 개발 경험자 우대,"경력
경력 3~5년","Android OS
HTML5",https://www.jumpit.co.kr/position/4663,"• 체력단련비 지급
• 생일, 경조사, 결혼기념일 축하금 지급
• 근무 6개월 경과이후, 기본 연봉 이외에 업무 기여도 평가에 따라 성과급 지급"
태주실업,"마감일
상시",[AOS] 앱 개발자 모집,안드로이드 개발자,"• 앱 개발 경력 4년 이상 또는 그에 준하는 실력을 보유한 분
• Java 및 Kotlin 을 이용한 Native Android 앱 개발 경험자
• Rest API 등 서버 및 네트워크 간 데이터 전송 이해 
• 각종 라이브러리 사용 경험 (Glide , Retrofit2 등) 
• Coroutine 사용 경험","• 구글플레이 스토어 서비스 출시 경험
• 각 디바이스, OS 별 특징을 잘 아는 분
• AAC 를 통한 개발 경험
• MVVM 사용경험 혹은 MVVM 리팩토링 경험
• 코드리뷰, 코드 리팩토링에 적극적이신 분","경력
경력 4~10년","Android OS
Java
Kotlin
REST API
blockchain",https://www.jumpit.co.kr/position/11640,"• 급여 제도: 퇴직금, 4대 보험
• 교육/생활: 간식 및 음료 제공
• 조직 문화: 수평적 조직 문화, 회식 강요 및 야근 강요 없음 / 자율 복장
• 리프레시: 연차, 반차 제도 / 여름 휴가"
수일개발,"마감일
상시",안드로이드 앱 개발자,안드로이드 개발자,"• 안드로이드 앱 개발 경력 3년 이상 
• java 또는 Kotlin 언어에 대한 높은 이해도 
• Restful API와 JSON 데이터 포맷에 대한 이해
• Android SDK, Android Studio 및 관련 도구에 대한 지식
• Git 버전 관리 시스템 경험
• UI 및 UX에 대한 이해와 경험
• 커뮤니케이션 및 문제 해결 능력","• iOS APP 유지 / 보수 가능자
• 의료 관련 앱 개별 경험
• 영어 능통자 ( 해외 업체 협력 )
• 의료기기 허가사항 관라 ( 개발문서, 사이버보안 ) 유경험자","경력
경력 3~10년","Android OS
Android SDK
Android Studio
Java
Kotlin
JSON
Git",https://www.jumpit.co.kr/position/17248,"• 보험 : 4대보험, 건강검진
• 급여제도 : 퇴직연금, 장기근속자 포상, 우수사원 포상, 퇴직금, 연장근무수당(휴일, 야간) , 연월차 수당 지급
• 교육/ 생활 : 영어교육, 식비지원(급여외 별도 지급) ,음료제공 (차 , 커피)
• 근무환경 : 휴게실 , 회의실, 공기청정기, 전용 사옥, 사무용품 지급
• 조직문화 : 회식 (점심시간 주로 이용), 자유복장, 필요시 야근
• 출퇴근 : 주차장 제공 주 52시간제 준수, 주 40시간제 시행
• 리프레쉬 : 연차, 반차, 경조휴가, 근로자의 날 휴무, 출산휴가, 육아 휴직, 남성 출산휴가"
스마트올리브,"마감일
상시","[플랫폼] 기존 앱에 대한 운영, 개발 및 유지보수",안드로이드 개발자,"• 경력 5년 이상 Android(Java) 개발자
• Firebase 내 라이브러리 경험자(RemoteConfig, Cloud Messaaging)
• Realm 데이터베이스 경험자
• Git 사용 가능자
• 기존 운영중인 서비스에 대해서 서비스 개선 경험 있으신 분
• 모바일 앱 개발 및 운영 경험자
• Notion 사용 가능자
• Flutter 개발 가능자","• 자기 주도적 업무를 지향하시는 분
• 새로움에 도전을 주저하지 않으며, 조직문화를 함께 만들어 나갈 분
• 기획한 기능이 현실화 되어 사용자의 피드백을 개선하려는 의지가 강하신 분
• 기존 운영중인 서비스에 대해서 서비스 개선 경험 있으신 분
• PL/PM 경험자
• Notion 사용 가능자","경력
경력 5~10년","JavaScript
Google Cloud Messaging
Firebase
GitHub
Android OS
Java
Realm
notion.so
Flutter",https://www.jumpit.co.kr/position/13099,"저희 회사는 자율과 책임을 중요시 하는 회사입니다. 
자율이 보장되어 있되, 각 자 맡은 바 그리고 기획한 바에 대한 책임을 확실히 하여 공동의 목표를 추구하는 문화를 가지고 있습니다. 
휴가를 자율로 도입하여, 근무 시간에 대한 유연함을 가지고 있으며, 조직 구성원의 발전이 회사의 발전과 동일하다는 모토를 가지고 업무에 임하고 있습니다."
슈프리마,"마감일
상시",[슈프리마에이아이] SW/솔루션 경력직 채용공고,안드로이드 개발자,"• C/C++ 을 이용한 개발에 능숙하신 분 
• Android, iOS 앱 개발에 능숭하신 분 
• 웹 어플리케이션 경험이 있으신 분
• Python을 이용한 개발이 가능하신 분","• 영상처리, 컴퓨터비전, 패턴인식, 딥러닝 관련 분야 석사 이상 또는 2년 이상 경력을 가지신 분
• 중급 이상 영어 작문 및 독해가 가능하신 분
• 출입 통제 및 바이오 인식 제품 개발 경험이 있으신 분
• 얼굴인식 데이터의 수집, 정제 및 Augmentation 개발 경험이 있으신 분
• 웹 크롤링 경험이 있으신 분","경력
경력 2~10년","C
C++
Android OS
iOS
Python
SW",https://www.jumpit.co.kr/position/16892,"• 4.5일제 (금요일 4시간 근무)
• 시차출근제도 (8시~10시 사이 자율출근)
• 네이버포인트 연 120만원 지급 / 자기계발비 연 180만원 지원 중 택1
• 이주비 100만원 지원 (오피스 근방 이주시)
• 생활안정자금 매월 30만원 지원 (오피스 근방 이주시 2년간)
• 양육비 및 학자금 지원
• 경조금 지급
• 무이자 주택 대출 지원
• 재직자 내일채움공제 지원
• 사내 어학 아카데미 운영
• 리조트 지원
• 스낵바 운영 (음료, 커피, 시리얼, 제과 등)
• 건강검진, 예방접종 지원
• 문화/레저생활 지원"
테이크아웃,"마감일
상시",안드로이드 개발자,안드로이드 개발자,"• Android 개발 경력 1년 이상이신 분
• Android 플랫폼에 대해 깊은 이해를 가지신 분
• 컴퓨터공학 전공 혹은 그에 준하는 지식을 보유하신 분
• Kotlin 를 이용한 서비스 개발 및 런칭 경험이 있는 분
• MVVM 이해가 있으신 분
• RESTful API 기반 앱 개발 경험이 있으신 분","• 빌드/테스트/배포 자동화 경험이 있는분
• 하이브리드 앱 개발 경험이 있는 분

[주도적인 분]
• 주도적인 분들을 원합니다. 문제의 발견, 정의, 해결 등 제품 개발의 많은 과정들을 스스로 아이디어를 내고 해결할 수 있는 분들을 찾습니다.

[원활한 의사소통]
• 회사 내 다양한 업무 담당자들, 외부 이해 관계자들과 원활하게 의사소통 할 수 있어야 합니다.
• 새로운 기술 학습에 즐거움을 느끼시는 분

[일정 관리]
• 자기 주도적 일정 관리로, 외부로 부터가 아닌 스스로 일정을 관리하고 지키는데 익숙하신 분을 선호합니다.","경력
경력 1~5년","Kotlin
REST API
Android OS",https://www.jumpit.co.kr/position/9488,"• 문화생활에 대한 지원
• 영화, 연극, 뮤지컬, 전시회등 여가생활에 필요한 티켓 지원"
프라이빗테크놀로지,"마감일
상시",안드로이드 개발자,안드로이드 개발자,"• 경력 : 경력 무관, 유관 경력 3년 이상 경력자 우대, 신입 지원 가능
• Java 기반 Android 앱 개발 가능자","• 앱 배포 및 관리 경험
• MVVM 등 아키텍쳐 설계 경험
• 네트워크, VPN 관련 지식
• JNI 사용 경험
• Git, JIRA, Notion 사용 경험","경력
신입~15년","Java
Android OS
VPN
Git
Android SDK
Android Studio",https://www.jumpit.co.kr/position/17935,"• 시차출퇴근제 (오전 8시부터 10시까지 원하는 시간에 출근)
• Go Together Program 성과급 지급(성과에 따른 변동성 보상)
• 연간 50만원한도 내 자기계발비 지급
• 생일축하금 및 경조사 지원
• 다과 제공
• Hero of the Year: 그 해 최고로 회사를 빛낸 멤버 선정 및 보너스 지급
• 명절상여금 지급
• 퇴직연금 별도가입
• 회식비 지급
• 장기근속자 5년 Refresh 휴가 5일
• 하계휴가비 지급"
민병철교육그룹,"마감일
상시",[민병철유폰] AOS 앱 개발자 (원격근무 가능),안드로이드 개발자,"• AOS 개발 경력 3년 ~ 5년인 분
• 상용 서비스 개발 및 운영 경험이 있는 분
• Java, Kotlin 기반 앱 개발이 가능한 분
• Hybrid / Native 앱 개발 경험이 있는 분
• 본인의 개발 작업에 대한 책임감이 강하고 더욱 발전시키고 싶은 욕심이 있는 분","• React-native 혹은 flutter 개발 경험이 있는 분 
• retrofit, okhttp3 등을 서비스에 적용한 경험이 있는 분
• coroutine, rxjava 등을 이용한 비동기 처리 경험이 있는 분
• clean architecture 설계와 디자인 패턴 적용 경험이 있는 분
• 모바일 UI/UX에 대한 이해가 있는 분
• AOS 기반의 다양한 플랫폼(갤럭시 워치, 갤럭시 탭 등) 개발을 진행해본 분
• 팀 내 스터디에 참여하는 등 동료와 함께 성장하는 것을 즐기는 분
• '교육 서비스의 기술적 한계는 없다'를 경험하고 싶은 분","경력
경력 3~5년","Kotlin
Java
Android OS
Flutter
React Native",https://www.jumpit.co.kr/position/17834,"[민병철교육그룹 IT팀을 소개합니다!]
• 정기 코드 리뷰 / 개발 리뷰를 통해 프로젝트 진행 상황과 개발내용을 공유해요
• 프론트엔드 / 백엔드 / QA 등 팀 내 여러 파트 간의 교류가 무척 활발해요
• 새로운 스킬과 언어를 함께 스터디해요
• 모르는 것을 부끄러워 하지 않고 자연스럽게 이야기 하며, 경력 및 연차와 상관없이 서로 기술을 공유하고 배우며 성장하고 있어요
• 일은 웃으면서 신속하게! 회의는 효율적으로!

[업무환경]
• 업무용 노트북 맥북 Pro , 재택근무용 모니터 지급
• Android Studio 를 사용해 개발하고 있어요
• Basecamp, Google, Slack, Yona, Team Gantt로 업무 커뮤니케이션을 하고 있어요

[Inside BCM]
• 재택근무, 오피스근무, 워케이션 모두 가능한 Work From Anywhere 제도
• 개인의 자율과 주도성을 보장하는 수평조직구조
• 컨펌 없이 자율적으로 사용하는 휴가
• 2시간 단위 효율적인 연차 사용 가능
• 나의 무제한 성장을 위한 무제한 교육 지원
• 연 1회 100만원 상당의 종합건강검진 지원
• 인재추천 시 직군 무관 100만원 소개비 지급
• 비대면시대 온라인 팀빌딩 활동 적극 지원
• CEO와 함께 회사와 비즈니스, 나의 성장 고민을 나누는 타운홀 미팅
• 출퇴근길 지옥철을 피하는 오전 8-10시 유연한 시차출근
• 옷만 입고 있다면 OK, 자율복장제도
• 성별, 학력, 장애 등 모든 차별을 반대하고 금지하는 무차별제도
• 워킹맘/대디도 마음 놓고 일할 수 있는 가족친화인증기업
• 1:1 미팅 및 타운홀 미팅 제도
• 자유로운 연차제도
• 경조사 지원 및 생일축하 제도
• 타임컨트롤 제도
• 워킹맘 제도
• 출산장려 제도
• 팀빌딩 제도"
와그,"마감일
2023-08-09",[WAUG] 와그 안드로이드 개발자 모집,안드로이드 개발자,"• 안드로이드 앱 개발 경력 3년 이상
• Kotlin, Rxjava3, Retrofit2, Jetpack 등 기술스택에 전문성을 보유하신 분","• Google Play에 본인이 만든 앱을 등록, 운영해 본 경험","경력
경력 3~10년","Kotlin
RxJava
Android OS",https://www.jumpit.co.kr/position/17921,"1. 업무에 몰입할 수 있는 최고의 환경 제공
• 선택 출근제 오전 9시, 10시 중 선택 가능 (퇴근시간 저녁 6시, 7시)
• 4.5일만 일하세요! 매주 월요일 오후 2시 출근 (주35시간 근무)
• 점심시간 1시간 30분 제공 (광화문 맛집 탐방)
• 쾌적한 사무실 환경
• 직군별 고사양 데스크탑 & 노트북 선택 가능
• 오랜시간 앉아있는 팀원을 위해 시디즈 의자 제공
• 몰입에 반드시 필요한 개인 공기청정기 지급

2. 팀원의 성장과 커리어를 지원합니다.
• 자기계발서 및 업무 관련 도서 지원
• 매월 별도 자기계발비 지급

3. 노력과 성과에 따른 완벽한 보상
• 업계 최상위 연봉 및 인상률
• 성과에 따른 인센티브 지급

4. 일상을 여행으로!
• 입사 시 와그 포인트 지급 (숙소 & 액티비티 예약 가능)
• 매월 10% 와그 전 상품 할인 무제한 제공
• 명절 선물 제공
• 경조 휴가 지원

5. 완벽한 휴식을 위한 휴가 문화
• 자유로운 휴가 사용
• 생일 반차 제공
• 대체휴가, 육아휴직, 보건 휴가 등 법정 휴가 지원"
씨유박스,"마감일
상시",신규 APP 서비스 개발 담당자 채용,안드로이드 개발자,"• 학력 : 초대졸 이상
• 개발 경력 2년 이상, Flutter(프레임워크) 개발 필수 
• 기획, 디자이너와 커뮤니케이션을 잘 하시는 분","• Sketch, Figma 툴 사용 경험이 있으신 분
• PM /개발 PL 경험이 있으신 분
• 서비스를 처음부터 런칭까지 경험하신 분
• B2C 서비스 운영 경험이 있는 분
• 운세서비스 개발 경험이 있거나 관심이 있으신 분","경력
경력 2~10년","React Native
Android OS",https://www.jumpit.co.kr/position/17698,"[안정된 생활을 지원합니다.]
• 각종 경조사 지원

[직원들의 열정에 보답하고 싶습니다.]
• 퇴직연금, 장기근속자 포상, 우수사원포상, 4대 보험

[우리 회사만의 특별한 복지!]
• 웰컴키트 지급

[직원들의 자기계발을 존중합니다!]
• 창립일행사, 우수사원시상식, 신입사원교육(OJT), 도서구입비지원, 자기계발비 지원, 저녁식사 제공, 간식 제공, 음료제공(차, 커피)

[편안하게 일할 수 있는 최선의 환경을 제공합니다.]
• 카페테리아, 사무용품 지급

[직원 중심의 조직문화를 만들어갑니다.]
• 수평적 조직문화, 자유복장, 자유로운 연차사용

[직원들의 편의를 위한 출퇴근과 다양한 근무 제도를 제공해요!]
• 주 40시간제 시행

[최고의 복지는 휴가죠!]
• 연차, 경조휴가제, 반차, 근로자의 날 휴무, 포상휴가, 육아휴직, 남성출산휴가"
오투오페이먼트,"마감일
상시",안드로이드 경력 개발자,안드로이드 개발자,"• MVVM
• Rx,반응형 프로그래밍에 대한 이해","• Coroutines, Flow, ViewBinding, Compose 등 Android 최신 기술 동향 및 최신 라이브러리에 익숙하신 분
• DI 라이브러리 사용 경험이 있으신 분
• firebase sdk 기반 개발환경을 경험해 보신 분 (firestore / storage / crashlytics)
• Opensource Library를 통한 생산성 향상에 관심이 있으신 분","경력
경력 5~15년","RxJava
Java
Android OS
Kotlin",https://www.jumpit.co.kr/position/17456,"• 눈치 볼 일 없는 퇴근
• 자유로운 연차 사용
• 여름 휴가 별도 지급
• 수평적인 조직 문화
• 회식 강요 없음
• 자율 복장
• 신입 사원 교육
• 직무 인강&도서 제공
• 명절 상품권 지급
• 건강 검진 지원
• 무제한 간식과 음료 제공
• 음악과 함께하는 즐거운 근무
• 최고 성능 컴퓨터
• 퇴직금
• 야근수당

※ 쾌적한 근무 환경을 위해 2023년 사무실 확장 이전 예정"
시어스랩,"마감일
상시",안드로이드(Android) 개발 경력자 모집,안드로이드 개발자,"• 개발 경력 최소 3년 이상인 분
• Kotiln 언어를 능숙하게 사용하시는 분
• Android Jetpack 활용 경험이 있으신 분
• LiveData, Coroutine, Retrofit, Glide 사용 경험이 있으신 분
• Clean Architecture, MVVM, DI 등 디자인 패턴 적용에 대한 경험이 있으신 분",• 다양한 라이브러리 개발 경험이 있으신 분,"경력
경력 3~8년","Kotlin
Android OS
Android SDK",https://www.jumpit.co.kr/position/10934,"• 최고의 복지는 연봉과 최고의 동료들!
• 나의 가치는 회사가 알아주고 챙겨준다! 연 2회 성과에 따른 연봉 인상!!
• Flexible 근무제(8시30분~10시30분까지 자율 출근하여 8시간 근무하고 퇴근!(점심시간 제외))
• 요즘은 워라밸 시대! 연차 사용에 눈치보지 말기
• 최고 옆에는 최고! 인재추천 리워드(지인 추천 채용 시 200만원 지급)
• 자기개발은 회사가 책임진다! 교육비 및 도서비 등 지원
• 회식 등의 회사행사 자율 참여제
• 생일에는 일찍 집에가요 (생일반차)
• 구성원의 건강은 회사가 책임진다! 건강검진비 지원
• 근속연수에 따른 리프레쉬 휴가 및 포상금 지원"
에덴룩스,"근무지역
서울시 금천구 가산디지털1로 145 에이스하이엔드타워3차 1704호
지도보기·주소복사",유니티 개발자(경력자) / 게임 개발자 / unity 채용,안드로이드 개발자,"• Unity게임 엔진에 대한 이해와 개발 경험 필수
• 기획/디자인/운영 등 다양한 직군과 협업 역량
• 본인의 개발경험이나 코딩수준을 어필할 수 있는 포트폴리오 첨부 필수
• 유니티 플러그인 (Android/iOS) 개발 가능하신 분","• 중국 서비스 개발경험이 있는분
• 새로운 프로그래밍 언어를 습득하는데 어려움이 없거나 혹은 흥미를 갖고 있는 분
• 외국인가능","경력
경력 1~5년","Unity
React
Python
C#
Android OS
iOS",https://www.jumpit.co.kr/position/2183,"1. 수평적인 구조로 영어이름을 부르며 친근하며 즐겁게 일합니다.
2. 평균 10~15일 휴가 사용"
에이블소프트,"마감일
상시",Android App 개발 담당자,안드로이드 개발자,"• 안드로이드 애플리케이션 개발 경력 5년 이상 (과장급)
• 안드로이드 애플리케이션 개발 경력 1년 이상 (주임급)","• 관련 학과 졸업생 우대
• Java / Kotlin 활용 가능자
• Android Studio 활용 가능자
• 안드로이드 개발 프로젝트 유 경험자
• 교육용 App 개발 유경험자","경력
경력 1~10년","Kotlin
Android OS
Java
Android Studio",https://www.jumpit.co.kr/position/1393,"• 20대 ~ 30대 직원들이 주를 이루고 있어 비교적 자유로운 환경에서 개발 가능합니다.
• 중식 제공
• 카페테리아"
오래,"마감일
상시",[제로아이즈] 안드로이드 App 개발자,안드로이드 개발자,"• 자유 양식의 국문 이력서 또는 포트폴리오(PDF)
• Android 개발 경력 3년 이상이신 분
• 카드결제기, QR스캐너, IoT 제품 등 하드웨어 연동 경험
• 분업화, 자동화 등 개발 효율성을 높이기 위해 끊임없이 고민하시는 분
• Engineer로서 기능 안정성에는 항상 주의를 기울이시는 분
• 팀 코드 리뷰, 기술 노트 등 함께 성장하는 문화를 중요하게 생각하시는 분
• 프로젝트 관리를 위한 협업툴 사용 또는 문서 작성에 거부감이 없으신 분","• Android 기반 키오스크 개발 경험 (태블릿 원격제어 등)
• 사용자 데이터 트랙킹/분석, 클라이언트 머신러닝에 대한 이해나 경험
• 언택트/무인 관련 업종에 대한 높은 이해도나 비전을 가지고 있으신 분
• 개발, 디자인(UX), 마케팅 등 다른 분야에 대한 이해나 경험","경력
경력 3~10년","android os
Kotlin
flutter",https://www.jumpit.co.kr/position/17951,"책임감에 기반한 자유로운 근무 환경을 만들어 나가고 있습니다
# 근무는 자유롭게, 결과는 책임감있게
• 맡은 업무만 책임진다면, 자유로운 출퇴근 및 월차 사용이 가능합니다
• 정해진 출/퇴근 시간 없이 효율적인 업무 시간을 스스로 선택할 수 있는 '자율출퇴근제'를 시행 중에 있습니다
• 사무실, 재택, 카페 등 효율적인 업무 장소를 선택할 수 있는 '재택근무제'를 시행 중에 있습니다
• 연차는 눈치보지 않고 반차, 일차 등으로 자유롭게 사용할 수 있습니다

기업/개인의 성장에 따른 적절한 보상 및 복지가 제공됩니다
# 먹거리는 나누고, 일거리는 함께
• 직급/직위 대신 '성명 + 님' 문화로 우리만의 수평적인 조직 구조를 만들어가고 있습니다
• 리모트 업무 환경 구축을 위한 고사양의 '개인 노트북'을 지원합니다
• 분기별로 팀별/개별 성과에 따른 '인센티브'를 지급하고 있습니다
• 사내 음료 및 스낵 무제한 제공, 회식은 점심 맛집 탐방으로 대체 등의 복지가 시행 중에 있습니다

매년 임직원이 원하는 사내 복지를 만들어가고 있습니다
# 고객 다음은 임직원의 만족
• 기본 연차 외에도 '하계 휴가, 백신 휴가'가 추가 지급됩니다
• 직무 관련 교육 및 세미나 등 교육비, 도서 구입비를 무제한 지원하고 있습니다
• 매년 건강검진을 지원하고, 명절 및 경조사를 지원하고 있습니다

합리적이면서 조화로운 의사 결정을 내립니다
• 기업 철학과 상식에 부합하면서 임직원의 화합을 중요시하는 의사결정을 내리기 위해 함께 고민하고 노력합니다

오래 DNA
• 'Mission(사명)'은 모든 의사 결정 과정에서 항상 최우선합니다
• 모든 구성원과 기밀을 제외한 모든 정보를 '투명'하게 '공유'합니다
• 변화와 실패를 두려워하지 않고, '도전'과 실패 속에서 끊임없이 배우고 '성장'합니다
• 함께하기 위한 '소통'과 '배려'를 가장 중요하게 생각합니다"
플렉스이엔엠,"마감일
상시",안드로이드(Android) 앱 개발자,안드로이드 개발자,"• Java, Kotlin 기반 Android 개발 경험 5년 이상이신 분
• 커뮤니케이션에 능숙하고, 적극적이신 분
• 크로스플랫폼(Reat Native, Flutter) 기술에 관심이 많고 팀과 함께 성장하실 분","• 상용 어플리케이션 개발 및 배포 경험자
• 다양한 협업 툴 구축/사용 경험이 있으신 분(Git, Zeplin, Notion 등)
• UI/UX 가이드라인에 대한 이해도가 높으신 분","경력
경력 5~10년","Android OS
Java
Kotlin
React Native
Flutter",https://www.jumpit.co.kr/position/17974,"■ 플렉스이엔엠은 구성원에게 효율적인 근무 환경을 지원해드려요.
• 자유로운 연차 사용
• 업무 시 필요한 최고 사양의 업무 장비 지원(듀얼모니터, 최신 사양 MacBook 등)
• 식사는 항상 든든하게 드세요!(중식 지원)
• 사내 스낵바 운영
　- 무제한 간식, 커피, 음료 제공(커피머신 및 다양한 음료 제공)
• 혹시라도 야근 시 야간 택시비 및 석식 100% 지원

■ 구성원들의 업무 성장을 지원해 드려요.
• 도서구입비 및 자기계발비 지원!
• 온라인 교육비 지원

■ 직원의 리프레시를 응원해요.
• 건강검진 지원(본인 및 직계가족 포함)
• 체력단련비 지원
• 생일 축하 선물 지급
• 명절 선물 지급

■ 그 밖에도 다양한 지원 혜택들이 있어요.
• 성과에 따른 빠른 연봉 인상 및 성과급 지급!
• 경조휴가/경조비 및 화환 지원
• 퇴직연금 제도 가입
• 중소기업 취업자 소득세 감면 혜택 가입"
앤스시스템,"마감일
상시",Android/ iOS 개발자,안드로이드 개발자,"• React Native 로 Android, iOS, Web 설계 및 개발 경험
• React/ React Native 기반의 Mobile App / WEB 프론트엔드 개발 및 운영 경험
• 확장 가능한 개발을 지향하며 Github로 체계적인 코드 관리에 익숙하신 분
• 상호 피드백이 열려있고, 원활한 커뮤니케이션이 가능하신 분","• 플랫폼 서비스에 대한 이해와 경험이 있는 분
• iOS 기반 어플리케이션 개발 경험
• iOS 플랫폼에 대한 이해 : Swift, Object-C(Native App 개발 경험자)
• Android 기반 어플리케이션 개발 경험
• Android 플랫폼에 대한 이해 : JAVA / Kotlin(Native App 개발 경험자)
• 각종 협업도구에 익숙하고 커뮤니케이션이 월활하신 분
• Webwiew 기반의 Hybrid 앱 개발 경험이 있으신분","경력
경력 3~7년","Java
Android OS
iOS
Kotlin
React Native
GitHub",https://www.jumpit.co.kr/position/5938,"• 중식 제공
• 4대 보험 
• 연차 제공
• 명절, 휴가 소정의 지원금"
비밀리,"마감일
상시",Android Native 개발자,안드로이드 개발자,"• Kotlin기반 개발 가능하신 분
• Android 앱 개발과 유지보수, 배포를 주도적으로 맡아 진행 경험이 있으신 분
• 네이티브 지원 기능에 대한 이해가 높으신 분
• 개발 목표에 대한 책임감이 있으신 분
• 주도적으로 문제를 해결하고 책임감 있으신 분
• 코드 퀄리티에 지속적으로 고민하시는 분
• 새로운 기술에 대한 관심과 습득/사용에 능동적인 분
• 코드리뷰 경험 있으신 분","• Modular Architecture 대한 이해
• MVVM 사용하여 프로젝트 진행 경험
• Compose사용한 프로젝트 경험
• Gradle에 대한 이해
• CI/CD 경험
• 단위 테스트 경험
• 컴퓨터 공학 전공
• 협업 및 업무 관리 경험","경력
경력 5~15년","Kotlin
GitHub
Jira
Confluence
Slack",https://www.jumpit.co.kr/position/17899,"• 호텔식 구내식당 운영, 중식 무료 제공
• 여유 있는 점심시간 1시간 30분 제공 (11:30~13:00)
• 사내 라운지 간식 및 커피 제공
• 야근 하는 경우 교통비 및 저녁식사 지원
• 반차(4시간), 반반차(2시간) 제도 시행하여 효율적인 연차사용 가능 
• 코로나19 백신 휴가 제공
• 전직원 명절 성과급 지급
• 경조사 휴가 및 경조사비 지원, 장기근속자 지원
• 직무관련 교육비 및 도서 구입비 지원
• 청년 직원들에게는 재직자 내일채움공제 기업부금 지원 및 소득세 감면 적용 가능
• 그 외 수시로 제공하는 선물들이 많아요. :)"
지니언스,"마감일
상시",모바일 앱 개발자 모집,안드로이드 개발자,"• 모바일 Native(안드로이드/iOS) 앱 개발 경험
• Android 및 iOS 네이티브 SDK 활용
• REST API를 이용한 모바일 앱 개발 경험","• 오픈소스 프로젝트 참여 혹은 기여경험
• Flutter를 활용한 App/서비스 개발 경험
• objective•c / Swift 사용 개발 경험
• Kotlin / Java을 이용한 개발 경험","경력
경력 3~10년","Android OS
iOS
Android SDK
REST API
Flutter
Objective-C
Swift
Kotlin
Java",https://www.jumpit.co.kr/position/15960,"• 자기 계발비 150만원(연간)
• 건강, 의료 복지비 연간 100만원 (연간)
• 개발직 연구수당 별도 지급
• 본인 및 가족 1인 건강검진 지원
• 인센티브 및 자격 수당
• 경조휴가 및 특별휴가 지원
• 중식, 석식 (사내 식당, 식권) 및 간식 제공
• 사내 카페(간식, 음료, 안마의자 등) 무료 운영
• 패밀리데이(매월 넷째주 금요일 16시 퇴근) 운영 
• 주차장 주차비 지원 제도 운영
• 골프, 리조트 회원권 운영
• 유연근무제(재택, 시차출퇴근제 등) 운영
• 사내 문고 운영
• 동호회 운영
• 중소기업취업청년소득세감면 등 청년 정부 사업 가능
• 경조사 및 명절/기념일 지원 등"
지니언스,"마감일
상시",모바일 앱 개발자 모집,안드로이드 개발자,"• 모바일 Native(안드로이드/iOS) 앱 개발 경험
• Android 및 iOS 네이티브 SDK 활용
• REST API를 이용한 모바일 앱 개발 경험","• 오픈소스 프로젝트 참여 혹은 기여경험
• Flutter를 활용한 App/서비스 개발 경험
• objective•c / Swift 사용 개발 경험
• Kotlin / Java을 이용한 개발 경험","경력
경력 3~10년","Android OS
iOS
Android SDK
REST API
Flutter
Objective-C
Swift
Kotlin
Java",https://www.jumpit.co.kr/position/15960,"• 자기 계발비 150만원(연간)
• 건강, 의료 복지비 연간 100만원 (연간)
• 개발직 연구수당 별도 지급
• 본인 및 가족 1인 건강검진 지원
• 인센티브 및 자격 수당
• 경조휴가 및 특별휴가 지원
• 중식, 석식 (사내 식당, 식권) 및 간식 제공
• 사내 카페(간식, 음료, 안마의자 등) 무료 운영
• 패밀리데이(매월 넷째주 금요일 16시 퇴근) 운영 
• 주차장 주차비 지원 제도 운영
• 골프, 리조트 회원권 운영
• 유연근무제(재택, 시차출퇴근제 등) 운영
• 사내 문고 운영
• 동호회 운영
• 중소기업취업청년소득세감면 등 청년 정부 사업 가능
• 경조사 및 명절/기념일 지원 등"
