,회사명,공고명,직무내용,자격요건,우대조건,경력조건,출처 URL,복지,회사소개,주요업무
0,(주)퓨처플레이,Backend Developer (FuturePlay Tanagement),백엔드 개발,"• AWS에 대한 이해도가 높은 분을 찾습니다. AWS 내부 여러 제품에 대한 이해도가 필요합니다.
• 데이터베이스 설계에 관심있는 분을 찾습니다. 탄탄한 서비스를 위해서, 설계를 끊임없이 연구해야합니다.
• 프론트 개발자들과 적극적인 소통을 하며, 빠르게 대응해줄 수 있는 분을 찾습니다.
• 간단한 스크립트로 사람이 하는 일을 기계가 하도록 효율을 높여본 경험이 있는 분을 찾습니다.
• 지속적인 개발 트렌드를 공부하며, 같이 지식을 나눌 분을 찾습니다. aws, 백엔드, node.js, Docker, typescript","• 컴퓨터 공학에 대한 기본기가 탄탄한 분이면 좋습니다.
• Domain Driven Design에 대해 잘 알고 있는 분이면 좋습니다.
• NestJS 로 서비스, 제품을 처음부터 끝까지 만들어본 개발자면 좋습니다.
• 영어로 개발 소통이 가능하신 분이면 좋습니다.",0,https://www.jobplanet.co.kr/job/search?posting_ids%5B%5D=1252097,"[복리후생]
1. 더 나은 사람과 회사가 되도록 고민합니다
• 직무의 성장을 위한 교육훈련비 제공
• 연간 자유롭게 사용할 수 있는 자기계발비 60만원 지급

2. 일에 잠식하지 않는 환경이 되도록 고민합니다
• 종횡을 넘나드는 자유로운 소통
• 이름을 부르는 수평적 문화
• 피로회복을 위한 안마의자, 무제한 간식 제공

3. 구성원과 가족의 더 나은 삶의 질을 고민합니다
• 매 2년 근무 시 1주의 리프레시 휴가와 휴가비 100만원 제공
• 매년 마지막 주 전 직원 안식 휴가 제공
• 경조사/명절선물 지원
• 1년 이상 근무 시 퇴직 연금 지원
• 생일자 5만원 상품권 지급
• 격년 1회 30만원 상당의 건강검진 상품 지원
• 백신 접종 시 백신 휴가 2일 제공
","FuturePlay의 미션은 ""10년 안의 미래를 바라보며, 장기적 관점에서 초기 기업을 바라보는 동반자가 되는것"" 입니다. FuturePlay는 스타트업에 투자하는 투자사 및 액셀러레이터로서 시작하였습니다. 역량 있는 창업팀을 발굴해 성장을 위한 투자와 각종 지원을 제공합니다. FuturePlay가 투자한 160 여 개의 국내외 기술 스타트업들은 인공지능, 자율주행, 로봇, 드론, 디지털 헬스케어, 핀테크, VR/AR, 블록체인 등 근미래의 사회와 산업을 혁신할 첨단 기술들의 발전을 이끌어가고 있습니다. 또한 기업과 스타트업의 협업 모델 구축을 통해 기업들에게는 신성장동력 발굴을, 스타트업들에게는 비즈니스 파트너쉽과 투자 기회를 제공함으로서 스타트업의 혁신 동력이 대기업으로 이어져 산업 전체의 활력 있는 선순환 구조를 만들어 나가고 있습니다. 또한 자체적으로 퓨처플레이의 인재와 노하우를 활용하여 내부에서 스타트업을 빌딩하고 있습니다.

FuturePlay의 엑셀러레이터 및 벤처 캐피털의 글로벌 진출 및 규모 확대, 새로운 비즈니스 개발을 위해 스타트업 엑셀러레이팅 플랫폼을 만들고 있으며 또한 휴먼 엑셀러레이팅이라는 개념으로 재능 매니지먼트 솔루션을 제공하고 있습니다.

태니지먼트는 개인의 재능과 강점을 진단하여 개개인의 커리어 성장을 돕고, 조직이 지속적인 성과를 내는 환경을 구축하도록 돕습니다.
조직에서 어떻게 활용할 수 있을지 팀 빌딩과 커리어 및 경영 코칭을 중심으로 워크샵을 결합하여 제공하는 서비스입니다.
2019년 서비스 런칭 이후 B2C, B2B 영역에서 서비스를 제공해왔으며 21년 11월에는 초기 스타트업 전문 투자사인 퓨처플레이와 기업병합을 진행, 보다 다양한 산업군을 대상으로 서비스를 제공해드리고 있습니다.","• 태니지먼트 서비스의 백엔드 및 AWS Infra를 개발, 관리합니다.
• 서비스가 효과적으로 성장할 수 있는 아이디어를 제안하고, 시스템으로 개발합니다.
• 현재 서비스에서 지원할 수 없는 몇몇의 요청사항들을 처리하며, 개선사항을 반영합니다.
• 생산성과 효율 향상을 위해, 사람이하고 있는 일을 기계가 하도록 스크립트들을 개발합니다.
• 과거의 개발 방법론을 고집하지 않고, 10년뒤 미래 개발 방법론을 상상하며 지속적으로 소프트웨어 개발에 대한 연구를 진행합니다."
1,(주)인터엑스,AWS기반 플랫폼 서비스개발자_서울,백엔드 개발,"[이런 분이 필요해요!]
• AWS 운영 경험
• AWS 관련 자격증 보유
• IT 인프라 구축 관련 전문지식 보유
• 서버 구축 및 운영 경험

[업무에 꼭 필요한 기술 입니다]
• 데이터베이스 및 네트워크 구축 기술
• Cloud IoT SaaS를 이용한 아키텍처 구축 기술
• web backend 설계 기술 AI, aws, 백엔드, 서비스개발, 플랫폼개발","[이런 분이면 더욱 좋아요!]
• AWS SA 자격증 보유
• 유저가 겪는 문제점을 찾고 기술로 해결하는데 관심 있는 분
• 대용량 트래픽을 안정적으로 운영해본 경험이 있는 분
• 주도적으로 일을 만들고, 책임감 있게 리드하시는 분
• 다른 직군과 함께 문제를 정의하고 해결책을 찾을 수 있는 분",3,https://www.jobplanet.co.kr/job/search?posting_ids%5B%5D=1250832,"항시 음악이 흐르는 쾌적한 오피스공간
• 사내 카페테리아 운영 중 (커피, 음료 등 다양한 간식 구비)
• 월급날(패밀리 데이) 가족과 함께 보내세요! (1시간 조기퇴근)
• 자유로운 연차 및 시간단위 연차 사용 가능!!
• 모든 도서 구입 지원! (직원 성장에 필요한 부분은 아끼지 않아요!)
• 교육 강의 지원! (업무 유관 교육 수강 신청 시 적극 지원하고 있습니다!)
• 직무별 IX Academy 운영을 통해 커리어 성장 지원
• 사내 스터디 지원 (시험 합격 시 응시비용 전액 지원)
• 직원 분들의 경조사를 지원하고 있어요
• 추석 등 명절 선물을 지급하고 있어요!
• 자율복장","인터엑스는 '세계 최고의 제조AI 및 자율공장 전문 파트너' 입니다.

누구나 쉽게 빅데이터를 분석하고 쉽게 현장에 적용할 수 있도록 인공지능(AI) 기반 제조 빅데이터 분석 서비스 플랫폼을 제공하고 있습니다.

인터엑스의 제조 빅데이터 분석 서비스는 현장의 데이터 수집부터 데이터 품질관리, Advanced 빅데이터 분석,  AI Library를 바탕으로 한 지능화된 공정 예측과 최적화를 통해 기업의 성장을 지원합니다.

저희의 목표는 IoT(사물 인터넷)의 결합으로 개선된 프로세스를 현장에 쉽게 적용하여 스마트 제조 환경을 구현하는 것과 제조 빅데이터가 가지는 무궁무진한 가능성을 제조 기업 모두가 누리며 함께 성장하는 성공 스토리를 만드는데 있습니다.

저희와 함께 제조AI 성공 스토리를 만들어갈 유능한 분들의 많은 지원 부탁드립니다.

• 인터엑스 기사 : 
https://www.hankyung.com/society/article/202202104075h
https://www.etnews.com/20210802000178
https://www.epnc.co.kr/news/articleView.html?idxno=200507
http://www.ksilbo.co.kr/news/articleView.html?idxno=915233
http://www.industrynews.co.kr/news/articleView.html?idxno=44064","[함께하시면 맡게 될 업무입니다!]
• AWS를 활용한 솔루션 구축 및 운영
• AWS 서비스 모니터링 시스템 구축 및 운영
• 서비스 아키텍처 설계
• AI 모델 학습 및 추론 백엔드 개발
• 확장성, 안정성, 완결성을 고려한 서비스의 설계 및 구현
• 서비스 유지 및 보수"
2,(주)코드잇,백엔드 엔지니어,백엔드 개발,"• 2년 이상의 백엔드 개발 경험이 있는 분
• 알고리즘과 자료구조에 대한 이해를 갖춘 분
• 빠르게 학습하는 역량을 가진 분
• 코드잇의 비전에 공감하며, 원활한 커뮤니케이션 능력을 갖추신 분 java, kotlin, Spring, Framework, graphql","• 컴퓨터 과학과 또는 컴퓨터 공학과 출신자
• 코드잇의 개발 스택(주요 업무에 기술됨)에 대한 전문성이 있는 분
• 영어를 잘 하시는 분 (Bilingual일 경우 추가 우대)
• IT 스타트업에서 근무해보신 분",2,https://www.jobplanet.co.kr/job/search?posting_ids%5B%5D=1249135,"1. 최고의 팀원에게 최고의 보상을 제공해요.
• 최고의 동료들이 모인 팀
• 전 직원 스톡옵션 제공
• 최고 수준의 보상 지향

2. 몰입을 위한 최적의 환경을 지원해요.
• 주 40시간 유연근무제 (코어타임 오후 1~5시)
• 자유로운 재택근무 (월금 비코어타임 및 화수목 재택근무 가능)
• 최고 사양의 장비 지원 (3년마다 500만원)
• 무제한 도서, 교육 및 사내 스터디 지원
• 동료 및 리더와의 상시 피드백 문화

3. 건강과 행복을 위한 복지를 제공해요.
• 점심, 저녁 식대 지원 (각 최대 12,000원)
• 무제한 간식 제공, 매년 명절 및 생일 축하 선물
• 연 100만원 상당의 종합 건강검진 지원
• 50만원 상당의 경조사비 지원
• 주차비 지원

4. 친밀한 문화를 함께 만들어가요.
• 신뢰를 바탕으로 한 반말 문화
• 랜덤점심, TGIM, 컬쳐나잇, 비어토크
• 사내 동아리 활동 지원",★ 2023 코드잇 인재 채용: 전 직군 스톡옵션 제공 ★,"【 이런 팀에서 일해요 】
코드잇은 본질적인 프로덕트의 발전이 반드시 뒷받침 되어야만 지속적인 가치 창출과 성장이 가능하다고 믿습니다. 이러한 믿음을 기반으로 코드잇, 특히 프로덕트 팀은 주간 10개 이상의 레슨을 듣는 학습자 수(Weekly Learning Users)를 우리가 지향해야 할 핵심 지표로 삼았습니다. 유입을 증가시키는 것, 유입부터 구독 전환까지의 퍼널을 개선하는 것, 구독된 유저가 매주 학습에 참여할 수 있게끔 하는 것, 수강생 분들의 학습 경험 및 콘텐츠 제작자의 제작 환경을 개선하는 것 모두 이 핵심 지표에 기여합니다. 
동시에 프로덕트적인 성장을 이루어내기 위해, 코드잇은 5개의 유닛(각기 다른 직무의 분들이 모여 특정 프로젝트를 중심으로 모인 팀)을 만들었습니다. 그리고 매주 Weekly Learning Users의 성장을 이끌어가고 있습니다.
우리와 함께라면 틀림없이 수강생 분의 성장을 이끌어낼 뿐 아니라 당신도 빠르게 성장할 것이라 확신합니다. 당신과 함께 이 멋진 프로덕트를 만들어가길 바랍니다. 

【 이런 일을 해요 】
1. 코드잇 메인 서비스 개발 및 운영
내부에서 만들어진 콘텐츠를 유저에게 제공하는 코드잇 메인 서비스의 API를 개발하고 운영합니다. 메인 서비스는 Spring Webflux, Kotlin을 사용하고, DB로는 MongoDB를 사용하고 있습니다. 프론트엔드와는 GraphQL을 사용하여 통신합니다. 유저의 가입, 결제, 강의 수강, 커뮤니티 등 코드잇 프로덕트의 모든 부분을 조금 더 나은 방향으로 계속해서 개선하고 있습니다.

2. 실행기 개발 및 운영
코드잇은 유저들이 별도의 실행 환경 없이 브라우저에서 코드를 입력하고 결과를 확인할 수 있는 실행기 서비스를 제공합니다. Python, JavaScript, Java, MySQL 등 다양한 언어와 실행 환경에 더해 브라우저에서 터미널을 사용하는 것도 지원하고 있습니다. 실행기가 빠르고 정확하면서, 동시에 효율적으로 동작하도록 개선합니다. 

3. 인프라 관리
코드잇 메인 서비스와 실행기는 AWS 관리형 Kubernetes인 EKS에서 서비스되고 있습니다. 유저의 사용 패턴에 맞게 인프라를 효율적으로 사용하는 방식을 고민하고 개선합니다.

4. 데이터 분석
코드잇은 사용자의 데이터 분석을 통해 프로덕트의 개선 방향을 결정합니다. Amplitude, Google Analytics, 내부 DB를 활용하여 데이터를 모으고 가공하여 내부에 공유합니다.


【 이런 기술 스택을 사용해요 】
• Java/Kotlin Spring Framework(webflux)
• GraphQL
• MongoDB
• Infrastructure
    • Docker/Kubernetes
    • CircleCI
    • Terraform
    • AWS(EKS, ECS, ECR, S3, SES…)

현재 스택에 맞지 않아도 괜찮습니다.
빠르게 배우고 열정 있는 백엔드 엔지니어라면 지원해 보세요!
(* GitHub 계정 제출 권장)"
3,(주)메디트,백엔드 개발자,백엔드 개발,"• 백엔드 개발 경력 5년 이상 또는 그에 상응하는 역량을 가지신 분
• Spring Framework(Spring Boot) 기반의 REST API 서비스를 개발한 경험이 있는 분
• MySQL(MariaDB) 또는 유사한 RDBMS 경험이 있으신 분
• AWS 서비스를 이용한 개발 및 운영 경험이 있으신 분
• Git / JIRA / Confluence 통합 환경 경험이 있으신 분
• 해외출장에 결격사유가 없는자 aws, MYSQL, rest api, spring boot","• eCommerce 시스템 설계 및 운영 경험이 있으신 분
• 병원, 의료 시장을 위한 솔루션 설계 및 운영 경험이 있으신 분
• MSA 기반 서비스 인프라를 구축/운영 경험이 있으신 분
• 대용량 트래픽 서비스 개발 경험이 있으신 분
• Cloud 네트워크/보안 구성에 대한 이해가 높으신 분",5,https://www.jobplanet.co.kr/job/search?posting_ids%5B%5D=1243455,"[복지]
1. 근무 환경
- 유연근무제
- 수평적인 호칭 체계
- 최고 사양의 업무 장비/ 소프트웨어
- 웰컴키트 제공
- 무제한 간식 자판기
- 캐쥬얼 복장

2. 역량 향상과 즐거운 복지
- 해외 지사 파견
- 매월 개인 소장용 도서 지원
- 3년, 5년, 7년, 10년 이후 매 5년 근속 축하 상품권 및 휴가 제공

3. 건강과 행복
- 생일 반차 및 상품권 제공
- 명절 상품권 제공
- 다양한 경조사에 대한 지원
- 종합 건강 검진
- 임직원 상해 보험 가입
- 심리상담(EAP) 지원
*근무지에 따라 제공되는 베네핏은 상이할 수 있습니다.
","Fulfill Your Potential!

메디트(Medit)에서 글로벌 덴탈 플랫폼 서비스를 함께 선도해갈 인재를 찾습니다.


메디트는 임상 활용 가능한 3D 구강스캐너를 개발한 회사로, 글로벌 덴탈 시장에서 매년 2배씩 가파르게 성장하고 있습니다.

다양한 분야의 전문가들이 모여 뛰어난 기술력과 제품 경쟁력을 바탕으로 제품 출시 1년 만에 글로벌 업계 선두 주자로 자리 매김하며, 디지털 기술로 치과 의료 경험을 혁신해 나가고 있습니다. 강력한 디바이스를 바탕으로 축적된 3D 데이터를 AI, 머신러닝을 접목하여 유용하고 사용하기 편리한 어플리케이션을 개발하고 있으며, 전세계 치과와 기공소의 디지털 혁신을 돕는 최상의 소프트웨어 개발을 하고 있습니다.


메디트에는 세계를 무대로 성장하고 싶은 적극적이고 진취적인 인재들이 모여 자율과 책임의 문화에서 일하고 있습니다.

최고의 동료들과 함께 성장하고, 디지털 헬스케어 혁신을 함께 만들어 갈 인재분들을 모십니다.","• 서비스 목적 및 고객 요구사항에 기반한 아키텍처 설계, 개발
• 더 나은 Medit Link 서비스를 위한 다양한 백앤드 설계 및 개발
• AWS 인프라 운영 및 서비스 모니터링을 통한 장애 분석, 성능 개선"
4,(주)이랜드이노플,이랜드몰 JAVA (프레임워크),백엔드 개발,"• Spring framework (SpringBoot) 경력 10년 이상
• JPA, Hibernate 등 ORM 사용과 도메인 모델링 경험
• 다양한 Database(PostgreSQL, Redis, ElasticSearch 등)에 대한 이해
• Git 사용 협업 경험 jpa, Spring, git, spring boot","• 이커머스 개발 경험
• AWS/GCP등 클라우드 경험
• 고성능, 대용량 시스템 개발 및 운영 경험이 있는 분
• 서비스 개선과 개발에 열정적이고 적극적이신 분
• 웹 Frontend 개발(html, css, js ...) 기초 지식 필수

[기술스택] 
- java, spring boot",10,https://www.jobplanet.co.kr/job/search?posting_ids%5B%5D=1252062,"[근무환경]
• 시차 출퇴근제 운영
 - 7-10시 사이, 내가 가장 몰입할 수 있는 시간에 출근합니다.
• 직급 없는 ‘님’ 소통
• 사내 라운지 카페/스낵바 운영
 - 무료 커피와 저렴한 가격의 간식을 라운지에서 즐기며 쉬어갈 수 있습니다.
• 문화 행사
• 자율 근무복장


[소중한 날 지원]
• 생일반차
 - 생일 선물을 함께 드립니다.
• 이사휴가
• 학부모 특별휴가
 - 자녀의 입학식, 졸업식, 운동회가 있는 날, 가족분들과 행복한 시간을 보내세요.
• 경조휴가 및 경조금 지원


[일과 삶의 성장 지원]
• 도서구매, 온라인 강의 지원
 - 직무역량 향상을 위한 실물도서 구매 및 전자책 열람을 지원해드립니다.
• 사내 벤처 활성화&기술 동아리 운영
• 복지포인트 지급
• 이랜드그룹 계열사 할인 혜택 제공
 - 패션/유통/외식/호텔 등 다양한 그룹 계열사 할인 혜택 제공


[건강한 몸과 마음 지원]
• 연 1회 건강검진 지원
• 자유로이 이용 가능한 사내 상담실 운영
• 단체상해보험 지원
 - 예기치 못한 상황에서도 함께, 힘을 보태드립니다.","[이랜드이노플 소개]
이랜드이노플은 '누구에게나 쉽고 편한 IT 서비스를 제공하여 모두가 누리는 세상을 실현'하고 있는 이랜드 그룹의 Tech 기업입니다.

뉴발란스, 미쏘, 스파오, ​애슐리, NC백화점 등 그룹의 풍부한 비즈니스 인프라를 담당하던 기술력을 바탕으로,기존 ITO 서비스 외 자체 플랫폼 구축 및 사내벤처를 통한 외부 솔루션 출시, 빅데이터, 캐릭터 IP 사업 등 새로운 영역으로의 성장을 거듭하고 있는 혁신적인 조직입니다.","• 이랜드몰(e-commerce 플랫폼) 서비스 백엔드 개발 및 운영
• Restful 기반의 서비스 API 설계/구현 및 고도화"
5,메타솔루션,프론트엔드 개발자,웹 개발자,"• 포항 출퇴근 가능자
• HTML, CSS, javascript, Ajax 숙련자
• 프레임워크 또는 UI 개발 도구 없이도 원하는 웹 페이지의 스크립트 작성 가능자 nan","• VUE.JS / REACT.JS 개발 경험자
• GRID 형태의 관리자 웹 페이지 개발 경험자",0,https://www.wanted.co.kr/wd/155658,"• 4대보험(국민연금,건강보험,고용보험,산재보험) 가입
• 카페테리아,주차장 제공
• 퇴직금,경조금,인센티브,개발자용PC지급,점심/저녁식사 제공
• 장기근속 포상,명절선물,도서 구입비 등
• 월차제도,경조휴가,반차제도,리프레시휴가,출산휴가,근로자의 날 휴무","Meta Solution은 IT 기술을 활용하여 철강산업 분야의 안전성과 효율성을 높이기 위해 다양한 솔루션과 서비스를 개발하는 기업입니다.

Meta Solution은 대표적으로 TMS(Transportation Management System) 솔루션인 “티플” 플랫폼을 서비스합니다.

“티플”은 철강중량화물업에서 운송계획, 배차관리, 운송관제, 운송안전관리, 유지보수 등 다양한 운송공정을 관리하는 시스템입니다.
또한, Meta Solution은 스마트 팩토리와 같은 IoT와 인공지능 기술을 활용한 혁신적인 솔루션도 개발하고 있습니다.

빅데이터 분석을 통해 운송 노선의 이상을 예측하고, 사전에 대응할 수 있는 시스템을 제공하거나, 각종 센서의 정보를 실시간 모니터링해 운송차량의 안전운행에 활용하여 안전운행의 관제 서비스를 개발합니다.

Meta Solution은 운송업분야에서 20년 이상의 경험과 노하우를 가지고 있으며, 국내외 다수의 기업과 함께 TMS 솔루션에 IoT, 인공지능 기술을 적용한 서비스를 준비하고 있습니다.","• 어플리케이션 / 어드민 개발
• 서비스 유지보수"
6,이지스엔터프라이즈,프론트엔드 개발자 (VUEJS_주니어),웹 개발자,"- 기본 기술 자격 요건
   • Vue.js 개발 업무를 2년 이상 경험하신 분

 - 업무 처리 자격 요건
   • 신기술 습득이 빠르며, 응용능력을 보유한 분
   • 문제분석을 통한 솔루션 제안 및 해결 능력이 있는 분 CISSP
IPS
CISA","- 보유 기술 우대사항
 • Vue.js + Spring Boot 연동 개발 경험이 있으신 분
 • BootStrap 활용 경험이 있으신 분
 • IB SHEET 그리드 툴 경험이 있으신 분
 • ubiform 외 오즈, RD(리포트디자이너) 경험이 있으신 분
 • jsp 개발 경험이 있으신 분
 • TypeScript 개발 경험이 있으신 분

- 업무 경험 우대사항
 • 그룹웨어 또는 전자결재 시스템 개발 경험이 있으신 분
 • REST API 개발 경험이 있으신 분
 • AWS 클라우드 환경 개발 및 운영 경험이 있으신 분

- 운영관리 우대사항
 • Jenkins 사용 경험이 있으신 분",2,https://www.wanted.co.kr/wd/163673,"[건강한 사내문화]
• 탄력 근무제, 자유로운 연차, 회식 강요 안해요
• 사우회/사내 동호회 운영

[개인의 성장]
• 자기개발비 지원(도서구입, 피트니스, 교육 등 연 60만원)
• 직무 관련 교육 및 도서 지원
• 본인 혹은 자녀 학자금 지원
• 점심식비 지원(월 10만 페이코 포인트)

[평화로운 가정]
• 질병 치료, 수술 등 의료비 지원 (연 최대 300만원)
• 본인 및 가족 중 1인 건강검진비 지원 

[든든한 포상]
• 매년 우수사원 표창
• 장기근속사원 포상금 지급

[특별한 날]
• 생일축하금 (상품권)
• 창립기념일 선물 (상품권)
• 명절 선물
• 대명 및 한화 콘도 숙박권 사용 및 이용요금 지원
• 결혼과 출산, 가족 경조사 선물과 경조금 지급","* 압도적인 안정성과 시장 점유율 1위인 저희 이지스엔터프라이즈와 함께 성장하실 분을 모십니다.

[이지스엔터프라이즈란?]
    •  이지스엔터프라이즈는 공동주택/집합건물관리 전산솔루션공급 및 금감원에 등록된 전자금융 
        전문업체로서 전국 약 90% 이상의 시장 점유율을 갖고 있는 독보적인 1위 기업
    •  공동주택 분야에서 특화된 경쟁력을 기반으로 국내 시장을 석권하고 있는 우량 강소기업
    •  국내 시장 점유율에 따른 우월적 지위와 새로운 혁신 기술을 이용하여 다양한 서비스 확장 하고자 
        이번 DX팀을 구성

  [주요 서비스]
    • 아파트ERP서비스
        → 인터넷을 통해 공동주택/집합건물 등 건물관리 업무를 처리할 수 있도록 하는 ASP기반의 
             ERP솔루션으로 관리업무 경감, 철저한 보안관리, 신속한 A/S는 물론, 업무와 관련된 외부
            (유관)기관과의 연계를 통해 고객이 보다 쉽고, 편리한 업무를 진행할수 있는 서비스
    • XPBIZ서비스
        → 사업장 별 임대료 및 관리비 부과 및 세부 이력관리, 임대차 계약 및 보증금 관리, 효율적인 
            수납관리에 대한 통합운영관리 서비스
    • 장기수선계획서비스
        → 공동주택을 안전하고 효율적으로 사용하기 위해 필요한 주요 시설의 교체 및 보수 등에 관하여 
             공동주택관리법(제29조제1항)에 따라 수립하는 계획을 지원하고 관리할 수 있도록 지원하는 
             서비스
    • 관리비 수납중계서비스(EBPP)
        → 국내에서 유일한 아파트관리비 VAN서비스로, 관리비 수납 업무를 담당하고 있는 아파트 관리 
             소의 수납업무 편의를 위해 은행/증권/카드사와 제휴하여 아파트관리비 자동이체 뿐만 아니라 
             한국전력 전기요금 자동이체 및 기타 수납중계서비스를 지원하는 서비스

[DX팀은 이렇게 구성되어 있어요]

차세대 ERP 서비스 사업을 성공적으로 추진하기 위하여 TF 조직으로 설립중이며 현재 
 "" DX란? Digital Transformation""
•  DX팀 목표: 차세대 ERP 서비스 사업 기획 및 구축
•  DX팀 멤버
   - 기획팀
   - API 시스템 개발팀
   - 어플리케이션 개발팀

[DX팀의 웹 개발자 팀원분들은 이렇게 일해요]

• 내부망/외부망 분리 운영
• jira-Confluence 소통
• SVN, Git 활용
• Spring 5.0 사용해요
• IBSHEET 8.0  그리드툴 사용
• UBIFORM 리포트툴 사용","• 이지스엔터프라이즈에서 제공하는 공동주택, 집합건물 관리 어플리케이션을 개발하고 운영하는 업무

• 우리가 개발하는 시스템은 회계시스템, 인사급여시스템, 과금관리 시스템, 검침관리 시스템, 민원관리
   시스템, 입주관리(차량관리), 자동이체 관리 시스템 등 효율적인 공동주택 관리에 도움을 주는 
   업무관리 프로그램 입니다.

• 공동주택 및 집합건물 관련 직무별 모든 업무를 통합 관리 할 수 있는 시스템과 입주민 편의를 위한 
   전자민원,방문차량,관리비조회 등의 생활 서비스 연동 개발 
   (전자결재, 전자민원, 장충금관리, 전자문서, 전자투표 등등)"
7,리걸테크,"웹개발자(Python, Django) 3년이상",웹 개발자,"• 웹서비스 개발 3년 이상 유 경험자
• Python, DJango를 기반으로 한 웹서비스 개발 유 경험자 Git
Django
MongoDB
JavaScript
Python
Blockchain
AWS","• 일본어 가능
• 블록체인 기본 지식 보유",3,https://www.wanted.co.kr/wd/148349,"• 주 5일제 근무
• 2호선 뚝섬역 4번출구 200m의 접근성
•명절 선물 / 상품권 지급","[회사소개]

리걸테크㈜는 2015년 설립 이후 클라우드,블록체인, 빅데이터검색을 통해 기업의 디지털 트랜스포메이션(DX)을 선도하기 위한 제품 개발에 노력하고 있습니다. 국내 및 해외 시장 진출을 진행중이며 국내 유일한 가상데이터룸(VDR), 법률과 특허의 통합 검색 서비스, 블록체인 융합 앱 서비스를  제공하고 있습니다. “좋은 기술은 세상을 행복하게 한다”는 경영이념과 새로운 기술 개발을 위한 과감한 도전을 지향하는 기업입니다

[팀소개]

• 개발아키텍처팀
블록체인 기반 정품인증 어플리케이션과 NFT를 개발하였고 고도화를 진행 중입니다.","블록체인 기술을 기반으로 하는 기존 서비스의 기능 추가및 리팩토링

[채용절차]

서류전형 ＞ 면접 ＞ 협의 후 결정

[고용형태]

정규직(수습 3개월 - 수습기간동안 급여는 정상지급)"
8,혜움랩스,프론트엔드 개발자 (주니어),프론트엔드 개발자,"• HTML / CSS / JavaScript 에 대한 이해
• 컴퓨터 사이언스에 대한 기본지식
• 복잡한 요구사항 속에서 문제를 정의하고 풀어내는 능력
• 익숙하지 않은 도메인(세무, 재무)에 대해서 적극적으로 학습할 수 있는 분

Tech Specs
• JavaScript
• TypeScript
• Vue.js
• Github / Github Action
• Jira
• Slack
• Notion
• AWS Github
JavaScript
TypeScript
React.js
Vue.JS","• Vue.js, React.js, Angular 등 SPA 개발 경험이 있는 분
• TypeScript를 사용한 개발 경험이 있는 분
• 테스트 코드 작성을 중요하게 생각하는 분
• 오픈소스 기여 경험이 있는 분
• 적극적으로 동료와 소통하는 분
• 세무나 재무 관련 지식이나 경험이 있으신 분",0,https://www.wanted.co.kr/wd/167433,"# 몰입을 위한
• 액면가 스톡옵션의 기회가 열려있습니다. (2023년 7월 내 합류 기준)
• 최대 주 2회 몰입워크 가능해요 (일하고 싶은 곳 아무데서나!)
• 유연하게 출근하세요 (8:30~11:00 출근 / 17:30~20:00 퇴근)
• 자유로운 휴가 사용, 출산 휴가, 육아 휴직, 육아기 근로 단축 지원해요
• 배우자를 포함한 건강검진이 매년 제공됩니다!
• 육아맘을 위하여 휴직외에도 업무범위를 조정하고 육아기 근로단축, 풀 재택을 지원해요
• 매월 첫 수요일 가족의 날 조기 퇴근, 생일자 조기 퇴근 할 수 있어요
• 개인법카 지급되고, 절차도 간편합니다.

# 전문가 지원
• 업계에서 잘나가는 FE가 될 수 있도록, 다양한 직무 교육을 지원해요
• 교육 연차도 제공됩니다. (역량교육비 일부 차감)
• 최고의 컨설팅펌 연사가 직강하는 Problem&Solving 리더 양성 프로그램을 월 1회 제공해요
• 역량 개발 교육비 지원 (150만원 한도) 해줘요
• 직무도서 구입비 지원 (무제한) 해줘요
• 자격증 취득 및 외부 세미나/교육 출강시 상품권 지급해요
• 사내 스터디 활동비 지원해요

# 위치=복지
• 선릉역 1번 출구 도보 5분 거리 (다음달에 삼성역 코엑스 근처로 이사해요.)","- 간단소개
혜움랩스는 세무,재무,경리 등 AI기반 비서형 금융 서비스를 FaaS 형태로 제공하여, 950만 사장님이 가장 쉽고 친숙하게 쓸 수 있는 AI금융비서를 만들고 있습니다. (B2B 토스, 삼쩜삼으로 성장하고 있습니다.)

- 성과
최근 32만의 사업자 고객을 가입시켰고, 2개의 BM을 통해 자체적으로 수익을 내고 있어, 손익분기선상의 주변에서 재무적인 그래프를 계속 이어나가고 있습니다. (자세한 BM은 하단의 회사소개자료 참조) 2022년 상반기 시리즈 A 70억, 누적 100억의 투자를 유치했고, 시리즈 A 팔로업 투자가 현재 협의 중인 상황입니다.

- 도메인 특성
혜움이 공략하고 있는 도메인은 B2B 이지만, 법인 뿐만 아니라 개인사업자를 대상으로 하기 때문에 B2C 비즈니스 성격도 부분적으로 존재합니다. 또한 확실한 BM으로 안정적이고 묵직한 성장을 할 수 있는 도메인 입니다.(현재 B2B 고객 수 22만명 돌파) 해당 시장에 B2B FaaS 형태로 서비스를 제공함으로써, 국내에는 비어있는 '비서형 금융서비스'의 영역을 선점하려고 합니다.

- 매력포인트
의사결정자(중소 CEO, 개인사업자 등)에 대한 제공권을 장악할 수 있는 최근접 서비스 + 세무/경리/재무/급여/송금 등 한 법인,사업 안에서 이루어지는 모든 Cash Flow Data를 모을 수 있는 길목에 있다는 점이 가장 큰 매력적이라고 생각합니다. B2C 유저 100명 = 사업자 1명 이라고 말합니다. 강력한 사업자 고객들이 직원을 통해서 쓰는 서비스가 아닌, 직접 대표가 쓰는 강력한 플랫폼 + 재무/세무/경리 데이터로 구축된 생태계 안에서 수많은 산하 비즈니스 (ex. 재무생성형챗봇, BI,대출, 마케팅, 채용 등) 으로 확장할 수 있는 가능성이 매우 높다는 점은 제품팀에게는 강력한 매력 포인트라고 생각해요.","• 세무 관련 서비스 및 플랫폼의 프론트엔드 에플리케이션 개발
• 요구사항 분석, 기획, UX 설계, 구현, 테스트 등 서비스 개발 전과정에 참여하여 개발합니다."
9,지지큐컴퍼니(GGQ Company Inc.),[100억↑투자] 프론트엔드 개발자 FE Engineer,프론트엔드 개발자,"[자격요건]
• Front-end(Javascript) 실무 경력 2년 이상
• HTML, CSS 등 W3C 웹 표준 규격에 대한 이해
• 2년 이상 React / Vue.js 등 Single Page Application 프레임워크 활용 능력
• 상태관리도구(Redux, Recoil, pinia, vuex 등) 사용 경험
• Git을 이용한 코드 관리 및 협업 경험

[제출 서류]
• 필수 제출 서류: 자기소개서, 경력기술서
• 우대 제출 자료: Github, Blog

[전형 절차]
• 서류전형 -＞ 실무(기술) 인터뷰 + HR 인터뷰 -＞ 최종 인터뷰 & 합격 (*전형 상황에 따라서 변동될 수 있습니다.) Git
Github
React
JavaScript
TypeScript
Docker
Vue.JS","•  AWS 서비스 및 Docker를 활용한 CI/CD 경험
• Figma를 이용한 협업 경험
• Frontend 기반의 테스트 진행 경험
• SEO 및 웹 접근성에 대한 이해
• 데스크톱용 앱 프레임워크 electron 사용 경험",2,https://www.wanted.co.kr/wd/163886,"지지큐는 이제 정식 서비스 출시를 위해 함께 달릴 수 있는, 게임을 엄청나게 사랑하며, B2C 서비스 출시에 참여 경험이 있는 인재를 찾고 있습니다.

지지큐컴퍼니는 올해 초 110억원 규모의 시리즈 A 투자 유치를 완료하였으며, TIPS 지원사로 선정되기도 하였습니다. 또한 현재 게임을 너무나도 사랑하는 열정적인 파운더와 개발자들로 이루어진 팀입니다. 

현재 내부 베타 서비스 중이며, 한국 및 글로벌 런칭을 준비하며 서비스 출시를 함께 할 인재분들을 찾고 있습니다. 수평적인 관계를 지향하며, 퇴근 후 다같이 게임을 즐기기도 하며 탕비실에는 원하는 다과 및 음료를 가득 채워 넣는 등, 팀원들이 즐겁게 일할 수 있는 분위기를 최우선으로 생각하는 회사입니다.","[게임을 더 즐겁게, 더 잘할 수 있게!]

지지큐컴퍼니의 서비스개발팀은 세계 최초의 인공지능 게임 코칭 플랫폼을 개발하고 있습니다.  올초 이미 League of Legend 어시스턴트 앱인 GGQ Desktop 을 신규 개발하여 베타 출시 하였고 지속적인 업데이트를 통해 기능 및 성능을 개선해 나가고 있습니다. 

저희 지지큐컴퍼니 서비스개발팀은 최고 경쟁력의 당사 AI 연구팀과 함께 세상에 없는 서비스를 개발 중입니다. 서비스개발팀은 프론트엔드 개발자들과 백엔드 개발자로 구성되어 있으며, 자유롭게 소통하고, 함께 문제해결을 고민하여 좋은 서비스를 만들기 위해 노력하고 있습니다. 

서비스개발팀장은 삼성전자 출신 소프트웨어 개발자로 삼성페이, Blockchain 서비스의 핵심 개발을 담당했던 파트장 출신으로 다양한 서비스 개발을 리드한 경험과 런칭 경험을 가지고 있습니다.

리그오브레전드 게임을 시작으로 다양한 게임 및 커뮤니티로 확장할 GGQ의 새롭고 차별화된 경험을 함께 만들어갈 프론트엔드 개발자를 기다립니다.","• 지지큐컴퍼니의 핵심 서비스인 GGQ의 Front End 개발을 담당합니다.
• GGQ 사용자가 직접 사용하는 Web 기반 서비스, Desktop 기반 서비스를 설계하고 개발합니다."
10,에임(AIM),프론트엔드 개발자,프론트엔드 개발자,"• 주도적으로 자신의 일을 찾아 문제를 해결하고 개선하는 분이 필요해요.
• 개발경력 3년 이상, 전산 관련학과 학사 이상 또는 이에 준하는 역량을 가진 분이 필요해요.
• B2C 서비스 구축 및 운영 경험이 있는 분이 필요해요.
• 핀테크 산업 등 첨단 기술의 실무 적용에 대한 관심이 있는 분이면 좋겠어요.
• 다양한 분야의 사람과의 협업 능력이 원활하신 분이 필요해요. Github
JavaScript
Next.js","• React, Vue, Angular 등 SPA 프레임워크 사용에 능숙하신 분이면 좋아요.
• 단순히 주어진 개발을 해내는 것보다, 주도적으로 문제를 발견하고 분석해 솔루션을 제안할 수 있는 분이 필요해요.
• TypeScript, Flow를 이용한 JavaScript 정적 타입 분석을 경험해보신 분이면 좋아요.",3,https://www.wanted.co.kr/wd/161960,"• 성과에 따른 합리적인 보상 (스톡옵션 등)
• 업무 생산성 향상을 위한 최고 사양의 장비 및 업무 도구 제공
• 역량 강화를 위한 세미나, 컨퍼런스, 교육 및 도서 구매 지원
• 실력과 책임감, 팀워크를 갖춘 믿음직한 동료들과 함께하는 즐거움
• 주도적으로 문제를 정의하고 해결해 나갈 수 있는 성장지향적 환경
• WeWork 강남역 근무
• 원하는 간식 상시 구비
• 초과 근무시 저녁 식대, 퇴근 교통비 제공","상위 1% 자산관리를 당신에게 AIM


에임은 국내 1위 핀테크 자산관리 스타트업입니다.


에임은 다수의 사회 구성원들이 보다 윤택한 삶을 누릴 수 있도록 금융투자자산 형성에 기여하고 있습니다.

• 사용자 100만 명 | 계약금액 1조원  | 2년 연속 흑자 달성

IT기술을 활용하여 금융산업의 비효율성을 혁신하고, 국내 1위를 넘어서 글로벌 시장에 도전할 에임 팀의 다음 여정에 합류할 Tech 팀 구성원을 모십니다.","• AIM의 고객 자산 데이터를 관리해요.
• 기획부터 모두 함께 참여해요. 제품의 목표를 이해하고, 사용자에 대한 고민을 이어가며 아이디어 브레인스토밍을 적극적으로 함께해요.
• 시니어 엔지니어를 중심으로, 서비스의 전체적인 Architecture를 디자인해요. 각 서브 시스템의 디자인은 시니어들의 리뷰와 함께 주니어를 중심으로 진행돼요. 이 과정을 통해 Design doc을 완성해요.
• 서비스 구현 뿐만 아니라, 유지 보수를 돕거나 자동화하는 툴 또한 Prioritize를 통해 개발해요."
11,기웅정보통신,ERP 서비스 개발(C#) 및 운영,프론트엔드 개발자,"ㆍC# 기반의 CS 프로그램 개발/유지보수 경력이 있으신 분
ㆍ MS-SQL 유 경험자
ㆍIIS 유 경험자 Linux
React
Java
JavaScript
jQuery
API
HTML5
Spring Framework
Spring Boot
Vue.JS","ㆍ노무/회계/세법 관련 지식
ㆍERP 관련 업무 지식 보유자",0,https://www.wanted.co.kr/wd/161305,"[건강한 사내문화] 
▷ 업무에 집중하고 퇴근 칼! 휴가도 칼! 눈치 안 주고 안받고 ~
• 탄력 근무제, 자유로운 연차, 회식 강요 안해요
• 사우회/사내 동호회 운영(볼링, 클라이밍, 풋살 축구)

[개인의 성장]
• 자기개발비 지원(도서구입, 피트니스, 교육 등 연 60만원)
• 직무 관련 교육 및 도서 지원
• 본인 혹은 자녀 학자금 지원
• 점심식비 지원(월 10만 페이코 포인트)

[평화로운 가정]
• 질병 치료, 수술 등 의료비 지원 (연 최대 300만원)
• 본인 및 가족 중 1인 건강검진비 지원 (KMI 건강검진 센터) 

[든든한 포상]
• 매년 우수사원 표창
• 장기근속사원 포상금 지급

[특별한 날]
• 생일축하금 (상품권)
• 창립기념일 선물 (상품권)
• 명절 선물
• 대명 및 한화 콘도 숙박권 사용 및 이용요금 지원
• 결혼과 출산, 가족 경조사 선물과 경조금 지급 

[그외 복지제도]
• 야근 저녁식대 및 야간 교통비 지원","대한민국 1위 스크래핑 솔루션업체
기웅정보통신에서 함께 성장해나갈 인재를 모집합니다.

기웅정보통신은 1993년에 설립한 31년차의 매우 안정적인 중소기업이며, 
성장성이 매우 높은 핀테크 전문 기업입니다.

[주요 서비스]

초기에는 금융관련 시스템구축업무에 집중했었고, 마이데이터허브(API서비스) & 전자증빙서비스(퀵허브) & 보험통합플랫폼(바로청구) & 스크래핑 솔루션과 핀테크 서비스에 집중하고 있답니다.

또한 2008년 7월(노인장기요양보험) 사업개시와 동시에 국내최초로 개발/보급 하여 성장해온 시장 점유율 1위의 재가방문요양기관 업무프로그램'이지케어'를 운영중에 있습니다.

안정적인 매출과 압도적인 성장성이 보이는 저희와 함께 하실 분을 모십니다.","ㆍERP 페이롤, 노무,회계, 세무 전반적인 운영 (올더페이)

ㆍ프로그램 분석,설계 개발 및 유지관리 (업무분야: 인사/급여/근태/공공/노무/세무/회계)"
12,에이에프아이,웹 엔지니어 (5년 이상),프론트엔드 개발자,"• ReactJS를 활용한 개발 경력이 5년 이상인 분을 찾습니다.
• HTML5/CSS3/Javascript(ES6)에 능숙하신 분을 찾습니다.
• 어드민, 대시보드 등의 개발 경험이 있는 분이 필요합니다. Java
JavaScript
AWS
TCP
C++
UDP
GCP
Unity3D
React.js","• 게임을 좋아하고 게임 산업에 호기심이 있는 분은 저희와 문화적으로 맞을 가능성이 높습니다.
• 3인 이상의 팀을 리드한 경험이 있는 분을 우대합니다.
• 서버에 대한 이해가 있으신 분을 우대합니다.
• 네트워크 게임 출시 경험이 있으신 분을 우대합니다.
• 설계 및 기획을 경험하신 분은 더욱 좋습니다.
• 스타트업이나, B2B 또는 B2C 산업의 경험이 있는 분을 선호합니다.",5,https://www.wanted.co.kr/wd/163769,"""수평적 조직문화를 지니고 있습니다.""
""구성원의 일과 삶의 균형을 존중합니다.""
""기본적인 연차 이외에도 리프레시 휴가 10 일과 디지털 노마드 10 일을 추가로 제공합니다.""

• 오전 8:00~11:00 사이에 자유롭게 출근합니다. 
• 연차 휴가 외 매년 10일의 리프레시 휴가를 추가로 제공합니다.
• 근속 연차에 따라 장기 근속 휴가와 휴가비를 제공합니다.
• 경조사 휴가, 기념일 휴가, 보건(여성) 휴가를 제공합니다.
• 디지털 노마드 제도로 새로운 도시에서 일할 수 있는 즐거움을 드립니다.
• 명절, 어린이날, 크리스마스 선물을 지급합니다.
• 명절 연휴 전일, 크리스마스 이브에는 조기 퇴근합니다.
• 매달, 매년 우수사원을 선발하여 선물을 지급합니다.
• 자기 개발을 위한 도서를 적극 지원합니다.
• 온/오프라인 교육 지원과 세미나 참가를 지원합니다.
• 성장을 위한 자격증 취득을 지원합니다.
• 출퇴근이나 여가 활동을 위해 따릉이 정기권을 지원합니다. 
• 지하철 초 역세권 2호선 뚝섬역 30초 거리 사무실에서 일합니다.","자동차의 구조를 모르는 사람도 조작법만 익히면 운전을 잘 할 수 있습니다. 

게임 서버도 결코 다르지 않습니다. 
AFI는 뒤끝을 통해, 서버 기술자가 없어도 누구나 서버를 사용할 수 있도록 바꾸어 나갑니다.


[채용 배경]

현재 AFI의 게임 서버 스쿼드 내의 웹 챕터에는 두 명의 구성원이 함께 일하고 있습니다.

AFI에서 프론트엔드 업무를 시작한 두 개발자 모두 뒤끝의 외부 고객과 내부 구성원을 위한 페이지를 만드는 데 많은 기여를 했습니다. 뒤끝 서비스가 점점 고도화 됨에 따라 마주하는 과제의 난이도와 업무 부담이 가중 되고 있기에, 구성원을 이끌고 서비스를 발전 시킬 리더 채용을 진행하기로 결정했습니다.
 
AFI와 뒤끝 그리고 웹 챕터 구성원 모두가 성장하기 위해, 경험과 노하우를 바탕으로 챕터를 이끌어 갈 리더를 채용하고자 합니다.

게임 개발자와 챕터의 구성원 모두를 돕는 멋진 일에 함께 할 인재를 찾고 있습니다. :)

함께 일할 게임 서버 스쿼드에는 Devops 엔지니어 2 명, SDK 엔지니어 1명, 백엔드 엔지니어 (서버) 1명이 있으며, 비개발 구성원은 프로덕트 디자인 챕터와 프로덕트 매니저가 있습니다.


[채용 절차]

• 자유 형식의 이력서, 자기소개서 또는 포트폴리오를 PDF 형식으로 제출 바랍니다.
• 서류 검토 -＞ 1차 면접 (직무 전문성) -＞ 2차 면접 (문화 적합성) -＞ 최종 합격


[함께 일할 사람들]

이연암 (4 년차 웹 엔지니어)

- 정보보안 담당자에서 개발자로 커리어의 전환을  AFI와 함께 시작한 구성원.
- 당시 입사 질문이었던 좋아하는 영화에 ‘디파티드’ 라고 답했음.
- 6살 딸 자랑할 때 가장 신나는 모습을 보여줌.
        
이종민 (3 년차 웹 엔지니어)

- 졸업 이후 AFI에서 첫 경력을 시작한 구성원.
- 최근에 스팀덱을 회사에 기증했음.
- 혼밥 따위는 하지 않고 항상 다른 구성원과 같이 밥 먹음.","• 뒤끝 서비스와 관련한 프론트엔드 업무를 담당합니다.
    ◦ 외부의 고객이 사용하는 대시보드 웹[(뒤끝 콘솔)을 개발합니다.
    ◦ 내부 구성원이 사용하는 어드민 웹을 개발합니다.
• 게임 서버 스쿼드 내 웹 챕터 구성원의 성장을 돕고, 업무를 관리합니다.
    ◦ 개발과 팀 관리의 비율은 5 : 5 를 생각하고 있습니다."
13,"AI 혁신의 End-to-end를 함께 하는 전문가 파트너, 마인즈앤컴퍼니 입니다.
2017년, AI 전문 컨설팅펌으로는 국내 최초로 설립된 마인즈앤컴퍼니는 AI 혁신 전략 컨설팅, AI 모델 개발, AI 솔루션 개발까지 AI를 Real World로 도입하는 모든 과정을 함께 합니다.
글로벌 전략 컨설팅펌 출신의 파트너가 마인즈앤컴퍼니를 이끌고 있으며, 업계 최고 수준의 수준의 프로젝트 산출물과 AI 도입 서비스를 지향합니다.
기술과 IT, 비즈니스 언어를 모두 이해하는 하이브리드 역량을 갖춘 전문가 집단으로서 국내 유수의 기업 및 기관과 함께 AI 기반 비즈니스 혁신을 이뤄가고 있습니다.

[마인즈앤 컴퍼니는 이런 회사입니다]
■ 고객사의 고민을 AI 전문가의 시각에서 재정의하고, 문제 해결을 실행하는 모든 단계를 함께하는 전문가 집단입니다.
■ 2017년 설립 이후 지금까지 약 100개 이상의 AI 프로젝트를 수행해온 탄탄한 포트폴리오를 자랑합니다.
■ 글로벌 전략 컨설턴트, Kaggle Competition 마스터, AI 석/박사 인력들이 최고 수준의 AI 모델과 솔루션 제공을 목표로 합을 맞추고 있습니다.

[마인즈앤 컴퍼니는 이런 일을 합니다]
■ 인공지능 활용을 위한 ML Platform, 상용화 모델을 탑재한 ML OPS 제품은 물론 자체 경진대회 플랫폼 AI Connect까지 갖춘 토탈 솔루션을 제공합니다.
■ 금융, 통신, 전자 및 제조 등 대기업군은 물론 스타트업 등 산업 전 분야에 걸친 고객사와 함께 성장 기반을 다져나가고 있습니다.
■ AI 전략 및 모델, 솔루션 등의 프로페셔널 서비스를 제공하기 위해 시각지능, 언어지능, Advanced Analytics 등의 분야에서 전문 역량을 구축하고 있습니다.",인공지능(AI) Data Scientist 채용(경력 5년이상),인공지능/머신러닝,"• 딥러닝/머신러닝 등 AI 관련 분야 전공 및 경력 5년 이상 (단, 석사의 경우 3년 이상 가능)
• 컴퓨터 관련 전공자 수준의 프로그래밍 역량
• 최신 ML 알고리즘과 딥러닝에 대한 이해, 기술을 빠르게 학습하고 구현하는 능력
• 최신 논문을 이해하고 구현 할 수 있는 연구 및 개발 능력
• Deep Learning framework(Tensorflow, PyTorch 등) 기반 개발 경험 
• 대용량의 데이터를 수집, 정제, 분석할 수 있는 역량 MachineLearning
DeepLearning
AI/인공지능
BigData
Python
TensorFlow
PyTorch","• 컴퓨터 공학 관련 석사/박사 학위
• AI 모델 개발 후 서비스 배포 등 상용 서비스 구현 경험
• 뛰어난 의사소통 능력을 가진 분
• 로그 수준의 대용량 데이터를 가공하여 데이터 분석/모델링까지 도출할 수 있는 전체 머신러닝 개발 프로세스 유경험자
• Kaggle 등 AI 관련 Challenge 수상자",5,https://www.jumpit.co.kr/position/4204,"• 업계 최고 수준 연봉(학사 신입 5,000만원 이상)
• 성과 평가에 따른 인센티브 제공
• 3/6/9년차 장기 근속시 Refresh 휴가
• 오피스 점심 식사 및 무한 간식 제공
• 임직원 건강검진(60만원 상당 풀패키지), 단체보험 가입
• 개인 맥북/GPU 서버 등 고성능 장비 지원
• 외부 강의, 도서 구입 등 자기개발 지원
• 명절 선물 및 경조사비/경조휴가","AI 혁신의 End-to-end를 함께 하는 전문가 파트너, 마인즈앤컴퍼니 입니다.
2017년, AI 전문 컨설팅펌으로는 국내 최초로 설립된 마인즈앤컴퍼니는 AI 혁신 전략 컨설팅, AI 모델 개발, AI 솔루션 개발까지 AI를 Real World로 도입하는 모든 과정을 함께 합니다.
글로벌 전략 컨설팅펌 출신의 파트너가 마인즈앤컴퍼니를 이끌고 있으며, 업계 최고 수준의 수준의 프로젝트 산출물과 AI 도입 서비스를 지향합니다.
기술과 IT, 비즈니스 언어를 모두 이해하는 하이브리드 역량을 갖춘 전문가 집단으로서 국내 유수의 기업 및 기관과 함께 AI 기반 비즈니스 혁신을 이뤄가고 있습니다.

[마인즈앤 컴퍼니는 이런 회사입니다]
■ 고객사의 고민을 AI 전문가의 시각에서 재정의하고, 문제 해결을 실행하는 모든 단계를 함께하는 전문가 집단입니다.
■ 2017년 설립 이후 지금까지 약 100개 이상의 AI 프로젝트를 수행해온 탄탄한 포트폴리오를 자랑합니다.
■ 글로벌 전략 컨설턴트, Kaggle Competition 마스터, AI 석/박사 인력들이 최고 수준의 AI 모델과 솔루션 제공을 목표로 합을 맞추고 있습니다.

[마인즈앤 컴퍼니는 이런 일을 합니다]
■ 인공지능 활용을 위한 ML Platform, 상용화 모델을 탑재한 ML OPS 제품은 물론 자체 경진대회 플랫폼 AI Connect까지 갖춘 토탈 솔루션을 제공합니다.
■ 금융, 통신, 전자 및 제조 등 대기업군은 물론 스타트업 등 산업 전 분야에 걸친 고객사와 함께 성장 기반을 다져나가고 있습니다.
■ AI 전략 및 모델, 솔루션 등의 프로페셔널 서비스를 제공하기 위해 시각지능, 언어지능, Advanced Analytics 등의 분야에서 전문 역량을 구축하고 있습니다.","• 최신 Deep Learning/Machine Learning 모델 개발
 - 이미지, 자연어, 수치해석 등 다양한 DL/ML Modeling
 - 분류, 예측, 이상징후 탐지, 추천 등 다양한 영역의 AI 모델 개발
 - DL/ML을 위한 데이터 수집, 정제 및 분석(로그 수준의 데이터 가공 및 분석)

• 최신 AI 알고리즘 센싱 및 연구
 - SOTA AI 기술 리서치 및 알고리즘 연구
 - 데이터 분석 기술 및 알고리즘 고도화"
14,쓰리알이노베이션,안드로이드 앱 개발자(3년 이상),안드로이드 개발자,"• HTTP 통신에 대한 기본적인 이해, REST API에 대한 설계나 개발 경험이 있으신 분
• WebSocket 개발 경험이 있으신 분
• 안드로이드 앱 개발 능력
• 빌드/테스트/배포 자동화 능력
• Android(Kotlin) 앱 개발 경험, 또는 상응하는 모바일 앱 개발 경험이 있으신 분
• Slack, Jira, Confluence 등 협업 도구 기반으로 유관부서 및 동료와 커뮤니케이션이 원활하신 분
• react-native 경험이 있으신 분 Git
Android
React
Kotlin
안드로이드 개발
안드로이드 SDK
Android Studio
React Native","• Unit test 작성, UI 테스트 자동화, CI/CD 등 자동화 관련 경험이 있으신 분 
• 실제 유저 서비스 개발 경험이 있으신 분
• Android App Architecture Guideline을 잘 이해하고 있으신 분 
• Kotiln으로 실 서비스 개발해보신 분
• ios 앱 개발 경험
• react.js 경험이 있으신 분
• webRTC 개발 경험",0,https://www.wanted.co.kr/wd/161585,"• 피트니스 센터 비용 지원해요.
• 직원들 다같이 식사 후 운동하러 가는 문화가 있어요.
• 각종 탕비류를 지원해요.
• 인센티브, 스톡옵션","경력직 Android App 개발자를 찾습니다.

쓰리알이노베이션는 2021년 9월 서울대 컴퓨터공학부 연구실에서 스핀오프한 기업으로서, 오프라인 중심의 수업운영과 학생 멘탈케어 솔류션인 포커스팡(focuspang) ai를  서비스하고 있습니다.

당사는
- 2022년 1월부터 과기정통부의 AI 혁신허브 사업에 참여하고 있으며, 
- 2022년 3월 TCB 기술평가에서  T-4 등급을 획득하였고,
- 2022년 6월에는 벤처인증을 획득하였고,
- 2022년 11월에는 삼성 녹스 파트너개발사가 되었으며,
- 2023년 5월에는 GS인증을 획득하였습니다.","• 서비스 중인 웹 서비스를 안드로이드 앱으로 만드는 개발을 합니다.
• 안드로이드 개발을 합니다.
• 포커스팡의 새로운 기능 개발을 해요.
• 포커스팡의 운영중인 서비스 유지 보수에 참여해요."
15,(주)일루니,3D 그래픽스 엔지니어,VR 엔지니어,"• 3D 그래픽스 기반  3년 이상 경력
• Computer Science, 수학, 물리학 또는 이와 동등한 분야의 학사 이상 학위
• 물리 및 그래픽스에 대한 이론적인 지식을 프로그래밍으로 실체화 개발을 할 수 있는 능력
• 유니티 C# 및 셰이더 개발이 가능하신 분
• 강력한 서면 및 구두 커뮤니케이션 능력 개발, C#, 3d, 클라이언트 개발, 그래픽스","• 서비스 클라이언트 개발 경험
• 서비스 개발부터 출시까지의 경험
• 메타버스 서비스 경험
• 스타트업에서 근무한 경험",3,https://www.jobplanet.co.kr/job/search?posting_ids%5B%5D=1247596,"•https://www.notion.so/37979cb19ca643619ec70c174c473bd0?pvs=4 에서 일루니의 문화를 확인 가능하십니다.
","[Beyond Real, Realize Imagination]
일루니는 자체 AI 기술을 기반으로, 고객들의 상상과 꿈을 이루어주는 융합현실 서비스(스토리셀프/Moii)들을 만들어 나가고 있습니다.
한 장의 사진으로 온 가족이 동화 속 주인공이 되는 인터랙티브 실감 동화, 스토리셀프는 구글플레이/애플앱스토어를 통해 글로벌 출시를 하였으며, KT 지니TV와의 제휴계약을 통해 KT 지니TV에서도 만나보실 수 있습니다.
아바타 기반의 일상대화 서비스, Moii는 2023년 4월내에 베타 출시 예정입니다.
일루니는 자체 AI 기술 또한 솔루션화 하여 B2B 공급을 진행중에 있습니다.
현재 일루니의 AI 기술 / 아바타 기술을 한 단계 더 고도화 하여 서비스를 하기 위한, 3D 그래픽스 엔지니어링 업무가 커지고 있습니다.
일루니의 서비스가 더 많은 고객들에게 더욱 감동적으로 다가갈 수 있도록, 일루니의 3D 서비스의 품질을 한 단계 높여줄 3D 그래픽스 엔지니어님을 찾습니다.","• 3D 아바타 기반의 소셜 서비스(moii) 의 3D 그래픽스 개발
• Cross-메타버스 아바타 API 서비스의 3D 그래픽스 개발
• 그래픽스 및 물리에 대한 이론적인 배경지식을 프로그래밍으로 실체화 개발 
• 일루니의 3D 기반 서비스의 클라이언트 개발"
16,모노리스,AR Unity Engineer,VR 엔지니어,"• 관련 경력 3년 이상 보유자
• Unity3D 툴 활용 가능하신 분
• C#에 대한 이해도가 있으신 분

※ 포트폴리오 필수(형식, 양식 제한 없음)
    * 프로젝트 시연 영상 또는 이미지
    * 프로젝트 구현 코드 또는 개인 계정 Github 링크 기재 nan","• AR·VR, MR(Mixed Reality), Kinect 등, XR기술에 기반한 개발 및 출시 경험이 있으신 분
• RTLS 연계 개발 경험이 있으신 분
• 매직리프, 홀로렌즈, 엑스리얼(구 엔리얼), 애플비전프로 디바이스 사용 경험이 있으신 분
• VisionOS에 깊은 관심이 있으신 분
• 공간(Spatial) 컴퓨팅에 관심 혹은 이해도가 있으신 분",3,https://www.wanted.co.kr/wd/164601,"• 월단위 자율출퇴근 (코어타임 13~16시)
• 자유로운 연차 사용
• 창립기념일 휴무
• 근무지로 여의도 사무실 또는 9.81파크 제주 사무실 선택 가능
• 대학종합병원 건강검진 지원
• 9.81파크 할인쿠폰 지급
• 9.81파크 내 굿즈샵 및 카페 이용 시 직원 할인
• 신규입사자 9.81파크 체험 프로그램 지원","즐거움은 놀이에서 시작합니다.
모노리스는 놀이의 본질인 일탈성과 자유로움을 지키면서 현대 사회의 즐거움에 맞게 시공간을 확장한 새로운 개념의 스마트파크(Smart Park)를 기획, 개발합니다. 그 첫 번째로 Gravity Racer와 ICT가 융합된 ""9.81파크""를 2020년 제주도 애월에 오픈 하였습니다.

스마트파크는 기술을 통해 놀이와 공간의 모든 요소를 네트워크로 통합하고, 나 뿐만 아니라 놀이를 함께 경험한, 또 경험할 수 있는 사람들을 연결하여 지속적으로 확장되는 현대적 놀이의 장(場)으로, 대표적으로는 스포츠, 온라인게임, 테마파크의 특장점이 융합된 공간이라고 할 수 있습니다.

모노리스 팀은 파크의 기획부터 디자인, 인허가, 건축설계, 하드웨어 개발, 소프트웨어 및 시스템 개발, 마케팅, 파크 운영까지 다양한 분야의 전문가들로 구성되어 있으며, 독특한 경력과 개성을 가지고 있습니다. 오프라인과 온라인의 통합, 하드웨어와 소프트웨어의 통합을 통해 새로운 즐거움을 만들어가며, 함께 스마트하게 일하고 신나게 성장해 나갈 여러분을 기다립니다.

[참고기사]
모노리스, 인천공항 스마트 레이싱 파크 투자 협약…‘9.81파크 인천공항’ 개발 착수 - 매일경제TV, 2021년 11월
http://mbnmoney.mbn.co.kr/news/view?news_no=MM1004490371

부산시-모노리스, '9.81파크 부산' 건립·투자 협약 체결 - 대한경제, 2022년 11월
https://www.dnews.co.kr/uhtml/view.jsp?idxno=202211091210095450895

모노리스·야놀자·H2O 등 관광벤처 ""기술력 앞세워 중동시장 공략"" - 이데일리, 2023년 1월
https://n.news.naver.com/article/018/0005407909

모노리스, 그래비티 레이싱 챔피언십 대회 ‘GROC 2022’ 성료 - 매일경제, 2022년 12월
https://www.mk.co.kr/news/business/10557603

모노리스? “우리의 상상은 현실이다” - 벤처 스퀘어, 2020년 12월
https://www.venturesquare.net/819409

[GO!스타트업] ICT 탑재 ‘무동력 레이싱’으로 한국의 디즈니월드 꿈꾸다 - 조선비즈, 2020년 2월
https://biz.chosun.com/site/data/html_dir/2020/02/08/2020020801384.html?utm_source=urlcopy&utm_medium=share&utm_campaign=biz

[ 모노리스 소개 영상 ]
https://youtu.be/QcaJYYBMMFc


[ 포지션 소개 ]
모노리스의 목표는 XR(eXtended Reality)기술을 활용하여 무한한 상상력을 테마파크에 구현하는 것입니다.
이 목표를 위해 모노리스는 AR(Augmented Reality) / VR(Virtual Reality) 기술을 최우선 개발과제로 정하고, 'MONOLITH Spatial Computing'이라는 이름의 새로운 경험을 준비 중에 있습니다.
그 중 AR 기술에 먼저 초점을 맞춰 RTLS(실시간 위치 측정)와 로보틱스 기술을 기반으로 한 AR 컨텐츠를 개발하고 있는데요.

새로운 경험을 만드는 일에 함께하실 분을 모십니다~!","• 현실 공간에서의 액티비티, RTLS와 연계된 AR 게임의 개발 
• Unity 3D를 통한 게임 개발
• AR·VR 연계 기술 개발"
17,마키나락스,백엔드 엔지니어 (ML Service 개발),자바 개발자,"• 문제 해결을 위한 지구력과 순발력이 있는 분
• 오픈소스 보다 자신의 코드에 자부심과 책임감이 있는 분
• 대용량 웹서비스(백엔드) 또는 데이터 실시간 처리 플랫폼 개발해 보신 분
• 데이터 모델 및 시각화에 관심 있는 분
• 데이터 분석을 통해 구조화 하는 것에 관심이 있는 분
• 머신러닝 및 딥러닝 서비스에 대한 관심이 있는 분
• 개발 결과물의 사업화를 가속화 시키는 일에 가치를 두는 분

[ML Service 팀이 찾고 있는 Backend Engineer의 기술 스택]
• Java 기반의 객체지향 설계 및 개발 가능하신 분
• 기본적으로 RDBMS 의 SQL은 능숙하게 활용 가능하신 분
• Apache kafka Cluster 설치 및 활용 가능하신 분
• MariaDB Cluster / PostgreSQL Cluster 활용 가능하신 분
• Linux (Ubuntu / RedHat 계열) 설치 및 활용 가능하신 분
• AWS와 같은 Cloud 환경에서 빌드, 배포, 모니터링 등의 운영 경험 있는 분 Python","• 제품 개발 경험이 있으신 분
• 리눅스 운영체제 설치 및 활용 (개발 및 운영환경 설치 및 튜닝 경험이 있는 분)
• 데이터베이스 및 SQL 튜닝이 가능하신 분
• Python 으로 개발이 가능하신 분
• 다양한 데이터베이스(몽고디비, 아파치 이그나이트, 하둡(HBase) 등)를 활용하여 실 서비스를 구축해 보신 분
• MSA, 컨테이너 기술 경험이 있는 분 


[채용프로세스]
• 서류접수
• 커피챗
• 기술인터뷰
• Fit인터뷰",0,https://www.wanted.co.kr/wd/97166,"마키나락스는...

#'자율'적인 근무환경을 지향합니다
- 무제한 휴가제도
- 유연한 재택근무
- Core Time(10시~4시)을 제외한 자유로운 출퇴근

#'몰입'할 수 있는 환경을 지원합니다.
- 최신 사양 랩탑 지원 (맥북 프로)
- 최신 사양 모니터 지원 (32인치 4k 모니터)
- 야근시 저녁식사 지원
- 다양한 간식와 음료 구비된 스낵바 제공
- 3년 근속 시 한달살기 지원
- 전문연구요원 복무 만료 시 특별휴가 5일 부여
- 연 1회 종합검진 지원 (30만원 상당)

#'성장'을 지원합니다.
- 업무 관련 도서 구매 지원
- 업무 관련 강의 수강 지원
- 사내 스터디 활동 지원

#’소통의 힘’과 '팀이 가지는 시너지'를 믿습니다.
- 모두 ‘님’ 호칭으로 수평적인 문화
- 매주 1회 팀 티타임 지원
- 1on1 티타임 지원
- 월 1회 랜덤 런치 지원
- 사내 소모임 활동 지원
- 매월 칭찬더하기 진행","#Machine intelligence rocks!
마키나락스는 데이터와 AI를 통해 산업 현장의 문제를 해결하는 스타트업입니다.
우리는 산업을 탈바꿈하는 지능화 솔루션을 통해 사람이 본연의 일에 집중할 수 있는 기술을 만들어갑니다.
머신 인텔리전스를 통한 산업혁명! 그 변화를 함께 만들어나갈 마키나원을 기다립니다!

‍‍#함께하게 될 ML Service팀을 소개합니다!
• ML Service팀은 제조, 에너지 등 여러 산업 분야의 복잡한 문제를 해결하기위해 마키나락스의 다양한 제품과 AI 모델을 통합 플랫폼의 형태로 제공합니다.
• 플랫폼 서비스를 제공하기 위해서 ML Service 팀은 운영체제부터 데이터베이스는 물론 네트워크에 대한 깊은 지식과 문제해결 능력을 갖추고자 함께 노력하고 있습니다.
• 다양한 배경과 경험을 가진 백엔드 엔지니어, 프론트엔드 엔지니어가 함께 일하고 있어요.
• 작으면서도 민첩한  ‘피자 두 판 팀(2PT)’을 지향해요.","• 마키나락스는 전세계적으로 시장이 급속히 확대되고 있는, 산업/제조 분야를 위한 ML/인공지능 솔루션을 개발하고 있습니다.
• ML 서비스 개발팀은 마키나락스가 가진 최고의 ML/인공지능 솔루션의 가치를 고객이 쉽게 얻을 수 있는 서비스를 개발합니다.
• 이를 위해 구성원들은 고객 요구사항 분석, 기획, 개발 및 운영의 전과정에 함께 참여합니다.
• 이러한 미션을 달성하기 위해 팀 개발 문화를 지속적으로 함께 고민하고 팀과 구성원, 회사의 성장을 위해 함께 노력할 동료를 찾고 있습니다."
18,"<아키에이지2>는 차세대 PC MMORPG로 언리얼 엔진을 사용하여 개발하고 있으며 많은 사람들에게 새로운 모험의 즐거움을 선사하고자 열정을 담아 개발에 임하고 있습니다.
대규모 프로젝트에 참여하여 새로운 모험을 함께 개척해 나갈 분들을 찾고 있습니다.",[아키에이지2] 엔진 프로그래머 (경력),VR/AR/3D,"• 경력 3년 내외 혹은 그에 준하는 개발 실력을 보유하신 분
• Unreal Engine 4,5에 대한 개발 경험이 있으신 분
• 그래픽스 기술에 대한 폭넓은 이해를 갖추신 분 Unreal Engine
C
C++",• 적극적이고 능동적인 마인드를 소유하신 분,3,https://www.jumpit.co.kr/position/13082,"• 조식, 중식, 석식 제공
• Cafeteria 운영
• 통근버스 운행
• 자기계발비 지급
• 본인, 배우자, 자녀 상해보험 가입
• 건강검진 실시 및 백신휴가 지원
• 경조사 및 근속휴가 지원
• 명절 선물 지급
• 수면실, 샤워실 제공
• 육아휴직, 출산휴가, 임신기간 단축근무 지원
• 매월 마지막 금요일 놀금 운영","<아키에이지2>는 차세대 PC MMORPG로 언리얼 엔진을 사용하여 개발하고 있으며 많은 사람들에게 새로운 모험의 즐거움을 선사하고자 열정을 담아 개발에 임하고 있습니다.
대규모 프로젝트에 참여하여 새로운 모험을 함께 개척해 나갈 분들을 찾고 있습니다.","• 언리얼 4,5 활용 및 차세대 그래픽스 대응
• 게임 에셋 파이프라인 구축 및 최적화
• 엔진 관련 툴 개발"
19,"삼우이머션과 함께 현실의 경계를 넘어서 새로운 미래로!

저희 삼우이머션은 해양산업에 특화된 VR기술로 시작하여 AR분야까지 기술 확장을 이루며
기존 게임산업에 특화되었던 VR시장을 산업적 이용이라는 새로운 패러다임으로 바꾸고
VR직무교육 훈련, 체험 시리즈의 개발 및 보급을 통해 시장을 확대하며 가장 진보한 VR AR 토탈솔루션을 제공하는 리딩기업으로서 꾸준히 성장하고 있습니다.",[삼우이머션] VR개발자,VR/AR/3D,"• 주 사용 언어를 이용한 SW개발 능력
• Unity, Unreal Engine 등 상용엔진을 이용한 개발 능력
• Socket 또는 상용 솔루션을 이용한 네트워크 프로그래밍 능력 C#
C++
Unity
Unreal Engine
VR
SW
Socket.IO","• 주어진 업무에 적극적으로 임하시는 분
• 도전정신이 강한 분
• 단체활동에 무리가 없는 분",3,https://www.jumpit.co.kr/position/12965,"• 수습기간에도 급여는 100%
• OJT를 통해 업무전반에 대한 소개
• 직무에 맞는 고사양 장비 맞춤 지원
• 매월 1회 팀별 조기퇴근 제도
• 연 2회 업무평가서 기반, 연봉 인상 및 승진 기회
• 생일 반차 지원, 상품권 증정, 케이크 및 전직원 케이터링
• 장기근속시 포장근 및 유급휴가 지급","삼우이머션과 함께 현실의 경계를 넘어서 새로운 미래로!

저희 삼우이머션은 해양산업에 특화된 VR기술로 시작하여 AR분야까지 기술 확장을 이루며
기존 게임산업에 특화되었던 VR시장을 산업적 이용이라는 새로운 패러다임으로 바꾸고
VR직무교육 훈련, 체험 시리즈의 개발 및 보급을 통해 시장을 확대하며 가장 진보한 VR AR 토탈솔루션을 제공하는 리딩기업으로서 꾸준히 성장하고 있습니다.",• C++ 또는 C#을 이용한 SW개발 업무
20,이지스엔터프라이즈,DBA (데이터베이스관리자) 대리/과장급,DBA,"• Oracle DBA 업무 경험이 3년 이상 있으신 분
• Linux 기본 지식을 보유하고 있으신 분
• ISMS 인증심사 DBMS 부분 대응 경험이 있으신 분
• 유관부서와 원할한 커뮤니케이션 및 협업이 가능하신 분 CISSP
IPS
CISA","• 직무 관련 자격증(OCP, OCM 등)을  취득한 분
• Database 관련 기술교육 수료한 경우
• MS-SQL DB 사용 경험이 있으신 분",3,https://www.wanted.co.kr/wd/161835,"[건강한 사내문화]
• 탄력 근무제, 자유로운 연차, 회식 강요 안해요
• 사우회/사내 동호회 운영

[개인의 성장]
• 자기개발비 지원(도서구입, 피트니스, 교육 등 연 60만원 지원)
• 본인 혹은 자녀 학자금 지원
• 점심식비 지원(페이코 연 120만원 상당)
•  직무관련 교육, 도서, 세미나 참석 무제한 지원

[평화로운 가정]
• 질병 치료, 수술 등 의료비 지원 (연 최대 300만원)
• 본인 및 가족 중 1인 건강검진비 지원  (연 70만원 상당)

[든든한 포상]
• 매년 우수사원 표창
• 장기근속사원 포상금 지급

[특별한 날]
• 생일축하금 (상품권)
• 창립기념일 선물 (상품권)
• 명절 선물
• 대명 및 한화 콘도 숙박권 사용 및 이용요금 지원
• 결혼과 출산, 가족 경조사 선물과 경조금 지급","[이지스엔터프라이즈란?]
    •  이지스엔터프라이즈는 공동주택/집합건물관리 전산솔루션공급 및 금감원에 등록된 전자금융 
        전문업체로서 전국 약 90% 이상의 시장 점유율을 갖고 있는 독보적인 1위 기업

    •  공동주택 분야에서 특화된 경쟁력을 기반으로 국내 시장을 석권하고 있는 우량 강소기업

    •  최근 5년간 순이익 100억 이상으로 매년 이익률이 증가하는 압도적인 기업

    •  국내 시장 점유율에 따른 우월적 지위와 새로운 혁신 기술을 이용하여 다양한 서비스 확장중

  [주요 서비스]

    • 아파트ERP서비스
         인터넷을 통해 공동주택/집합건물 등 건물관리 업무를 처리할 수 있도록 하는 ASP기반의 
             ERP솔루션으로 관리업무 경감, 철저한 보안관리, 신속한 A/S는 물론, 업무와 관련된 외부
            (유관)기관과의 연계를 통해 고객이 보다 쉽고, 편리한 업무를 진행할수 있는 서비스

    • XPBIZ서비스
         사업장 별 임대료 및 관리비 부과 및 세부 이력관리, 임대차 계약 및 보증금 관리, 효율적인 
            수납관리에 대한 통합운영관리 서비스

    • 장기수선계획서비스
         공동주택을 안전하고 효율적으로 사용하기 위해 필요한 주요 시설의 교체 및 보수 등에 관하여 
             공동주택관리법(제29조제1항)에 따라 수립하는 계획을 지원하고 관리할 수 있도록 지원하는 
             서비스

    • 관리비 수납중계서비스(EBPP)
         국내에서 유일한 아파트관리비 VAN서비스로, 관리비 수납 업무를 담당하고 있는 아파트 관리 
             소의 수납업무 편의를 위해 은행/증권/카드사와 제휴하여 아파트관리비 자동이체 뿐만 아니라 
             한국전력 전기요금 자동이체 및 기타 수납중계서비스를 지원하는 서비스

    • 아파트아이 서비스
         전국 아파트 관리사무소와 입주민 모두를 위한 아파트 관리 및 생활편의 앱을 제공하여 아파트 
             관리비 온라인 조회/납부/할인 서비스 및 이메일 고지서를 제공하는 서비스


압도적인 안정성과 시장 점유율 1위인 저희 이지스엔터프라이즈와 함께 성장하실 분을 모십니다.","•  전사 데이터베이스 운영 및 관리 (Oracle)
   - DB 구성
   - DB 점검 및 모니터링 (백업, 복구, 트러블 슈팅)
   - DB 패치, 업그레이드, 성능 관리 
   - ISMS 인증심사 DBMS 부분 업무 수행"
21,"“We Simulate, Connect and Digitalize the World”
이에이트 주식회사는 시뮬레이션으로 연결하여 새로운 디지털 세계를 만드는 플랫폼 개발 기업입니다.

국내 최초 순수 국내 기술로 개발된 입자기반 시뮬레이션 소프트웨어 NFLOW 및 디지털 트윈 플랫폼 NDX PRO를 통해 시뮬레이션과 디지털 트윈 융합이 필요한 모든 산업분야에서 최고의 파트너가 되고자 국내 최고수준의 인재들과 함께 연구개발에 매진하고 있습니다.

이에이트의 모든 구성원들은 서로를 '존중'하고, 업무와 관련한 다양한 정보들을 '공유'하며, 각자의 생각을 자유롭게 '소통'하면서 함께 회사를 발전시켜 나가고 있습니다.

이에이트의 기술력을 통해 우리 사회가 직면한 문제들에 대한 새로운 해법을 제시하고, 더 나은 세상을 만드는 것이 우리의 목표입니다.","Unity3D Developer(유니티 개발, C#, Github, WebGL, Javascript)",VR/AR/3D,"• 학력 무관
• Unity3D 사용 경험 1년 이상
• C#, .NET 프로그래밍 언어 사용 가능자
• Github 사용 경험자 Unity
3D Rendering
3D Volume Rendering
C#
WebGL
JavaScript
.NET","• 능동적인 자세와 활발한 커뮤니케이션 역량 보유자
• 3D 모델링 툴 사용 가능 (3DS MAX, Blender)
• WebGL에 대한 이해도 보유자
• JavaScript 활용 가능자",1,https://www.jumpit.co.kr/position/11036,"하늘에서 일하는 IT 직장인의 하루 ▶ https://youtu.be/CKVbalvRkyg 

[Health]
• 롯데월드타워 인근 쾌적한 근무 환경
• 운동시설등록비, 임직원 건강검진 제공
• 중석식 제공, 무제한 스낵바

[Culture & Life]
• 장기근속포상휴가, 리프레시 휴가
• 패밀리데이 조기퇴근 및 선물 지급, 생일 선물 지급
• 청년내일채움공제 지원
• 경조휴가 및 경조사비 지원

[Education]
• 교육비 및 도서구입비 지원","“We Simulate, Connect and Digitalize the World”
이에이트 주식회사는 시뮬레이션으로 연결하여 새로운 디지털 세계를 만드는 플랫폼 개발 기업입니다.

국내 최초 순수 국내 기술로 개발된 입자기반 시뮬레이션 소프트웨어 NFLOW 및 디지털 트윈 플랫폼 NDX PRO를 통해 시뮬레이션과 디지털 트윈 융합이 필요한 모든 산업분야에서 최고의 파트너가 되고자 국내 최고수준의 인재들과 함께 연구개발에 매진하고 있습니다.

이에이트의 모든 구성원들은 서로를 '존중'하고, 업무와 관련한 다양한 정보들을 '공유'하며, 각자의 생각을 자유롭게 '소통'하면서 함께 회사를 발전시켜 나가고 있습니다.

이에이트의 기술력을 통해 우리 사회가 직면한 문제들에 대한 새로운 해법을 제시하고, 더 나은 세상을 만드는 것이 우리의 목표입니다.",• Unity3D를 활용한 디지털 트윈 컨텐츠 개발
22,"인터엑스는 제조 AI 및 자율공장 전문 기업으로 누구나 쉽게 제조 빅데이터를 분석하고 쉽게 현장에 적용할 수 있도록 인공지능(AI) 기반 제조 빅데이터 분석 서비스 플랫폼을 제공하고 있습니다.

기존의 빅데이터 분석 서비스가 단순히 데이터를 나열하고 시각화 하는것에 그쳤다면 인터엑스의 제조 빅데이터 분석 서비스는 빅데이터 분석과 IoT(사물 인터넷)의 결합으로 개선된 프로세스를 현장에 자동 적용하여 스마트팩토리를 고도화 시키는 것이 인터엑스의 목표입니다.

우리는 제조 AI와 빅데이터가 가지는 무궁무진한 가능성을 제조기업 모두가 누리며 함께 성장하고 성공스토리를 만들 수 있도록 노력하고 있습니다.


■ 인터엑스를 소개합니다 
• 인터엑스 기사 : https://www.hankyung.com/society/article/202202104075h
 https://www.etnews.com/20210802000178
 https://www.epnc.co.kr/news/articleView.html?idxno=200507
 http://www.ksilbo.co.kr/news/articleView.html?idxno=915233
 http://www.industrynews.co.kr/news/articleView.html?idxno=44064",[울산] 유니티(Unity) 개발자,VR/AR/3D,"[이런 분이 필요해요!]
• 5년 이상 경력을 갖추신 분
• C#, 자료구조, 알고리즘 이해 및 네트워크 프로그래밍 경험이 있으신 분
• 프로그래밍 경험이 있으신 분

[업무에 꼭 필요한 기술 스택 입니다]
• Unity 3D
• C# Unity
3D Rendering
C#
WebGL","[이런 분이면 더욱 좋아요!]
• 웹 기반의 프로젝트이기에 WebGL 기반 유니티 3D개발 경험이 있으신 분 
• Digital Transformation의 새로운 영역에 대한 관심 및 도전 의식을 갖추신 분
• 긍정적인 업무 마인드를 갖추신 분 
• 본인 역할에 대한 책임감이 강한 분",2,https://www.jumpit.co.kr/position/14411,"★ 업무진행
• Google Workspace를 통해 업무를 진행하며, 구성원 간 시간을 존중하고 있습니다. 
• agile 조직 답게 구성원들을 서로 신뢰하며, 신속하게 업무를 진행합니다. 
• 모든 구성원은 고객 가치 창출을 목표로 일하고 있습니다. 

★ 업무지원 
• 당 떨어짐 방지 ! 다양한 간식들(커피,음료,과자)이 구비되어 있는 카페테리아! 
• 일의 효율을 위해 최신 장비 지원! 
• 식대지원 (개인 법인카드 지급)
• 항시 음악이 흐르는 쾌적한 오피스공간 
• 월급날은 가족과 함께 보내세요 ! 패밀리 데이 운영 (조기퇴근)

★ 성장을 위한 지원
• 자율복장
• 항시 음악이 흐르는 쾌적한 오피스공간 
• 사내 카페테리아 운영 중 (커피, 음료 등 다양한 간식 구비) 
• 1년에 한번 일주일 통 큰 하계휴가! (최대 5일)
• 월급날(패밀리 데이) 가족과 함께 보내세요! (1시간 조기퇴근)
• 자유로운 연차 및 시간단위 연차 사용 가능!! 
• 패밀리데이 월급일 1시간 일찍 퇴근! 
• 모든 도서 구입 지원! (직원 성장에 필요한 부분은 아끼지 않아요!) 
• 교육 강의 지원! (업무 유관 교육 수강 신청 시 적극 지원하고 있습니다!) 
• 직무별 IX Academy 운영을 통해 커리어 성장 지원
• 사내 스터디 지원 (시험 합격 시 응시비용 전액 지원) 
• 직원 분들의 경조사를 지원하고 있어요 
• 추석 등 명절선물을 지급하고 있어요!","인터엑스는 제조 AI 및 자율공장 전문 기업으로 누구나 쉽게 제조 빅데이터를 분석하고 쉽게 현장에 적용할 수 있도록 인공지능(AI) 기반 제조 빅데이터 분석 서비스 플랫폼을 제공하고 있습니다.

기존의 빅데이터 분석 서비스가 단순히 데이터를 나열하고 시각화 하는것에 그쳤다면 인터엑스의 제조 빅데이터 분석 서비스는 빅데이터 분석과 IoT(사물 인터넷)의 결합으로 개선된 프로세스를 현장에 자동 적용하여 스마트팩토리를 고도화 시키는 것이 인터엑스의 목표입니다.

우리는 제조 AI와 빅데이터가 가지는 무궁무진한 가능성을 제조기업 모두가 누리며 함께 성장하고 성공스토리를 만들 수 있도록 노력하고 있습니다.


■ 인터엑스를 소개합니다 
• 인터엑스 기사 : https://www.hankyung.com/society/article/202202104075h
 https://www.etnews.com/20210802000178
 https://www.epnc.co.kr/news/articleView.html?idxno=200507
 http://www.ksilbo.co.kr/news/articleView.html?idxno=915233
 http://www.industrynews.co.kr/news/articleView.html?idxno=44064","[함께하시면 맡게 될 업무입니다!]
• Digital Twin 개발
• 유니티 플랫폼 기반 개발
• C#, 자료구조, 알고리즘 이해 및 네트워크 프로그래밍"
23,이지스엔터프라이즈,DBA (데이터베이스관리자) 대리/과장급,DBA,"• Oracle DBA 업무 경험이 3년 이상 있으신 분
• Linux 기본 지식을 보유하고 있으신 분
• ISMS 인증심사 DBMS 부분 대응 경험이 있으신 분
• 유관부서와 원할한 커뮤니케이션 및 협업이 가능하신 분 CISSP
IPS
CISA","• 직무 관련 자격증(OCP, OCM 등)을  취득한 분
• Database 관련 기술교육 수료한 경우
• MS-SQL DB 사용 경험이 있으신 분",3,https://www.wanted.co.kr/wd/161835,"[건강한 사내문화]
• 탄력 근무제, 자유로운 연차, 회식 강요 안해요
• 사우회/사내 동호회 운영

[개인의 성장]
• 자기개발비 지원(도서구입, 피트니스, 교육 등 연 60만원 지원)
• 본인 혹은 자녀 학자금 지원
• 점심식비 지원(페이코 연 120만원 상당)
•  직무관련 교육, 도서, 세미나 참석 무제한 지원

[평화로운 가정]
• 질병 치료, 수술 등 의료비 지원 (연 최대 300만원)
• 본인 및 가족 중 1인 건강검진비 지원  (연 70만원 상당)

[든든한 포상]
• 매년 우수사원 표창
• 장기근속사원 포상금 지급

[특별한 날]
• 생일축하금 (상품권)
• 창립기념일 선물 (상품권)
• 명절 선물
• 대명 및 한화 콘도 숙박권 사용 및 이용요금 지원
• 결혼과 출산, 가족 경조사 선물과 경조금 지급","[이지스엔터프라이즈란?]
    •  이지스엔터프라이즈는 공동주택/집합건물관리 전산솔루션공급 및 금감원에 등록된 전자금융 
        전문업체로서 전국 약 90% 이상의 시장 점유율을 갖고 있는 독보적인 1위 기업

    •  공동주택 분야에서 특화된 경쟁력을 기반으로 국내 시장을 석권하고 있는 우량 강소기업

    •  최근 5년간 순이익 100억 이상으로 매년 이익률이 증가하는 압도적인 기업

    •  국내 시장 점유율에 따른 우월적 지위와 새로운 혁신 기술을 이용하여 다양한 서비스 확장중

  [주요 서비스]

    • 아파트ERP서비스
         인터넷을 통해 공동주택/집합건물 등 건물관리 업무를 처리할 수 있도록 하는 ASP기반의 
             ERP솔루션으로 관리업무 경감, 철저한 보안관리, 신속한 A/S는 물론, 업무와 관련된 외부
            (유관)기관과의 연계를 통해 고객이 보다 쉽고, 편리한 업무를 진행할수 있는 서비스

    • XPBIZ서비스
         사업장 별 임대료 및 관리비 부과 및 세부 이력관리, 임대차 계약 및 보증금 관리, 효율적인 
            수납관리에 대한 통합운영관리 서비스

    • 장기수선계획서비스
         공동주택을 안전하고 효율적으로 사용하기 위해 필요한 주요 시설의 교체 및 보수 등에 관하여 
             공동주택관리법(제29조제1항)에 따라 수립하는 계획을 지원하고 관리할 수 있도록 지원하는 
             서비스

    • 관리비 수납중계서비스(EBPP)
         국내에서 유일한 아파트관리비 VAN서비스로, 관리비 수납 업무를 담당하고 있는 아파트 관리 
             소의 수납업무 편의를 위해 은행/증권/카드사와 제휴하여 아파트관리비 자동이체 뿐만 아니라 
             한국전력 전기요금 자동이체 및 기타 수납중계서비스를 지원하는 서비스

    • 아파트아이 서비스
         전국 아파트 관리사무소와 입주민 모두를 위한 아파트 관리 및 생활편의 앱을 제공하여 아파트 
             관리비 온라인 조회/납부/할인 서비스 및 이메일 고지서를 제공하는 서비스


압도적인 안정성과 시장 점유율 1위인 저희 이지스엔터프라이즈와 함께 성장하실 분을 모십니다.","•  전사 데이터베이스 운영 및 관리 (Oracle)
   - DB 구성
   - DB 점검 및 모니터링 (백업, 복구, 트러블 슈팅)
   - DB 패치, 업그레이드, 성능 관리 
   - ISMS 인증심사 DBMS 부분 업무 수행"
24,띵스플로우,ML Scientist,머신러닝 엔지니어,"• 다양한 형태의 데이터 분석 및 모델링 가능하신 분
• 데이터 및 머신러닝에 대한 수학적 이해와 통계적 지식이 있는 분
• 최신 알고리즘을 활용하여 실제 비즈니스 문제 해결 경험이 있으신 분
• 3년 이상 유관 업무 경험을 보유하신 분
• 원활한 커뮤니케이션을 통해 분석 및 모델링 결과를 동료들과 소통 할 수 있는 분 Git
AWS
GCP
Kubernetes
ML","• AWS, GCP 등의 클라우드 서비스를 경험해보신 분
• 텍스트 기반 컨텐츠 관련 ML 프로젝트를 진행하신 분
• PM, 엔지니어등 비연구원과의 소통에 강점이 있으신 분
• Kubernetes, Airflow 에 익숙하신 분",3,https://www.wanted.co.kr/wd/140496,"몰입을 위한 최고의 근무 환경
• 쾌적한 환경에서 일해요: 성수 단독 사옥
• 모션데스크, 사내 카페, 안마의자/수면실 등 리프레시룸 제공
• 좋은 일터는 탁월한 동료가 있는 곳: 훌륭한 동료와 직급 없는 '~님' 문화
• 여러 공간에서 업무 해요: 주 1회 재택근무 가능
 
아낌없는 보상과 지원
• 먹고 힘내요: 맛있고 든든한 점심 제공 
• 무제한 커피와 10종 이상 음료 제공
• 안전하게 귀가해요: 야근시 교통비 지원
• 배움과 성장을 응원해요: 사내 도서관, 도서비 지원
• 입사를 축하해요: 헬로우봇 라마마와 풀리피 굿즈 제공 및 구매 가능 
 
라이프와 재충전
• 라이프 스타일에 맞게 업무를 시작해요: 오전 8시~11시 사이 출근
• 생일을 축하해요: 생일 반차 제공
• 자유로운 휴가 사용: 1시간 단위 사용 가능
• 경조사 휴가 및 지원금
• 쉴 때는 잘 쉬어요: 기본 연차 외 방학 제도(5일)
• 업무중 리프레시가 필요해요: 33휴식 제도 (하루 30분 유급 휴식)
• 추천해요: 직원 사내 추천제도 및 보상 
• 4년 장기근속 안식월 유급휴가","""The future of the creator economy with technology""
우리는 창조의 즐거움을 누리는 세상을 만듭니다
 
띵스플로우는 캐릭터 챗봇 '헬로우봇' 앱과 세계 최초 커플 메신저 서비스로 사랑 받는 '비트윈', 인터랙티브 스토리 게임 '스플'을 서비스하고 있는 AI Tech 콘텐츠 플랫폼 기업입니다. 
 
[Thingsflow’s Content]
우리는 변화하는 콘텐츠 플랫폼 시장에서 누구보다 빠르게 기회를 찾아내어 사랑받는 서비스를 만들어 냈습니다.
 
* We Make Friends, hellobot
헬로우봇 앱은 2018년 2월 정식으로 서비스를 시작해 현재 누적 350만 다운로드를 돌파했습니다. 헬로우봇의 대표 챗봇인 “라마마”는 자체 서비스인 헬로우봇 앱뿐만이 아니라 페이스북 메신저, 카카오톡, AI 스피커 등 다양한 플랫폼에서 280만명 이상에게 연애상담을 해주었습니다.
 
* 연애의 시작, Between
비트윈 앱은 2011년 출시한 국내 대표 커플 메신저 앱으로 프라이빗 메신저로 주목받았습니다. 3800만명에 달하는 연인의 소통을 이어주었으며, 현재는 글로벌 커플 메신저로 일본, 대만, 영어권에서 사랑받고 있습니다. 
특히 일본에서는 커플메신저 서비스로 사용자수 1위를 자랑합니다.
 
* Choose Your Own Path, StoryPlay 
스플 앱은 국내 최초 인터랙티브 스토리 플랫폼으로, 사용자가 이야기의 주인공이 되어 선택을 내릴 수 있는 콘텐츠 게임입니다. 최근 주목받은 스플의 MBTI 소개팅 시리즈는 천만뷰를 달성했습니다. 현재 네이버 웹툰, 시리즈 원작의 작품을 새롭게 플레이 할 수 있습니다. 
  
[Our Core Value]
Excellence, 탁월함 
훌륭한 일터는 멋진 동료들이 있는 곳입니다. 띵스플로우에서는 탁월한 역량을 가진 사람들이 모여 시너지를 내며 일합니다. 서비스 개발자, PO, 마케터, 작가와 디자이너까지 뛰어난 동료에 자부심을 느끼며 더 훌륭한 성과를 내고자 합니다. 탁월하기 위해 끊임없이 시도합니다.
 
Spirit of sharing, 공유 정신 
우리는 공개하기 어려운 지표도 투명하게 공유하며, 팀원이 가진 정보에 쉽게 접근할 수 있습니다. 리더와 팀원 모두 적극적인 업무 공유를 통해 서로의 일과 해야 하는 일을 파악할 수 있습니다. 여러가지 일의 맥락을 파악하여 가장 중요하다고 생각하는 일에 집중할 수 있습니다.
 
Do Fast, Learn Fast, 빠른 실행과 배움
회사에 이로운 일이라고 생각하면 실행에 옮깁니다. 빠른 실행력이 오랜 시간 계획을 세우는 것보다 중요합니다. 우리는 실패를 통한 '배움'에 초점을 맞춥니다. 실행과 배움을 반복하다 보면 탁월해진다고 믿습니다. 빠른 실행을 통한 학습의 경험이 차곡차곡 쌓여 역량이 될테니까요.
 
띵스플로우 팀은 자기의 일을 좋아하고 잘하는 사람들입니다. 사용자와 서비스를 중심으로 빠르게 실행하고 학습하며, 다양한 직무의 사람들이 협업을 통해 시너지를 내고 있습니다. 
최근 크래프톤의 가족이 되어 고속 성장의 여정을 만들어 나가고 있습니다.
 
다양한 콘텐츠 혁신을 이루고 있는 띵스플로우에서 미래 크리에이티브 생태계를 함께 만들어가실 분을 찾습니다.
 
-History-
2022. 07. 스플 ＜MBTI 소개팅＞ 1,000만뷰 돌파
2022. 06. 성수 단독 사옥 이전
2022. 06. 띵스플로우 - 비트윈어스 합병
2021. 12. 구글플레이 올해를 빛낸 엔터테인먼트앱 최우수상 
2021. 07. 크래프톤 자회사로 인수 [https://www.venturesquare.net/831757]
2021. 05. 스토리플레이 앱 출시, 출시 5일만에 앱스토어 도서 카테고리 5위
2021. 01 일본 법인 설립
2020. 11 일본 서비스 시작
2020. 08 신한벤처스 등으로부터 28억 규모 시리즈 A 투자 유치
2019. 05. 라마마 타로카드 & 가이드북 크라우드 펀딩 모금액 1억 원 돌파
2018.12. 구글플레이 올해를 빛낸 인기 앱∙올해를 빛낸 엔터테인먼트 앱 우수상 2관왕
2018. 02. 구글플레이 및 앱스토어 앱 출시 - 평점 평균 4.5점
2017. 12. 본엔젤스 및 스프링캠프로부터 6억 원 투자 유치
 
 
합류 여정
• 접수 기간 : 상시지원 
• 합류 여정: 서류전형＞직무과제＞커피챗+1차면접 ＞ 2차면접 
                  (포지션에 따라 전형절차가 변경될 수 있습니다)
• 제출 양식: PDF파일","• 다양한 모달리티의 (자연어, 이미지, 오디오) 컨텐츠 창작을 위한 최신 딥러닝 생성 알고리즘 설계 및 활용
• 비즈니스 요구 사항으로부터 AI/ML 프로젝트 도출, 프로토타이핑, 모델 구현
• 대용량 데이터를 사용하는 알고리즘 훈련과 실시간 추론이 가능한 확장성 있는 플랫폼 설계"
25,버즈니(Buzzni),[AI/LAB] RECOMMENDATION SYSTEM 리서치 엔지니어(전문연가능),머신러닝 엔지니어,"• 추천 기술에 대한 이해가 있으신 분
• 머신러닝 관련 전공 석/박사 학위 소지 또는 그에 준하는 연구/개발 경험이 있으신 분
• 논문을 빠르고 정확하게 이해하고 구현할 수 있으신 분
• TensorFlow, PyTorch 등 머신러닝 라이브러리 사용에 능숙하신 분
• API화 및 배포까지 할 정도로 Python 사용에 능숙하신 분

※ 참고사항 : 해당 직군은 상세 경력기술서 제출이 필수입니다. Python
AWS","• 추천 모델을 직접 개발하고 서비스한 경험이 있으신 분
• 오픈소스 코드를 자유롭게 수정하고 활용할 수 있는 능력이 있는 분
• 최신 추천 기술 동향을 파악하고 계신 분
• 대용량 데이터 처리 환경에서의 업무 경험이 있으신 분
• 서비스에서 생겨나는 데이터를 기반으로 분석을 한 경험이 있으신 분",0,https://www.wanted.co.kr/wd/152935,"■ 버즈니 채용 전형
[서류 전형] - [과제 전형] - [1차 실무진 인터뷰] - [2차 경영진 인터뷰] - [처우/입사일 협의] - [최종합격]

■ 버즈니는 입사 후 3개월 동안 크루와 회사간의 핏을 맞춰가는 수습기간을 진행하고 있습니다.

■ 버즈니크루에게 제공되는 다양한 베네핏
 
[상위 최고 수준의 연봉 대우] 
• 우리는 우수한 인재를 우리의 동료로 함께 하기 위한 투자를 아끼지 않습니다.
• 경력직의 경우 상위 최고 수준의 대우를 보장
• 스톡옵션 선착순 부여

[연간 복지혜택]
• 점심식비 10,000원 / 일 (연간 250만원 이상/재택근무 포함)
• 종합검진 2년에 1회

[워라밸과 함께합니다.]
• 7 to 11 자율출근제 (1일 최소 6시간 근무, 주 40시간 근무)
• 매주 수요일은 재택근무 day
• 12시 ~ 2시까지 중 희망하는 시간에 자유로운 점심 시간 진행
• 업무 시간 중 자유로운 개인 외출 가능 (외출과 복귀는 사내 시스템을 통해 자유롭게 등록)
• 자유로운 휴가제도 (당일 연차 사용도 OK!)

[웰컴 뉴 버즈니 크루 패키지]
• 웰컴 키트 지급 (뉴 버즈니 크루를 환영하기 위한 온보딩 키트 지급)
• 웰컴 업무 장비 지급 (400만원 정도의 개인 업무장비 지급 / 신형 맥북 프로, LG모니터, 브랜드 의자 등)
• 웰컴 기프트 (버즈니 합류 전 감사의 마음을 담아 과일바구니를 자택으로 발송)
• 신규입사자 온보딩 (신규입사자 적응을 돕는 온보딩 과정과 메타버스 공간에서 진행하는 신규 버즈니 크루 소개)
• 페이스메이커 제도 (입사 후 3개월 간 페이스메이커 두 분을 통해 버즈니를 알아가고 핏을 맞춰가는 시간)

[쾌적하고 집중할 수 있는 업무 환경을 위해]
• 사내 스낵바 운영
• 업무 능률 향상을 위한 안마의자실 공간
• 버대리를 통해 편하고 자율적인 근태 신청과 운영이 가능

[쉼표가 필요할때는 리프레시를 드려요 / 근속 혜택]
• 2년 근속 시 월 6만 원의 교통비(근속수당) 지급
• 3,6,9년 근속 시 100만 원의 포상금과 5일의 리프레시 휴가 지급
• 종합건강검진 
• 결혼 시 100만원 지급, 10만원 상당의 출산 선물 지급

[퇴근이 늦어진다면 보상해드려요]
• 저녁 제공 (저녁식대 1.2만원/오후 9시 이후)
• 야근교통비 실비 or 2만원 중 택1
• 올빼미 지원(늦게 퇴근하면 당연히 늦은 출근-12시 퇴근 시 다음날 12시 출근)
• 특근 시 근무시간에 비례한 휴가 지급

 ■ 버즈니크루가 함께 만들어가는 조직문화

[활발한 공유 문화 및 효율적인 소통 문화]
1)전사 프라이데이토크
-매주 (금) 메타버스 공간에서 주간 이슈, 방향성, 경영진 소통 등 정보를 투명하게 공유하는 문화

2)불필요한 보고, 회의 지양 문화
-불필요한 형식의 보고, 미팅 보다는 노션,슬랙,스몰톡을 통해 그때 그때 공유하는 문화

[지식 교류 및 스터디 문화]
•업무 시간 중 가능한 자율 스터디 지원.
-테크쉐어, 파이썬 아키텍처, SQL 스터디, 데이터 스터디, 디자인 컴퍼넌트, 독서 등
•업무와 관련하여 듣고 싶은 유.무료 외부 교육 지원
•사내 세미나 직원들에게 공유하고 싶은 인사이트가 있다면 사내 세미나를 통해 자유롭게 전달
•업무에 필요한 도서는 버즈니 도서관에서 해결! 없다면 무제한 구매 지원 가능

[수평적인 조직 문화]
• Role-driven 조직
• 구성원 스스로가 결정권자로서 모든 일에 자유로운 권한과 책임감을 통한 주도적 성장 환경
• 딱딱한 직급 대신 닉네임으로 서로를 부르며 상호존중하는 문화
• 성장의 즐거움을 즐기는 것은 버즈니의 가장 큰 성과로서, 그에 맞는 보상으로 보답하는 환경
• 실패가 아닌 ""경험""  경험은 쌓일수록 더 좋은 다음을 만들 수 있기에... :)",""" 대한민국 사람 4명 중 1명은 버즈니의 서비스 홈쇼핑모아를 사용하고 있습니다! ”

■ 버즈니 소개
버즈니는 데이터기술로 생활의 가치를 더한다는 비전을 가지고, 더 똑똑하고 편리한 홈쇼핑 서비스를 제공하기 위해 계속해서 사업 영역을 넓혀가고 있습니다.
버즈니의 대표 서비스 ""홈쇼핑모아""는 연간 15조 이상의 규모를 가진 홈쇼핑 시장에서 18개 홈쇼핑 및 T커머스 채널들의 홈쇼핑 정보를 통합해서 제공하고, 홈쇼핑사/종합몰/오픈마켓의 1억 건 이상의 상품을 검색 해주며, 출시 5년만에 누적 다운로드 1000만건을 넘었고 매월 약100만명의 이용자가 이용하며, 연간 1200억원 이상의 거래액을 내고 있는 명실상부 국내 1위 모바일 쇼핑 플랫폼입니다.
버즈니는 그 가치를 인정받아 영국 파이낸셜 타임즈와 스태티스타(Statista)가 매년 아시아·태평양 12개 국가의 기업 중 가장 높은 성장률을 보이는 기업을 기준으로 총 500개 기업을 선정됐고, 버즈니는 아시아 태평양 고성장 기업 이커머스 부문 15위에 선정되었습니다.

버즈니는 AI기술을 커머스 분야에 적용하면서 경험과 노하우가 쌓였고, 기술 추진 전략 및 방향성에 대한 자신감이 생겼습니다. 앞으로 커머스 AI 기술을 더욱 발전시켜 ‘홈쇼핑모아’ 뿐만 아니라, 비즈니스 파트너인 홈쇼핑사, 벤더사를 아우르는 등  홈쇼핑 업계 전반에서 빅데이터로 연결할 수 있는 홈쇼핑 생태계 플랫폼으로 성장해가기 위해 또 한번 도약을 준비하고 있습니다.


■ 버즈니가 걸어온 성장의 즐거움
• 구글 플레이스토어, 애플 앱스토어 기준 모바일 홈쇼핑 포털 부문 1위
• 홈쇼핑모아 월간 순 이용자수(MAU) 100만명 이상
• 누적 다운로드 1,200만 
• 1억건 이상의 상품 빅데이터, 1,200억 이상의 거래액
• GSHS 10억, 소프트뱅크벤처스 60억 투자 유치
• 고용노동부  '청년친화 강소기업' 버즈니 선정
• 대한상공회의소 '일하기 좋은 중소기업' 버즈니 선정
• 고용노동부 ‘일 생활 균형 우수기업’ 버즈니 선정
• 아시아 태평양 고성장 기업 2020 버즈니 선정


================================

[버즈니 AI/Lab 팀을 소개합니다]

버즈니 AILAB은 ‘기술로 정보와 사람을 연결하여 생활에 가치를 더하다’라는 미션으로 일하고 있는 조직입니다. 1400만 사용자가 다운로드 받은 ‘홈쇼핑모아’ 모바일 서비스에 최신 딥러닝 기술을 지속적으로 적용함으로써 쉽고 편리한 고객 경험을 주려고 노력하고 있습니다.

e커머스의  기본이 되는 1억건 이상의 상품 정보와 대용량 사용자 로그 정보를 기반으로 검색, 추천, 비전, NLP 등 태스크들을 진행하고 있습니다.  서비스의  각 영역에 최적화된 머신러닝 모델들을 연구 개발하고 있고 최종적으로  a/b 테스트를 통하여 사용자에게 배포하는 방법으로 일하고 있습니다.

버즈니 AILAB은 서비스, 마케팅 등 다른 조직과 긴밀히 협력하여 서비스 전반에 걸쳐 기술을 적용함으로써 모바일 커머스 경험 향상을 이루려고 노력하고 있습니다.

[우리는 이런 성장 가능성을 가지고 있습니다]

• 머신러닝의 결과물을 저장하고, 사용자에게 제공하는 경험을 쌓을 수 있습니다.
• 그 과정에서 클라우드 서비스를 활용한 효율적이고 안정적인 아키텍처를 구성하는 능력을 키울 수 있습니다.


[우리는 이런 분과 함께하고 싶습니다]

• 기술과 데이터를 서비스에 적용하여 사용자의 실질적인 문제를 해결하고 싶은 분
• 정확한 문제 정의를 기반으로 결국에는 해결방법을 찾아내는 도전정신이 있는 분
• 신속한 러닝 커브를 가지고, 새로운 기술 학습 및 도입에 거리낌이 없는 분
• 빠른 개발 속도로 양질의 리서치 결과물과 코드를 동시에 만들어 나갈 수 있는 분","• E-commerce에서 사용되는 추천 기술 (Collaborative Filtering, User/Item Feature Extraction, Matrix Factorization, User Segmentation, Multi Armed Bandit, Graph Neural Network) 연구/개발
• 최신 추천 기술 서비스 적용 가능 여부 분석 및 서비스 적용"
26,셀렉트스타,AI NLP 연구원,머신러닝 엔지니어,"[필요역량]
- NLP 관련 최신 연구를 이해하고 이를 딥러닝 프레임워크 (TensorFlow, PyTorch, MXNet 등)로 구현할 수 있는 분
- 본인의 아이디어를 구체화하고 이를 이론적, 실험적으로 증명할 수 있는 분
- 연구에만 멈추지 않고 real-world use-case를 고려한 개발에 함께 고민해주실 분
- 영문 논문을 빠르게 읽고 이해하는 데 어려움이 없으신 분
- 뛰어난 의사소통 능력을 가진 분 nan","[우대사항]
- 석사 후 실무 경험 or 관련 분야 박사 학위가 있는 사람
- NLP 관련 논문 or 2년 이상의 관련 프로젝트 경력
- Signal, text 등 다양한 modality를 다뤄보신 분
- NLP 관련 상용 프로덕트를 개발한 경험을 가진 분",0,https://www.wanted.co.kr/wd/160748,"[근무 및 급여 조건]
- 채용 형태: 3/6개월 수습 후 정규직 전환 여부 결정 (수습기간에도 연봉 100% 지급)
- 급여 및 연봉: 개인 역량에 따라 협의를 통해 결정
- 근무 장소: 서울 강남구 테헤란로 20길 20, 삼정빌딩 11층
- 수습 기간 동안 4대 보험 가입 및 1개월 근무 시 1일 유급휴가 사용 가능
- 직무 효율을 위한 모든 장비(맥북, 노트북, 데스크탑 등) 지원
- 개발을 위한 GPU기반의 고성능 컴퓨팅 자원 지원

[모든 장비 지원]
셀렉트스타는 멤버들의 업무 효율을 높이기 위해서, 모든 장비에 대한(맥북, 노트북, 데스크탑 등) 지원을 아끼지 않습니다.  언제든 업무 효율을 위한 장비를 지원 해드립니다!

[팀별 회식비 지원]
분기별로 회식비를 지원하고 있습니다. 개인이 먼저 사용하고 환급받는 방식이 아닌 법인카드를 지원하고 있습니다. 

[간식 무제한 지원]
""당 떨어지는 것 만큼 일을 방해하는 것은 없다""는 마음가짐으로 멤버들의 간식이 항상 풍성하도록 구비하고 있습니다. 간식이 떨어질 때 마다 멤버들의 취향을 존중하여 의견을 받아 간식을 구매하고 있습니다.","셀렉트스타는 ""데이터를 통해 IT 산업을 발전시켜 세상을 더 편하게 만든다""라는 미션을 가지고, 인공지능 개발에 필요한 데이터 파이프라인을 구축하고 있습니다. 크라우드소싱을 통해 데이터를 수집 및 레이블링하는 플랫폼 ‘캐시미션’과 데이터 분포 분석 및 데이터 큐레이션 SaaS Tool ‘Datumo FST’ 두 가지 서비스를 운영하고 있습니다.

2018년 말 카이스트 창업팀에서 시작된 셀렉트스타는 빠른 실행력과 우수한 기술 역량을 기반으로
2020년 Top 티어 VC인 코오롱 인베스트먼트, 컴퍼니케이 파트너스, 카카오벤처스로부터 40억원의 시리즈 A 투자를 유치하며 빠르게 성장하였으며,
2021년 네이버, LG CNS, SKT, 한국전력, 롯데정보통신, 카이스트 등 201개의 고객사 / 연 매출 60억원을 달성,
2022년 Series A Extention 투자 마무리 단계로 누적 134억 투자 유치를 받아 지속해서 업계에서 가장 빠르게 성장하고 있는 스타트업입니다.

셀렉트스타 NLP팀은 AI학습을 위한 데이터 수집, 가공, 검수 기술을 개발하고 고민합니다. 또한, NLP 팀은 단순히 연구하는데 그치지 않고 우리가 만든 기술을 실제 데이터 생산에 적용하여 세상을 더욱 편리하게 만드는 목표를 가지고 있습니다. 함께 언어의 장벽을 허물어 세상을 바꾸고 싶은 분이 있다면 지원해 주세요!


[채용 절차]
서류 전형 ＞ 코딩테스트 및 기술면접 ＞ 세미나 면접 및 컬쳐면접 ＞ 처우 협의 ＞ 최종합격
* 서류 전형 필요 서류: 이력서, 포트폴리오, 사전질문지
* 지원 접수 시 사전질문지 제출 요청을 드릴 예정입니다.","[담당업무]
- 딥러닝 기반의 최신 NLP 알고리즘 (sequence labeling, text segmentation, machine translation  등) 연구 및 개발
- 다양한 NLP 데이터 생산을 위한 semi-auto labeling 시스템 개발 및 ai 자동화 학습 파이프 라인 구축"
27,휴이노,ML Research&Development(인공지능 연구개발)(전문연구요원 가능),머신러닝 엔지니어,"•Computer Science 또는 Signal Data Processing 관련 분야 학위 또는 그에 준하는 경험 및 지식을 갖춘 분
• 딥러닝 프로젝트에 대한 흐름을 이해하고 데이터 마이닝/ 딥러닝의 원리, 구동 방식에 대한 이해도가 높은 분
• Python 활용 능력 및 Data Science 관련 패키지 활용 능력을 갖춘 분
• Pytorch, Keras 등 딥러닝 프레임워크 활용 능력이 뛰어난 분(우리 팀은 Pytorch를 주로 사용합니다 React.js
Redux","• 머신 러닝 프로젝트 경험이 많은 분
• 머신 러닝 관련 분야 석사 이상의 학위
• 심전도 및 바이오 센서 데이터 관련 프로젝트 경험이 있는 분",0,https://www.wanted.co.kr/wd/144525,"[일하는 방식]
• Team 휴이노는 원팀으로 일합니다.
• Respect 휴이노는 서로 존중합니다.
• Communication 휴이노는 수평적 커뮤니케이션을 지향합니다.
• Growth 휴이노는 도전을 통해 성장합니다.
• Concentration 휴이노는 집중해서 일합니다.
• Reliance 휴이노에서 나의 신뢰는 내가 만든 결과물로 만들어집니다.
• Feedback 휴이노는 대안 없는 의견을 불평으로 간주합니다.
• Share 휴이노는 업무에 필요한 정보를 투명하게 공유합니다.


[복지와 문화]
• 효율적인 근무환경을 추구합니다.
   - 주40시간 유연근무 & 업무 집중 시간
   (유연근무제는 현재 파일럿 운영중으로 회사 상황에 따라 변경 가능)
   - 월요일 오전 자율 출근
   - 쾌적한 근무환경과 야외 휴게실
   - 사내카페 운영 및 비용 지원
   - 개인 사무용품 구매 지원
   - 장기근속 포상휴가와 장려금 지급 (1년/4년/9년)
• 개인의 성장을 지원합니다.
   - 직무 관련 교육 지원
   - 복지포인트 월 30만원 지급
   - 직무 발명 보상 비용 지급
• 모두의 건강을 생각합니다.
   - 매해 건강검진 패키지 지원
   - 전 직원 모션데스크 제공
   - 점심 제공, 야근 식대 지원
   - 건강한 간식 제공
• 소통하며 즐겁게 일하는 문화를 지향합니다.
   - 동료와 커뮤니케이션 비용 월 20만원 지원
   - 팀별 업무 추진비 지급
   - 분기별 사내 이벤트 진행


[채용 프로세스]
지원서 접수 ＞ 서류 전형 ＞ 실무/조직 면접 ＞ 최종 합격
• 일부 직군의 경우, 필요 시 추가 전형이 진행될 수 있습니다.
• 서류 합격자에 한해 개별 통지합니다.","누적 투자액 800억 규모, 시리즈 C 투자 유치
인공지능 기반 웨어러블 의료 솔루션 선두기업 HUINNO
휴이노는 전세계 사망률 1위인 심뇌혈관질환에 맞서고 있는 수많은 환자와 가족, 의료진을 돕는 서비스를 만들고 있습니다. 웨어러블 기기로 주요 생체신호(혈압, 심전도, 심장 박동수 등)를 측정하고, 이를 자체적으로 개발한 인공지능 솔루션으로 분석해 의료진이 신속하고 정확한 진단을 내릴 수 있도록 기여하며 급성장하는 원격 진료 시장을 이끌고자 합니다.

우리의 솔루션 ‘메모패치(MEMO Patch)’
심전도 검사의 새로운 기준을 제시하는 메모패치는 인공지능 분석으로 부정맥 여부를 판별해 의료진의 진단을 보조하는 서비스입니다. 웨어러블 기기로 최대 14일 간 심전도를 측정하고, 저장된 심전도 데이터를 독자적으로 개발한 인공지능 알고리즘으로 분석해 의료진의 신속 정확한 진단을 보조하기 위해 개발되었습니다. 현재 유한양행과 메모패치 국내 판권 계약을 체결하여 국내 종합병원 및 병의원에 공급하고 있으며, 글로벌 기업 Johnson & Johnson MedTech과도 데이터 기반 부정맥 치료 협약을 맺어 해외로도 유통망을 확장할 계획입니다.


휴이노와 의료산업의 혁신을 함께할 분들의 지원을 기다립니다!","[AI팀 업무 소개] 
HUINNO MEMO Patch 서비스를 이용해 병원에서 수집한 데이터를 활용하여 Deep/Machine Learning 기반 심전도 분석 모델을 연구/개발 합니다.
• 심전도를 이용해 특정 부정맥의 발생 여부를 파악하고, 부정맥의 발생 시점을 파악할 수 있는 모델을 개발합니다.
• 심전도가 갖고있는 여러 특성을 추출 할 수 있는 모델을 개발합니다.
• 현재 HUINNO 서비스 서버에서 작동하고 있는 모델 및 분석 알고리즘을 고도화 합니다.
• 연구/개발에 적용할 수 있는 최신 연구 동향을 파악하고 공유합니다.
• HUINNO MEMO Patch 기기에서 동작 할 수 있는 경량 인공지능 모델을 만듭니다.
• 생체 신호에 포함되어있는 노이즈 신호를 효과적으로 제어할 수 있는 방법을 연구합니다.
• Data Scientist 및 의료진과 협업하여 현재 서비스 및 연구의 개선점을 파악하고 효과적인 데이터 활용 방법에 대해 논의합니다.

[이런 분이 필요합니다]
• 협업 능력, 설득 능력, 논리적인 소통방식, 경청하는 태도 등 커뮤니케이션 능력이 뛰어난 분
• 실제 활용되고 있는 서비스에 적용되는 연구를 진행하고 싶은 분
• 주도적으로 문제를 파악하고 질문/제안하며 파고드는 능력을 가진 분"
28,구름,컴퓨터비전 딥러닝/AI R&D 엔지니어 (석사이상),머신러닝 엔지니어,"• 3년이상의 관련 경력이 있는 분
• 관련 전공 석사 학위 이상인 분 (졸업예정자 가능)
• 딥러닝 분야에 대한 높은 이해도가 있는 분
• Python과 딥러닝 프레임워크로 모델을 개발한 경험이 있는 분 (Tensorflow, PyTorch, MXnet 등)
• 모델 Inference 경험이 있는 분
• 딥러닝 관련 SOTA 논문 이해 및 구현 가능한 분
• 최신 머신러닝/딥러닝 프레임워크, 라이브러리에 대한 지식을 습득하는 데 거부감이 없는 분
• 연구모델을 제품/서비스에 적용하여 상용화하고 고도화 하는 것에 열정을 가진 분
• (남성의 경우) 병역의 의무를 마친 분 또는 군면제자 Git
MongoDB
React
Redis
HTML
Java
JavaScript
Node.js
SQL
AWS
HTTP
jQuery
DevOps
ElasticSearch
NodeJS
서버 관리
서버 아키텍처","• 관련 분야에 대한 주요 학회 및 저널에 논문 게재 실적이 있는분
• Kaggle 등 AI Competition 수상 혹은 상위 실적을 가진 분
• 머신러닝/딥러닝 관련 오픈 소스 기여 경험이 있는 분
• 딥러닝 활용한 제품 개발 경험이 있는 분",3,https://www.wanted.co.kr/wd/159587,"[업무 환경을 위한 제도]
 • 최고 사양의 장비 지원
 • 유연 근무제(8:00~10:30 자율 출근)
 • 스프린트 마지막 날 2시간 조기 퇴근
 • 업무 집중이 가능한 goorm square 공간 마련

[휴식을 위한 제도]
 • 리프레시 휴가(2n년 근속 마다 반복 지급)
 • 장기 근속 포상휴가(5n년 근속 마다 반복 지급)
 • 특별 휴가(생일, 건강 검진, 졸업, 병가 등)

[건강 지킴을 위한 제도]
 • 건강 검진 지원(검진 당일 휴가 지원)
 • 운동비 지원
 • 안마 의자 및 릴렉스 공간 운영

[행복 충전을 위한 제도]
 • 장기 근속 포상(순금 및 기념 상품)
 • 특별 Day(명절, 생일, 가정의 달, 입사 기념일 등)
 • 전세 자금 대출이자 지원
 • 교육비 지원
 • 주차 지원
 • 제주도 리조트 Free 이용 가능 
 • 맛있는 중식, 간식, 커피, 음료 지원
 • 구름 세미나, 구르미 독서 제도 지원
 
[소통을 위한 제도]
 • 얼라인먼트 데이, 타운홀 미팅, 데모데이 진행
 • 랜덤 커피챗 및 사내 캐주얼 행사 진행
 • 제주도 워케이션 진행","구름은 클라우드 인프라에 대한 깊은 이해와, 웹 애플리케이션 개발에 대한 노하우로 국내를 넘어서 글로벌로 나아가고 있는 SaaS를 기획, 개발, 제공하는 스타트업입니다.
우리는 모두가 개발자가 될 수 있도록 언제 어디서나 AI·SW개발을 배우고, 원하는 결과물을 구현할 수 있도록 돕는 ""개발자 성장"" 중심의 생태계를 아래의 4가지 서비스를 통해 만들어나가고 있습니다.

- 구름EDU: AI·SW 개발 역량 교육
- 구름LEVEL: 프로그래밍 문제 풀이
- 구름DEVTH: AI·SW 개발자 역량 평가
- 구름IDE: 클라우드 통합 개발 환경","• 코딩 테스트 플랫폼 구름 DEVTH에서 사용하는 이미지, 영상 관련 인공지능 기술 연구 및 개발
• 딥러닝 기반 이미지 및 영상 내 객체인식, 분류 기술연구
• 제품에 적용할 머신 러닝 및 딥러닝 기술 고도화 및 최적화
• 구름 서비스에 대한 높은 이해도를 바탕으로 필요한 딥러닝 모델을 발굴하고 제안

[채용 과정 안내]
 • 서류 검토 - 1차 면접(화상) - 미션 수행 - 인성 검사 및 2차 면접 - 처우 협의 및 채용 확정
 • 채용 상황에 따라, 전형이 축소/확대 될 수 있습니다
 • 서류검토 결과는 합격/불합격 여부와 관계없이 모든 분께 결과를 안내해 드리고 있습니다

[지원 방법 안내]
 • 제출 서류 : '(필수)이력서' 와 '(선택)포트폴리오'
 • 양식 형태 : 자유 양식(PDF 파일), URL 첨부 가능"
29,몰로코,Machine Learning Engineer (전문연구요원),머신러닝 엔지니어,"• BS, MS, or PhD degree in Computer Science or related technical field with 1 year of software development experiences in Machine Learning.
• Strong mathematical skills in probability, statistics, and machine learning.
• Fluent with one or more programming languages including Python, Java, and Golang.
• Knowledgeable with production-level machine learning applications including Natural Language Processing, computer vision, recommendation systems, and ranking systems.
• Fluent in speaking and writing both Korean and English nan","• Fluent in speaking and writing both Korean and English 
• Fluent with one or more programming languages including Python, Java, and Golang.",0,https://www.wanted.co.kr/wd/158350,"• 입사 시 주식연계형 보상(RSU) 지급
• 완전 자율출퇴근제
• 무제한 휴가
• 자기계발비, 체력단련비, 주중교통비 별도지원","We are seeking exceptional machine learning engineers to join us in building a state-of-the-art machine learning system. Moloco' programmatic advertising engine is powered by custom deep neural network models that handle 1M+ QPS at 7 ms prediction latencies. 

Moloco is an engineering company founded by software engineers, and machine learning is the core of Moloco's engineering systems. We understand the value of a strong engineering team and strive to hire only the best software engineers as seen here (https://www.linkedin.com/company/moloco/people/). Check out our case study published by Google https://cloud.google.com/customers/moloco/","• Design state-of-the-art machine learning models using Tensorflow for real-world, large-scale problems.
• Construct and maintain data pipelines for model training and serving using Google cloud products such as Apache Beam/Dataflow, BigQuery, and BigTable.
• Develop highly scalable model servers on cloud platforms.
• Work with product, account, and infrastructure engineering teams to define future product roadmaps."
30,한화비전,AI 연구원,머신러닝 엔지니어,"1. Machine Learning 기본 지식 보유하신 분
   - Deep Learning Framework (TensorFlow, Pytorch 등) 기반 개발 경험
   - Detection, Classification, Recognition 등 영상/음원 분석 알고리즘 개발 경험
   (우대) AI 최신 연구에 대한 이해 및 Reproduce 역량 보유
   (우대) NIPS, CVPR, ICML 등 최고 수준 국제학회 논문게재 경험

2. C/C++/C# 언어 역량을 보유하신 분
   - OOP 이해 및 개발 경험
   - Multi-thread 기반 개발 경험

3. Embedded System 개발 경험을 보유하신 분
   - Embedded Linux 기반 개발 역량
   (우대) 최적화, 경량화 등 성능 개선을 위한 모델링 경험

4. Docker, 형상 관리, 협업 툴 사용 경험하신 분

5. AI분야 석사 학위 이상 또는 관련 경력 3년 이상이신 분

※ 포트폴리오 제출 필수 nan",- 박사 학위 또는 선진 기업/연구기관에서의 연구개발 경험,3,https://www.wanted.co.kr/wd/166305,"• 교통/출퇴근 : 자율출퇴근제
• 연금보험 : 국민연금(4대보험), 고용보험(4대보험), 산재보험(4대보험), 건강보험(4대보험), 퇴직연금
• 동호회 : 사내동호회 운영, 사내동호회 지원
• 회사분위기 : 인재육성 중시, 가족같은 분위기
• 의료/건강 : 건강검진
• 출산/육아 : 산전 후 휴가, 육아휴직, 남성출산휴가(아빠휴가)
• 의복관련 : 자유복장, 노 타이(Tie)
• 교육/훈련 : 신입사원교육(OJT), 직무능력향상교육, 리더쉽강화교육, 사외교육 지원
• 휴일/휴가 : 연차, 경조휴가제, 반차, 아빠휴가, 안식월, 채움휴직(자기개발휴직)","한화비전은 세계 최고 수준의 영상 기술을 기반으로 한 영상감시 외에 출입통제, 침임탐지 등 사업을 다각화하고 있습니다. 1991년 보안 카메라 출시를 시작으로 약 30여 년간 영상보안 사업에 집중하여 국내 영상보안 시장 점유율 1위를 유지하고 있으며, 글로벌 시장에서도 5,000개 이상의 네트워크를 구축, 전체 매출의 75%를 해외에서 거두며 활발한 영업 마케팅 활동을 펼치고 있습니다.

* Our team (오시게 될 팀을 소개해드려요) *

AI 연구소는 딥러닝 알고리즘 개발 및 상품화 개발 역량이 뛰어나며, 해외 R&D 조직으로 규모를 확대 전개하고 있습니다. 어려운 일이 생기면 서로 협업 하여 도와주고, 밝고 긍정적인 조직 문화를 가지고 있습니다. 또한 해외 학회 및 전시회 참석, 다양한 기술 워크샵 참석 등 기술 흐름을 파악할 수 있는 기회가 많이 주어지며, 그 외 자기 계발을 할 수 있는 여러 교육이 제공됩니다.","- 함께 기술혁신을 이끌어 갈 AI 전문가(영상, 오디오) 인력 채용을 진행해요
- 다양한 카메라, 저장장치 등에서 딥러닝 기술을 개발해요
- Computer vision, Pattern recognition, Machine learning 기술들을 기반으로 영상보안 Application을 개발해요
- 서류전형  실무면접  임원면접  채용검진  최종결과발표"
31,인그래디언트,[전문연구요원] CV Senior Engineer,머신러닝 엔지니어,"- Computer vision 분야의 대표적인 task 들에 대한 심도있는 이해
- 최적화된 실험 설계 및 실험 결과 분석 후 reporting 이 가능한 연구 능력
- 모델링을 고려한 최적의 레이블링 전략을 수립할 수 있는 능력
- Computer vision 분야 논문의 algorithm/model description을 코드로 implementation 할 수 있는 능력
- 공개된 코드를 이용하여 새로운 데이터셋에 적용 할 수 있는 prototyping 능력
- Tensorflow, Pytorch, ONNX 등의 deep learning framework에 대한 이해 및 사용경험 MySQL
Python
TypeScript
AWS
REST
Docker
NodeJS
React.js
Kubernetes
Nest.js","- Computer vision 관련 논문 / 특허 보유
- 데이터셋 제작부터 모델 배포 / 서비스 까지 전 주기 경험자
- Classification, Semantic segmentation, Object detection, Instance segmentation, Image-to-image translation, Generative model 중 세가지 이상 프로젝트 진행 경험
- 오픈소스 framework의 contribution 등 활발한 dev community 활동경험
- 석사 이상 경력 무관(전문연구요원)",0,https://www.wanted.co.kr/wd/76590,"[근무환경 및 형태]
- 풀타임의 경우 개인의 선호에 맞는 유연한 근무 시간인  주 40시간 선택근로제 운영 
(필수근무시간 있음)
- 나이와 직급이 의미 없는 수평적인 분위기

[복지사항]
- 업무 관련 소프트웨어 제공
- 업무 관련 세미나 참가 및 교육비 지원
- 업무 관련 비품 및 도서 지원 지원
- 점심 식대 지원
- 전사 이러닝 및 이북 지원
- 그 외 당연한 내용은 기재하지 않습니다. (경조사 선물, 워크샵 등)
＞ 복지는 지속적으로 확장해 나가고 있습니다.

[채용절차]
• 서류전형  → 실무자 면접 →  임원면접 → 처우협의 → 최종합격
  * 채용절차는 상황에 따라 축소 또는 확장 될 수 있습니다.","인그래디언트는 기존 의료 데이터 가공에 들어가는 많은 양의 비용과 시간을 절감하고 의료 인공지능 산업의 기반을 마련하기 위하여 2020년 1월에 설립되었습니다. 지난 수 년간 여러 대학병원 교수님들과 의료인공지능 프로젝트를 진행하면서 느꼈던 점은 비효율적인 데이터가공 과정이 의료인공지능 연구의 걸림돌이 되고 있다는 것이었습니다. 

인그래디언트는 딥러닝 기술을 사용한 반자동 의료데이터 전처리 소프트웨어인 '메디라벨'을 개발하고 있습니다. 메디라벨은 반복노동으로 인해 힘들었던 기존 이미지 라벨링 작업에서 벗어나 연구비용과 시간을 획기적으로 절감시킬 수 있도록 고안되었습니다. 현재 메디라벨은 서울대병원, 세브란스병원, 서울아산병원 및 서울성모병원 등 여러 상급병원에 제공되고 있으며 교수님들로부터 소요 연구 시간을 절반 이상 단축시킬 수 있었다는 피드백을 얻고 있습니다.  

인그래디언트는 회사설립 부터 전 직원 재택근무(일부 내근 병행)를 시작했습니다. 모든 업무는 자율적인 통제 아래 프로젝트 단위로 진행되고 있으며 협업은 화상 회의(Google Meet) 및 노션(Notion)을 통해 효율적으로 관리하고 있습니다. 인그래디언트는 공간과 시간을 자유롭게 쓰는 것을 추구하며 팀원의 배경과 경력보다는 실력과 책임감을 더 중요하게 봅니다. 

인그래디언트의 비젼은 의료인공지능 연구에 필요한 데이터 기반을 만들어, 의료기술 향상에 기여하고, 나아가 누구나 양질의 의료혜택을 받을 수 있는 세상을 만드는 것입니다. 저희 회사나 의료인공지능과 관련하여 궁금하시다면 언제든지 편하게 연락주시기 바랍니다.  저희가 진행하고있는 채용직무에 관한 내용은 아래를 참고하시기 바라며 많은 관심 부탁드리겠습니다. 감사합니다.","- Computer Vision research team 프로젝트의 연구 및 실험 기획 및 진행
- CV team 연구 결과를 실제 제품에 적용하기 위한 검증 작업 및 탑재 작업
- CV team 연구 결과를 학계에 발표하기 위한 paper work"
32,피플펀드컴퍼니(PeopleFundCompany),[100억↑투자] 머신러닝(ML) 소프트웨어 엔지니어,머신러닝 엔지니어,"• ML 및 관련 전공 학/석사 이상인 분 또는 그에 준하는 실무 경험이 있는 분
• 금융 분야 및 ML 논문을 이해하고 구현할 수 있는 개발 능력과 어학 능력을 보유한 분
• 창의적인 문제 해결 능력을 보유한 분 Hadoop
iOS
MySQL
Spark
Java
Kotlin
Python
SQL
Tableau
AWS
EMR
ETL
Spring Framework","• 빅데이터 파이프라인 (마이닝, 클리닝, 웨어하우싱) 구성에 능숙하신 분
• 풍부한 프로그래밍 경험이 있으신 분
• 하고 싶은 일이 있으면, 도전도 좌절도 마다하지 않는 분",0,https://www.wanted.co.kr/wd/155823,"[Support & Refresh]
• 시차출퇴근제를 운영하고 있어 출근시간을 유연하게 조정할 수 있어요.
• 일주일에 최대 3일까지 집중 업무를 위한 재택 근무가 가능해요.
• 점심 시간은 자유롭게 지정해서 사용할 수 있어요.
• 야근 후 퇴근 시 택시비를 전액 지원해요.
• 입사 첫 날, 환영하는 마음을 담은 웰컴 키트를 제공해요.
• 강남역에서 도보 2분 거리! 사무실이 역과 바로 연결되어 있어요.
• 안마의자, 휴게실/수면실, 게이밍 공간 등 휴식을 위한 다양한 공간이 준비되어 있어요.
• 의자계의 에르메스, 사무용 의자의 끝판왕이라 불리는 허먼밀러 의자를 구비했어요.
  
[Healthy to be Wealthy]
• 점심 식대 만 원, 야근 시 저녁 식대 만 원을 지급해요.
• 그래놀라, 견과류, 탄산수, 우유 등 건강한 간식을 상시 비치해요.
• 매주 수요일 오후는 ‘해피아워’로, 맛있고 건강한 간식을 랜덤으로 제공해요.
• 피플러와 가족의 건강 관리를 위해 연 1회 종합건강검진을 전액/할인 지원해요.
  
[Family-Oriented]
• 가족에게 중요한 일이 생기면, 유연·단축 근무를 활용할 수 있어요.
• 생일을 맞은 피플러에게 유급 반차와 상품권을 선물로 드려요.
• 결혼 시 유급 휴가 2주, 축하금, 축하 화환을 지급해요.
• 경조사 종류에 따라 유급 휴가 및 경조금, 화환을 제공해요.
• 설, 추석 명절 각각에 상품권을 선물로 드려요.
• 본인 및 배우자 출산 시 유급 휴가, 재택 근무 등이 가능해요.
  
[Good Time with Good People]
• 2주에 한 번 랜덤으로 모여 서로를 알아가는 점심 식사를 해요.
• 신규 입사자를 위한 짝꿍(buddy)을 매칭해주고, 안정적인 적응을 돕고 있어요.
• 팀 빌딩을 위한 회식비를 지원해요.
• 취미를 함께 즐길 수 있도록 사내 동호회 활동을 지원해요.
  
[Growth for Next Step]
• 무제한 도서 지원 제도를 운영해요.
• 신규입사자들이 피플펀드에 대해 더 깊이 알 수 있도록 NJT(New Joiner Training)를 진행해요.
• 업무와 밀접한 연관이 있는 외부 교육 참석을 지원해요.
• 피플러가 가진 다양한 스킬 및 재능을 공유하는 사내 클래스를 운영해요.","“당신을 통해 국민 절반의 신용점수를 바꿀 수 있다면?”
  
  
ㆍ대한민국 국민의 절반은 중저신용자, 이들의 75%는 은행에서 거절되는 사실을 알고 계셨나요? 
ㆍ피플펀드는 이런 기존 금융의 부조리함을 해결하며 합리적이고 신뢰할 수 있는 금융을 만들어가고 있습니다.
ㆍ중저신용자에게 더 나은 조건의 대출을 제공하고, 국내 금융기관들을 위한 리스크 관리 기술력 고도화를 지원하고 있어요.
    
  
“No. 1 PEOPLEFUND”
ㆍ피플펀드는 누적대출액 1조 6천억 원, 개인신용대출 시장점유율 59.1%, 주택담보대출 시장점유율 24.5%로, 업계를 선도하고 있어요. (‘22년 12월)
ㆍ비은행권 최고의 AI 신용평가 및 리스크 관리 기술을 바탕으로 손실률과 연체율을 업계 최저 수준으로 유지하고 있죠.
ㆍ‘23년 1월, 유동성 한파 속에서도 베인캐피탈 리드로 10여 곳의 기존 주주사로부터 추가 투자를 유치해 업계 최대 규모인 누적 1,261억 원을 달성했답니다.
  
  
“최고의 동료들과 마음이 즐거운 일을 함께해요”
ㆍ피플펀드에는 금융 산업의 구조적 문제에 공감하고, 이를 해결해보려는 회사의 미션에 매료된 각 분야의 인재들이 모여있어요.
  
   
“그리고 지금, 대한민국 금융을 바꾸는 여정에 함께 할 최고의 동료를 찾고 있습니다.”","• 고객에게 혁신적인 금융 상품을 제공할 수 있는 적합한 모델을 실험하고 고도화 합니다.
• 금융 데이터를 활용한 설계 및 가공을 주도합니다."
33,아이네블루메(채티),AI 엔지니어 (머신러닝 ML/딥러닝 DL),머신러닝 엔지니어,"• 머신러닝/딥러닝 기반의 Prediction을 B2C 서비스에 연동경험이 있으신 분
• Python 사용 경험이 있으신 분
• OS, Network 를 중심으로 컴퓨터공학에 대한 기본 지식이 탄탄하신 분
• 다음 항목 중 두 가지 이상에 해당되는 분
   - AWS 혹은 GCP와 같은 클라우드 플랫폼 환경에서 AI 엔지니어링 경험이 있으신 분
   - 리눅스 환경에 대해 잘 이해하고 계신 분
   - 컨테이너 환경에 이해가 있으신 분
• AI 엔지니어링 경력 3년 이상 Django
MySQL
Python
AWS
Docker","• 아키텍처 설계에 관심이 있고 능동적으로 더 좋은 코드를 만들기 위해 노력하시는 분
• 다양한 타입의 데이터베이스(RDBMS, NoSQL 등)를 적재적소에 활용하실 수 있는 분
• Deep Collaborative Filtering을 B2C 서비스에 운영해보신 분
• ML 관련 Low latency API 개발 경험이 있으신 분
• B2C 서비스의 실시간 빅데이터 환경에서 Online Learning 또는 짧은 주기의 배치로 학습해보신 분
• Devops 경험 (Infrastructure as Code, 배포 자동화, CI, TDD, 모니터링 등)
• 서비스에 대한 애착과 책임감이 있으신 분",3,https://www.wanted.co.kr/wd/90288,"채티는 이렇게 일해요!
• 책임과 신뢰를 기반으로 개인의 자율성을 존중합니다
• 의미 있는 실패를 지향하고 그 안에서 얻는 경험을 중시합니다
• 스스로 문제를 찾고 적극적으로 해결합니다
• 업무와 관련한 정보는 모두가 투명하게 공유합니다
• 데이터 기반의 합리적이고 논리적인 의사결정을 지향합니다
• 사용자 입장에서 생각하고 사용자 가치를 우선합니다
• 누구든 자유롭게 의견을 말하고 적극적으로 피드백을 나눕니다
• 서비스의 성장만큼 개인의 성장을 중시합니다

채티는 이런 환경에서 일해요!
• 콘텐츠 서비스 스터디를 위한 콘텐츠비 지원 (웹툰, 웹소설, 영화, 드라마 등)
• 업무 관련 도서 구매 지원 (무제한)
• 업무 관련 세미나 및 스터디 적극 지원 (애자일 코칭 등)
• 투명하고 효율적인 커뮤니케이션을 위한 업무 도구 사용 (Google Workspace, Slack, Notion 등)
• 업무 필요 장비 적극 지원 (최신형 맥북, 34인치 와이드 모니터, 모니터 암, 허먼밀러 의자)
• 삼성중앙역 10초 거리
• 점심 식대 제공
• 편의점 간식 지원, 라운지에 드롱기 커피머신과 신선한 원두 구비
• 개인물품을 보관할 수 있는 개인 락커 제공
• 업무 환경 개선을 위한 피드백 적극 수렴 및 반영

채티는 이런 동료와 함께 일하고 싶어요!
• 콘텐츠(웹툰, 웹소설, 영화, 드라마 등)를 좋아하거나 관심이 많으신 분
• 자유로운 업무 환경에서 신뢰와 책임을 바탕으로 스스로의 역할을 찾을 수 있는 분
• 함께 일하는 동료를 존중하고 함께 성장할 수 있는 분","- 아이네블루메는 채팅형 콘텐츠 플랫폼, 채티를 서비스합니다.

아이네블루메는 누구나 쉽고 재밌게 채팅형 콘텐츠를 만들 수 있는 '채티'를 서비스하고 있습니다. 2018년 4월 정식 런칭한 채티는 Z세대의 관심 속 가파르게 성장했습니다. 현재 누적 사용자 360만명을 기록 중이며, 매월 50만명이 넘는 사용자가 채티를 애용하고 있습니다.


- 채티에서는 하루 평균 6,000개가 넘는 작품이 만들어지고 있습니다.

채티 사용자들은 90분이 넘는 일 평균 사용시간을 기록하며 작품 창작과 감상에 몰두하고 있습니다. 사용자들의 열정으로 만들어진 작품들은 채팅형 콘텐츠를 넘어 네이버 웹툰, 오디오 클립으로 제작되기도 하였습니다. 그리고 곧 채티 원작의 웹 드라마가 제작될 예정이랍니다.


- 메이저 투자사들로부터 누적 100억의 투자유치

채티의 주목할 성과와 비전에 공감한 투자사로부터 누적 100억 규모의 투자를 유치하였습니다. 카카오벤처스, 두나무앤파트너스, 프리미어파트너스, 파트너스인베스트먼트, 베이스인베스트먼트, 대성창업투자 등 든든한 파트너사들이 채티와 함께해주고 있습니다.


- 채팅형 콘텐츠로 열어가는 새로운 콘텐츠 플랫폼

채티의 전체 사용자 중 작품 창작에 참여하는 사용자 비중은 20%가 넘습니다. 다른 콘텐츠 플랫폼과 비교해 매우 높은 수치인데요, 이는 누구나 쉽고 재밌게 작품을 만들어 낼 수 있는 채티의 매력 때문입니다. 아이네블루메는 이런 사용자 창작 에너지가 새로운 콘텐츠 시장을 열어갈 것이라 믿습니다. 창작과 감상의 경계가 사라진 채티에는 '콘텐츠 무한 생산'과 '콘텐츠 무한 소비'라는 새로운 가능성이 기다리고 있습니다.","• 콘텐츠 개인화 추천 AI 설계 및 모델링, 개발
• 머신러닝 & 딥러닝 플랫폼 이용해서 콘텐츠 분류 및 개인화 추천 서비스를 위한 기반 기술 연구
• 자연어 처리 및 분석 알고리즘 구현"
34,(주)에너자이,AI 컴파일러 엔지니어,머신러닝 엔지니어,"• 학부 4학년 이상
• C/C++을 활용한 프로젝트 개발 경험이 있으신 분
• (컴파일러 엔지니어) 함수형 언어 (Scala, Haskell, F# 등) 사용 경험이 있으신 분
• (컴파일러 엔지니어) 딥러닝 프레임워크 (torch, tensorflow 등) 사용 경험이 있으신 분 c, C++, AI, 알고리즘","• 딥러닝 개념을 알고 동작 커널 개념을 알고 구현해보신 분
• 딥러닝 프레임워크에서 operation 에 대한 지식을 갖추신 분
• 컴파일러 최적화에 관한 지식이 있으신 분
• 컴퓨터 아키텍쳐 관련 지식이 풍부하신 분
• Compiler 혹은 Interpreter 를 제작/연구해보신 경험이 있으신 분
• 병렬 프로그래밍 경험이 있으신 분
• 딥러닝 커널 최적화 관련 경험이 있으신 분
• 딥러닝 모델 경량화 기법에 관한 지식이 있으신 분
• 관련 학회 및 저널 게재 경력자
• 관련 전공 석사, 박사 학위 보유 시 경력 인정",0,https://www.jobplanet.co.kr/job/search?posting_ids%5B%5D=1252157,"• 유연근무제도(9시 ~ 11시 출근 선택)
• 저녁식대 및 사내 간식 지원
• 문화생활비
• SW/IT 고성능 장비 지원
• 도서 구입, 컨퍼런스, 스터디 등 역량 개발을 아낌없이 지원
• 직무발명보상제도에 따른 인센티브 제도","[회사 소개]
•에너자이는 스마트폰, 자동차, CCTV, 드론 등 제약된 환경의 Edge 디바이스에서도 고성능•저전력으로 구동할 수 있는 AI 모델을 제공하는 Edge AI 솔루션 스타트업입니다. 일반적으로 AI 모델의 정확도를 높이기 위해서는 필연적으로 모델의 크기가 커지기 때문에 고성능 AI 모델을 Edge에 적용하는 것은 매우 어렵지만, 당사는 고유의 AI 모델 경량화 및 최적화 기술로 정확도가 높으면서도 가볍고 빠른 AI 모델을 구현하는데 성공하였습니다.

•에너자이는 뛰어난 기술력을 바탕으로 국제 저명 학회 CVPR 주최 Mobile AI Challenge에 참가하여 Xiaomi, Huawei 등의 글로벌 기업들을 제치고 우수한 성적으로 입상하였으며, 이후 그 기술력 및 사업성을 인정받아 Intel, Microsoft, Arm, 삼성전자 등의 글로벌 대기업들과 파트너쉽을 체결하고 협력을 진행하고 있습니다. 

•에너자이는 현재 딥러닝 기반 Neural ISP 솔루션, 딥러닝 기반 Radar 솔루션을 비롯해 다양한 분야 Edge AI 솔루션을 개발 완료하여 스마트폰, 자동차, CCTV, 드론 등의 Edge 디바이스 제조사들을 대상으로 사업화를 진행하고 있으며, 향후 지속적인 기술 고도화 및 사업 영역 확장을 통해 “모든 이들이 모든 사물을 통해 최고의 AI를 경험할 수 있도록” 이라는 당사 비전을 달성하는 것을 목표로 하고 있습니다.

[주요 성과]
•2019 1월 네이버 계열 VC SpringCamp로부터 Seed 투자 유치
•2019 9월 Seoulz 주관 '주목해야할 대한민국 AI 스타트업 Top 10' 선정
•2020 2월 중소벤처기업부 TIPS 프로그램 선정
•2020 5월 Oil & Gas 최고 권위 기술 학회(OTC, ADIPEC)에 AI 논문 5편 채택
  - Saudi Aramco, 아부다비 국영석유회사, CNPC 등 Major 석유 회사와 함께 초청
•2021 4월 Edge AI and Vision Alliance 회원사 선정
•2021 5월 'CVPR 2021 - Mobile AI Workshop and Challenges' 3위 기록
  - Huawei, Megvii, Xiaomi, Dahua 등 Global IT 회사 참여
•2021 5월 Microsoft 스타트업 프로그램 선발
•2021 11월 삼성 C-Lab Outside 선발
•2021 12월 Intel AI Builder 선발
•2021 12월 SK True Innovation 선발
•2022 4월 Intel Gold Tier Partner 선정
•2022 5월 대한민국 녹색에너지 우수기업 대상 수상
•2022 5월 SK이노베이션 주관 친환경 스타트업 진흥 프로그램 ‘에그’ 선발
•2022 6월 정보통신산업진흥원 주관 인공지능 온라인 경진대회 1위 수상
•2022 9월 Arm AI Partner 선정
•2022 12월 Qualcomm IoT Accelerator 프로그램 선발
•2023 1월 Series A 투자 유치
  - 한국투자파트너스, 어센도벤처스, 스프링캠프, 신용보증기금 참여
•2023 1월 KDB NextOne 6기 선정
•2023 2월 (공고일 기준) 특허 14건 등록, 29건 출원 완료","[공통]
• Edge device targeted AI compiler 개발
• 경량화 파이프라인 시스템 구축
• Optimizing ML/vision algorithm on DSP/NPU/AP
  -Preprocessing procedure, deep learning kernel 및 각종 Vision 알고리즘을 MCU/DSP/AP 등에 최적화하여 지연 시간 및 사용 메모리를 최소화
  -Graph / Kernel level 최적화

[전문연구요원]
• 석사 이상 학위 취득 및 졸업 예정자 (통합과정 수료 포함)
   - 산업기능요원 현역과 전문연구요원은 TO 상황을 고려한 채용 진행 중으로 개별 문의 바랍니다.
"
35,제네시스랩,AI 응용 개발자_WEB (Applied AI Scientist) *2년이상,머신러닝 엔지니어,"•  Spring(Java, Kotlin), JPA 개발 경험
•  React.js, Vue.js 등의 프론트엔드 프레임워크 개발 경험
•  DevOps 구축 경험
•  MariaDB와 같은 DBMS DDL 작성 경험
•  도커 사용 경험
•  AI 기술에 관심이 많으신 분
•  도덕성 및 윤리 의식이 높으신 분 React
JavaScript
TypeScript
Redux","• python을 이용한 웹 개발 경험
• 인증시스템 개발 경험
• ML labeling 툴 개발 경험
• Kafaka, Redis 등을 이용하여 대규모 서비스를 구축해보신 경험
• Kubenetes, terraform, ansible 등을 이용한 컨테이너 오케스트레이션 경험
• Aws, Azure, GCP 등의 클라우드 서비스 경험
• 보안에 대한 이해가 깊으신 분
• 새로운 연구 분야에 도전하는 것을 즐기시는 분",0,https://www.wanted.co.kr/wd/86496,"성장하는 구성원들을 위한 자율적이며, 생산력 높은 업무 환경을 조성하고자 노력하고 있습니다. 

▷ 코로나 대유행시기는 물론, 현재까지도 전직군 대상으로 자율 재택근무를 운영하고 있으며, 
    이 기조를 유지하여 상호 신뢰를 바탕으로 보다 높은 생산성을 추구하는 업무 환경을 
    구축하는 것을 멤버들에 대한 최고의 복지 혜택으로 생각하고 있습니다.
▷ 직군에 따라 선택적근로시간제, 재량근로제를 운영중이며, 자유로운 복장과 직급이 아닌 ‘님’ 
    호칭을 통하여 수평적인 업무 소통을 강조하고 있습니다.   
▷ 구성원의 “삶의 질” 증대를 회사의 주요한 Mission으로 설정하여 지금 당장 제공 할 수 있는 부분과 
    장기적 / 궁극적으로 향유할 수 있는 부분들을 단계적으로 고민하며, 실현해 가고 있습니다.        

1. 누구보다 빠른 성장을 응원합니다.
• 업무 관련 도서 구매비 지원
• 세미나, 강의, 온라인 매거진, 웹사이트 구독비용 등 교육비 지원 
• 최신식 IT 장비 지원
• 효율적, 생산적 업무를 위한 SaaS(Software as a Service) 구독 지원
  
2. 건강한 몸과 마음을 응원합니다. 
• 단순 스낵바가 아닌, 건강을 생각한 양질의 풍부한 사내 스낵바 운영 및 각종 비타민과 영양제 지원
• 건강검진 및 건강검진 휴가(1일) 지원
• 스트레스 관리를 위한 정신건강 상담 서비스 지원 
  
3. 풍요로운 일상을 응원합니다.
• 매년 명절 상여금 지급
• 연간 100만원 규모 복지카드 지급 ※ 수습기간 종료 후
• 소중한 날을 위한 생일 반차
• 구성원들의 기쁨과 슬픔을 진심으로 함께하기 위한 최고 수준의 경조휴가 / 경조금 지원 
• 근속 3년, 5년, 7년 대상자 장기근속 포상금 지급
• 중소기업 청년 소득세 감면 지원 
• 불가피한 잔업 시 저녁식사 비용 및 교통비 지원 


[고용형태]
• 정규직 (수습기간 3개월) ※ 수습기간 동안의 급여는 정규직과 동일

[제출서류(필수)] 
• 자유이력서 : 형식은 무관합니다. 

[세부 채용 절차] 
• 서류전형 ▷ AI 영상면접(뷰인터HR) ▷ 채용과제(필요시) ▷ 직무인터뷰 ▷ 평판조회 및 처우협의 ▷ 
  합격여부 최종안내 
※ 채용 후보자 특성에 따라 사전 티타임 및 별도 인터뷰가 추가될 수 있습니다.  
해당공고는 채용 완료시 조기 마감될 수 있습니다. 
제출해주신 서류는 채용을 위한 검증 목적으로만 이용되며, 채용절차법을 준수하고 있습니다.","Join the ‘Genesis lab’ Team!

제네시스랩은 ‘Interactive AI 기술을 통해 인류 삶의 질을 개선한다’라는 비전을 가지고, 
사람에 대한 깊은 이해와 공감을 하기 위해 영상분석 기술 및 생성기술을 고도화하며 
삶의 질을 높일 수 있는 서비스 개발에 집중하고 있습니다.

현재 우리는 소통이 가장 중요한 상황 중 하나인 ‘면접'에서 사람보다 높은 객관성으로 
면접자의 성향과 업무 적합도 등을 분석해주는 AI 영상면접 솔루션 ‘뷰인터HR’을 필두로, 
실시간 참여형 영상 콘텐츠 플랫폼 ‘쥬씨(ZUICY)’와 
AI 정신건강 자가평가 앱 ‘닥터리슨(Dr.Listen)' 등을 제공하고 있습니다.

주력 제품인 뷰인터HR은 LG유플러스·현대자동차·육군 등 
100개 이상의 대기업과 공공기관에서 도입해 인재 채용에 활용하고 있으며, 
현재까지 누적 15만여 명이 뷰인터HR를 통해 AI 면접에 응시했습니다.

또한, 최근에는 기술력과 사업 성과를 높이 평가받아, 
한국투자파트너스·하나금융지주·기업은행·산업은행·스틱벤처스·타임와이즈인벤스트먼트 등 
유수의 투자 기관으로부터 200억 원 규모의 시리즈 B 투자 유치도 완료하였습니다. 

자체 AI 연구소에서 개발한 70여 개 이상의 국내외 특허(등록·출원 포함)를 기반으로, 
Interactive AI 기술을 상용 서비스에 접목해나갈 동료를 기다립니다!


AAI연구팀을 소개합니다!

우리가 해결하고자 하는 문제는 AI기술이 고비용이고 사용하기 복잡하고 어렵다는 것이고 
다양한 솔루션으로 해결해나가고 있습니다.
문제 해결을 위해 소프트웨어 엔지니어링부터 딥러닝 기술까지 다양한 영역을 다루고 있습니다. 
더 나은 방법이 있다면 그것까지도 우리의 기술이 될 것 입니다.
어떤 것이든 도전하고 빠르게 성장하길 원하시는 분들과 함께하고 있습니다.","• 서비스에 적용 가능한 AI 기술 연구 개발

- 데이터 관리, 모델 관리, 모델 최적화, 모델 배포
- MLOps 플랫폼 구축 (ML 파이프라인 아키텍처 설계 및 개발)
- 데이터 / 모델 / 인프라 관리 시스템 개발
- 분산 학습 시스템 개발
- 분산 추론 시스템 개발
- 전/후처리 모듈 최적화
- post-train 최적화
- 웹 및 모바일 AI SDK 개발
- 딥러닝 모델 엣지 디바이스 포팅
- 전/후처리 모듈 개발"
36,(주)모아이스,데이터 분석,머신러닝 엔지니어,"[필수 조건]
-------------------------------------------------------------------------------------------------------------------------------------------------------------------------------------
- 데이터 관련 경력 3년 이상 또는 그에 준하는 역량을 보유하신 분
- Python, Spark, SQL 등을 활용한 데이터 가공, 분석, 모델링, 시각화 역량
- 데이터를 통해 얻은 결과를 누구나 이해하기 쉽게 설명할 수 있는 분
- 새로운 문제를 정의하고 해결 할 수 있는 역량

[공통 조건]
-------------------------------------------------------------------------------------------------------------------------------------------------------------------------------------
- 업무를 목표에 맞게 자율적으로 설계하고 수행할 줄 아시는 분
- 지식 공유 및 커뮤니케이션을 즐겨 하시고 대화에 부담이 없으신 분
- 스타트업 업무 특성에 대해 이해하시는 분
- 해외 여행에 결격사유가 없으신 분 python, SQL, 머신러닝, machine learning, Spark, 딥러닝, Deep Learning, Bigquery","- 골프 용어가 익숙하거나 칠 줄 아시는 분
- 데이터 파이프라인 구축 경험
- Bigquery 등 데이터 분석 플랫폼 활용 경험
- Data Science / Deep Learning / Machine Learning 경험",3,https://www.jobplanet.co.kr/job/search?posting_ids%5B%5D=1248932,"[근무조건]
- 장비 지원: 워크스테이션 장비 지원 / 기타 개인 장비 지원
- 입사 3년 후 스톡옵션 제공 가능
- 급여 및 복지사항은 회사 성장시점과 개인의 역량, 기여도에 맞게 주기적으로 업데이트됩니다.
- 입사 후 3개월을 수습 기간으로 두며, 수습 기간에 급여 및 휴일을 포함한 일체의 차등을 두지 않습니다.


[기타 근무 조건]
- 자율출근제 (08시~13시) 시행 중
--- 본인이 원하는 시간대에서 자유롭게 출퇴근 하세요.
--- 식사 시간(중식, 석식) 제외 8시간 근무를 원칙으로 합니다.
- 점심 식사 지원
- 골프 입문을 위한 레슨비 지원
- 청년 내일채움공제 지원 기업
- 일부 재택근무제 시행 중 (팀에 따라 케이스 다름)
- 간식 및 커피 제공
- 업무 관련 도서 구매 지원
- 업무 관련 세미나 참여 장려
- 스터디 지원 (도서 구매 또는 강의 구매)
- 장기 병가 시 유급 휴가 제도 처리
--- 사고나 수술 등의 장기 병가는 유급 휴가 처리합니다. (무제한은 아닙니다)
--- 단기 병가는 필요한 경우 팀 매니저의 재량 하에 부여합니다.
- 4대 보험, 퇴직금 등의 기본 사항
- 별도 승인 없이 사용할 수 있는 연차 제도","[회사 소개]
모든 분야에서 기술을 통해 미래는 혁신적으로 바뀔 것입니다.
스포츠 교육도 마찬가지입니다.
모아이스는 그 형태를 찾고 있는 탐험가들입니다.

모아이스는 인공지능 기술과 데이터를 통해 스포츠 교육 및 연습의 방식을 혁신하는 서비스를 개발하는 회사입니다.

기존에는 스포츠를 배우기 위해서는 2가지 방법이 있었습니다. 오프라인 레슨 혹은 유튜브 콘텐츠 등을 통한 독학이 그것들입니다. 

하지만 오프라인 레슨에서 자신과 맞는 코치를 만나기란 굉장히 어렵고, 위치/장소를 고려하면 거의 불가능한 경우도 많습니다. 독학은 나에게 맞는 문제점 진단과 솔루션을 찾는 것이 매우 어렵습니다.
모아이스는  이를 개선하기 위해 인공지능 기술과 빅데이터 기술을 이용하여 기존 방식들의 장점들을 극대화하고 단점들을 최소화하는 새롭고 혁신적인 방법으로 스포츠를 배우거나, 즐거운 연습을 할 수 있게 하는 서비스를 개발하고 있습니다.
현재는 첫 번째 타켓 스포츠인 골프에 집중하고 있고, 차후 다른 스포츠 분야로 확장할 것입니다.


[골프픽스 서비스]
골프픽스는 골프 스윙을 AI가 자동으로 분석하여 스윙의 문제점 진단, 최적의 솔루션을 제시 및 AI 연습 가이드를 통해 골프를 효율적으로 배울 수 있는 서비스입니다.

출시 후 꾸준히 유저 유입이 발생하고 있고, 현재 다운로드 약 15만건, 실제 유저들의 누적 스윙 진단 200만건 이상을 기록하였습니다.

더욱 효과적인 골프 연습을 위해 많은 아이디어들을 구체화 시켜 꾸준히 업데이트 중이며, 성공적인 글로벌 진출을 위해 노력중에 있습니다.

서비스 링크
- Google Play store : https://play.google.com/store/apps/details?id=kr.co.moais.golffix
- Apple AppStore : https://apps.apple.com/kr/app/%EA%B3%A8%ED%94%84%ED%94%BD%EC%8A%A4-golf-fix/id1586120680


저희 모아이스와 함께 유저에게 새로운 스포츠 경험을 제공하며 함께 성장해나갈 Researcher를 기다리고 있습니다.","[주요 업무]
-------------------------------------------------------------------------------------------------------------------------------------------------------------------------------------
- 골프 스윙 등 다양한 종류의 데이터 분석 업무
--- 골프픽스) 스윙 문제점, 진단 성능 등
--- 정부과제) 시공간적 분석 및 예측, 지역별 통계 등
- 데이터 분석 환경 및 대시보드 구축/운영
- DB 및 ETL 파이프라인 관련 업무


[모아이스 데이터 플랫폼 팀은?]
-------------------------------------------------------------------------------------------------------------------------------------------------------------------------------------
데이터 플랫폼팀은 데이터 활용 기반을 구축하고 다양한 분석을 통해 서비스 개선 및 방향성을 제시하고자 합니다. 

조직 업무
    - 데이터 파이프라인 설계 및 분석 환경 구축
    - 미국, 유럽, 한국 등 글로벌 골프 유저 스윙 분석
    - 주요 지표 설계와 대시보드 구축 및 운영
    - 문제 정의 및 해결을 위한 알고리즘 연구개발
    - 데이터 관리 및 정책 수립 등
    - 데이터 관련 정부사업"
37,모빌린트,Deep Learning Research Engineer,머신러닝 엔지니어,"- 딥러닝 프레임워크(PyTorch, TensorFlow 등) 활용 능력
- 프로그래밍 언어(Python, C/C++ 등) 활용 능력
- 딥러닝 모델 개발 관련 전체 프로세스 경험
- 최종 성적증명서 제출 필수 Git
Pytorch
Tensorflow
Perl
Python
딥 러닝
C
C++
운영체제
펌웨어
FPGA
SoC
컴퓨터 비전
Verilog
TCL
STP
Xilinx
RTL 설계
RTL 코딩","- 딥러닝 모델 학습 개발 경험 및 논문 실적
- 컴퓨터비전 딥러닝 모델 학습과 관련된 높은 이해도
- NPU에 대한 이해도
- 딥러닝 핵심 연산들에 대한 정확한 이해",0,https://www.wanted.co.kr/wd/75640,"[ 여러분의 성장을 응원합니다 ]
- 전 세계가 주목하는 AI 반도체라는 인공지능, 반도체 분야의 최첨단 기술을 접할 수 있습니다.
- AI 반도체 특성상 타 분야 엔지니어와의 교류가 필수적이며 인공지능 솔루션 기업들과 협업할 기회가 많기 때문에 다양한 경험을 통해 시야를 넓히고 융합형 인재로 성장할 수 있습니다.
- 열정적이고 성장에 욕심 많은 멤버들을 위해 세미나 참석비 지원, 도서구입비 지원 제도를 운영하고 있습니다.
- 직무발명보상제도를 운영하여 멤버들의 역량 증진을 장려하고 성과에 대해 보상해드리고 있습니다.

[ 우리는 이렇게 일해요 ]
- 자율출퇴근, 자유복장을 원칙으로 하고 있습니다. (전문연구요원의 경우 병역법에 의거 자율출퇴근 적용이 어려울 수 있습니다)
- 공공기관에 준하는 휴일, 휴가 제도를 운영하며 연차는 자유롭게 사용하실 수 있습니다.
- 직급없이 님을 사용하며 스스로 업무를 관리하는 수평적 조직문화를 자랑합니다.
- 불필요한 문서 작업을 철저히 배척하고 직접적이고 빠른 의사소통으로 문제를 해결합니다.

[ Low-Rist & High-Return ]
- 열정페이가 아닌 열정이 샘솟는 페이를 지향합니다.
- 국내 AI 반도체 선도기업 중 규모가 작은 편으로, 지금 합류하시면 회사의 성장으로 인한 기쁨을 스톡옵션을 통해 금전적으로도 충분히 누리실 수 있습니다.
- AI 반도체는 차세대 비메모리 반도체 패권을 결정짓는 국가전략산업으로 미국은 2025년까지 56조원, EU는 2030년까지 182조원, 우리 정부 역시 1조 4000억원의 투자를 발표했습니다.
모빌린트는 국내최고수준의 AI반도체 기술력을 활용하여 지금도 여러 과제에 참여하고 있으며, 앞으로도 정부 지원을 통해 안정적으로 AI 반도체 기술 국산화에 도전할 계획입니다.

[ 쾌적한 근무 환경 ]
- 멤버들이 연구 개발에 집중하실 수 있도록 편안한 환경 조성을 최우선 목표로 하고 있습니다.
- 역삼역 3분 거리에 있는 넓고 깨끗한 사무실에서 근무합니다.(깔끔한 회의실 3개 포함)
- 신규 멤버가 입사하실 때마다 최고 사양의 컴퓨터와 듀얼 모니터를 새로 구입해드리며 필요한 소프트웨어를 요청하시면 지체 없이 지원해드립니다.

[ 그 외 소소한 복지 제도 ]
- 4대 보험 및 건강검진 지원
- 중식 및 석식 제공
- 간식, 음료 무제한 제공 (원하는 메뉴 요청)
- 고급 캡슐 커피 무제한 제공
- 명절, 연말 등 특별한 선물
- 생일 반차","모빌린트의 Deep Learning Research Engineer는 최신 머신러닝/딥러닝 알고리즘 연구를 통해 AI 반도체에서 활용할 수 있는 모델을 개발하는 역할을 합니다. 딥러닝 모델을 단순히 차용하는데 그치지 않고 각 Task, Dataset에 맞도록 수정, 개발, 학습하는 역할을 합니다.

NPU에 최적화된 딥러닝 모델 개발, NPU를 사용하고 싶은 고객사의 딥러닝 모델 개발, 자체 딥러닝 알고리즘 솔루션 개발, 딥러닝 학습에 필요한 툴 개발 등 주요 기술을 담당합니다. 단순히 딥러닝 모델 학습하는 것이 아니라 NPU와 연계하여 시너지를 낼 수 있는 업무를 원하시는 분, 딥러닝 모델 학습 관련하여 다양한 업무를 기획, 수행하실 분들께 적극 추천드립니다!","- Task, Dataset, Size, NPU 별 최적화된 딥러닝 모델 연구 및 학습
- 각종 최신 딥러닝 알고리즘 연구
- 고객사 데이터 분석 및 딥러닝 모델 학습 
- 딥러닝 모델 학습 관련 툴 개발"
38,(주)샌즈랩,AI기술개발팀_팀장급,머신러닝 엔지니어,"■ AI 모델링 관련 프로젝트 진행 경험자
■ 실행형/비실행형 파일 처리 경험자
■ 기본 통계 분석 지식 보유자
■ Python 기반 딥러닝 프레임워크 숙련자 및 AI 모델 개발 경험자
■ 부서장으로서 팀을 운영했던 경험자
■ 학력 : 박사학위 이상 또는 그에 준하는 경력자 AI, 머신러닝, 파이썬, 딥러닝, Deep Learning, Pytorch","■ IT 관련 자격증 보유
■ 관련 전공자 (컴퓨터 공학, 수학, 정보 보안외 사이버 보안 관련 분야)
■ SCI(E) 급 해외 저널 저자 우대(3년 이내)
■ AWS등 클라우드 서비스 경험 우대
■ 포트폴리오(프로젝트 진행 건) 제출 필수
■ 영어 가능자
■ 최신 기술 트랜드를 따라가고자 하는 의지가 있고, 커뮤니케이션이 원활한자
■ 악성코드 분석 경험이 있거나, 악성코드 관련 분류 모델링 경험이 있는자",10,https://www.jobplanet.co.kr/job/search?posting_ids%5B%5D=1250043,"* 자율출퇴근제도 (08:00~10:00)
* 단체상해보험 가입
* 복지비 지급 (상/하반기 2회)
* 인센티브
* 휴가비 지원
* 인센티브 지급 
* 명절선물 지급 
* 야간 식대/교통비 지원
* 건강 검진 지원
* 자율복장","2023년 하반기 ㈜샌즈랩 채용 계획
---

사이버 위협 인텔리전스(CTI, Cyber Threat Intelligence) 전문기업으로서 다양한 채널로부터 수집한 악성코드 등의 사이버 위협 정보를 인공지능, 빅데이터를 활용한 자체 분석 기술을 활용하여 자동 분석하고 이를 기반으로 생성된 사이버 보안 위협 대응, 예측을 수행할 수 있는 인텔리전스를 고객에게 제공하는 사업을 영위하고 있습니다.
","◎ 사이버 인텔리전스 기반 딥러닝/머신러닝 모델 연구/개발
- 악성코드 탐지 및 분석을 위한 분류 모델링
- 모델 최적화 / 모델 파라미터 튜닝
- 모델 성능 모니터링 / 일반화 성능 개선

◎ 서비스 및 연구개발 관련 White Paper, 논문 작성

◎ 국가 과제 제안서 작성/진행"
39,블루닷,비디오 코덱 엔지니어,머신러닝 엔지니어,"• 전자, 컴퓨터공학 학사 이상
• C, Python 프로그래밍 능숙
• 리눅스 환경에서 개발 가능
• 협업에 능숙
• 주관적, 개관적 화질측정지표들에 대한 개념적 이해

자격 요건 중에 한 두가지 부족하지만, 노력으로 충분히 캐치업할 수 있는 자신이 있다면 망설이지 말고 지원해주세요! Git
Github
Slack
Python
C
AWS
Spring Framework","• 클라우드 활용 가능
• 멀티미디어 프레임워크(FFmpeg, Gstreamer) 사용 능숙 
• 동영상압축포맷(H.264, HEVC 등)에 대한 이해 – 사용되는 압축 툴(알고리즘)의 동작 이해
• 주관적, 개관적 화질측정지표 상세 이해 – 각 지표의 특성, 장.단점 이해
• AWCY 사용 경험 – 유지.보수 가능한 수준",0,https://www.wanted.co.kr/wd/143022,"블루닷은 직원의 행복한 삶을 응원합니다.

[Life]
• 복지포인트 지급
   자기개발, 여가/취미 활동지원을 위한 복지포인트를 지급합니다.(연 최대 150만원)
• 경조사 지원
   결혼, 출산, 장례 등 중요한 경조사에 축하 및 조의를 전하며 화환 및 경조비를 지급합니다.
• 명절 및 기념일 선물
   명절과 기념일에 감사의 마음을 전하기 위해 소정의 선물을 지급합니다.

[Wellness]
• 종합건강검진 지원
   직원의 건강관리를 위한 종합건강검진을 지원합니다.(연 1회, 100만원 상당)
 
[Work]
• 자율근무 및 휴가제도 운영
   최적의 시간과 공간을 선택할 수 있는 자율 근무와 자율 휴가 제도를 운영합니다.
   정해진 근무시간 없이 자유롭게 출근하시고, 법정 휴가 소진하셨어도 일정에 맞게 휴가 사용하실 수
    있습니다 :)
• 업무성장 지원
   직원의 성장을 위해 업무 관련 도서 및 외부 교육을 지원합니다.
• 팀활동비 지원
   팀의 원활한 협업과 소통을 위한 팀활동비를 지원합니다.
• 스카우트 리워드
   함께 일하고 싶은 동료를 추천해주세요! 그럼 스카우트 리워드가 지급됩니다.
• 업무환경 개선
   최고의 퍼포먼스를 위해 업무환경을 끊임없이 개선하고자 노력합니다.","블루닷은 AI와 반도체설계기술을 기반으로 탁월한 화질을 가지는 고성능 동영상 처리 및 압축 기술을 개발하고 있습니다. 개발과 고객과의 협력 과정에서 가장 중요한 요소 중 하나는 화질평가입니다. 

목적에 따라 화질평가 시나리오를 수립하고, 빠른 시간에 정확한 평가 결과를 얻을 수 있는 시스템을 구축.운영하며, 결과 분석을 통해 경쟁력있는 제품을 만드는 과정에 기여하게 됩니다.

이 과정에서 다양한 직군(제품기획, 알고리즘개발, 소프트웨어개발, 반도체설계)의 동료들과 협업하게 됩니다.

프로그래밍에 능숙하고 이미지.동영상의 화질평가와 처리.압축알고리즘에 관심이 높으신 분들의 많은 관심과 지원 부탁 드립니다.","• 화질평가 계획 수립
    - 알고리즘/기능간 비교
    - 경쟁사 제품과 비교
    - 화질 외 성능(속도), 전력소모 등의 메트릭 포함될 수 있음
• 화질평가를 위한 데이터수집
• 화질평가시스템 고도화 및 신규 구축
• 화질평가결과분석 및 레포팅
• 제품기획, 다른 개발직군과의 긴밀한 협업
• 화질평가와 관련된 학계.산업계 연구동향 분석 및 제안활동"
40,씨제이대한통운(CJ대한통운),데이터 사이언티스트,머신러닝 엔지니어,"[경력사항]
• 데이터 모델링 경력 3년 이상

[필요역량]
• Data-Driven Decision Making이 가능토록 실험 설계 및 통계적 가설 검증이 가능한 분
• Python을 통해 머신 러닝 모델 및 최적화 모델이 가능한 분
• 데이터의 수집 및 처리를 위해 SQL 활용이 가능하신 분 Python
SQL
Tableau
AWS
Spring Framework
ML","• 데이터 시각화 도구(Tableau 등) 사용이 가능하신 분
• ML 프레임워크(Pytorch, Tensorflow, Keras 등) 활용이 가능하신 분
• AWS, GCP 등 클라우드 사용 경험",3,https://www.wanted.co.kr/wd/163197,"· 임직원카드 : CJ브랜드 구입/이용 시 40% 할인 혜택
· 카페테리아 포인트 (연 100만원 상당) : 콘도, 펜션, 호텔 예약, 문화생활, 자기계발 지원, CJ몰 등 그룹 온라인 쇼핑몰 물품구입 등에 사용 가능
· 연봉 외 약 200만원 상당 식대 지원
· 경조사 지원
· 자녀 학자금 지원
· 의료비 및 건강관리 지원
· 주택 및 생활자금 대출 지원
· 장기근속자 휴가 및 비용지원
· 출산 및 육아 관련 지원
· 기타 (제주 렌터카, 웨딩카, 어버이날선물, 기념일 선물, 창립기념일 선물, 동호회 지원)","물류산업의 패러다임 혁신을 주도하는 CJ대한통운과 함께
고객에 최고의 서비스를 제공할 역량 있고 열정적인 데이터 사이언티스트를 모십니다.","- 디지털 물류 플랫폼 핵심 엔진을 위한 데이터 분석 및 실험 설계
- 데이터 기반의 주요 지표 정의, 모니터링, 분석 진행
- 수요 / 공급 예측 모델링
- 플랫폼 고도화를 위한 핵심 엔진 및 운영 효율을 위한 최적화 모델링
- 데이터 파이프 라인 제작
- 데이터 분석을 위한 로그 및 마트 테이블 설계 관리"
