회사명,지원기간,공고명,직무내용,자격요건,우대조건,경력조건,기술 스택,출처 URL,복지,회사소개,주요업무
게임의 본질은 재미와 즐거움입니다. 이스트게임즈는 게임을 통해 더 많은 사람들이 '즐거움'과 '재미'를 찾는 세상을 꿈꿉니다. 2005년 카발 온라인을 시작으로 이스트게임즈는 국내 외 서비스 경험을 쌓아왔습니다. 오랜 경험을 바탕으로 한 탄탄한 개발력과 서비스 노하우로 누구나 쉽고 재밌게 게임을 즐긴다는 게임의 본질을 지켜나갈 수 있도록 노력하고 있습니다.,"마감일
상시",캐주얼게임 서버 개발 담당자,게임 서버 개발자,"• 프로그래밍 관련 전공자
• 게임 개발 경험 및 지식 보유자","• DBMS(MySQL, MongoDB), Node.js, 리눅스 OS 경험 및 지식 보유자","경력
신입~10년","Node.js
MySQL
MongoDB
Linux
C#
C++
Redis
GitHub
Jenkins",https://www.jumpit.co.kr/position/1649,"[ESTGames Life]
즐거운 사람이 재미있는 게임을 만들수 있다는 생각으로 임직원의 Work & Life 밸런스를 위해 노력합니다.

① Fun, In and out
즐거운 게임은 즐겁게 일하는 사람들 손에서 나옵니다. 이스트게임즈는 즐겁게 일할 수 있는 환경을 제공하기 위해 노력합니다.
• 복지 포인트 (원하는 곳에 내 마음대로!)
- 여행/공연/자기계발/쇼핑 등 다양한 분야에서 자유롭게 사용 가능한 복지포인트 지급
• 사내 카페테리아 (편안한 휴식 시간을 위한 우리만의 전용 공간)
- 회사 근처 유명 카페 입점
- 제조 음료 할인 및 베이커리 판매
• 축하 이벤트 (즐거운 날, 더 즐거울 수 있도록!)
- 졸업, 수습 종료 축하 이벤트
- 자녀 초등학교 입학 축하 이벤트
- 장기근속 축하 리프레시 휴가 지원

② Life, In and out
우리는 회사의 구성원이기 전에 한 가족의 구성원입니다. 이스트게임즈는 보다 풍요롭고 행복한 회사 생활을 위해 가족과의 행복한 삶을 지원합니다.
• 가족 친화 제도 (행복한 가정, 행복한 회사)
- 출산 축하 선물, 육아 수당
- 소노, 한화 리조트 지원
- 제주캠퍼스 게스트룸 지원
• 건강 관리 지원 (그 누구도 아프지 않도록)
- 건강검진 및 휴가 지원
- 병가 및 단체보험
• 경조사 지원 (마음을 함께해요)
- 경조사 휴가, 경조금 지원
- 화환, 꽃바구니, 상조 용품 지원

③ Freedom, with Responsibility
오늘도 열심히 일한 당신! 자유롭게 게임하고, 자유롭게 휴가쓰고, 자유롭게 퇴근하세요.
• 자기 주도적인 업무 환경 (업무에 몰입할 수 있도록!)
- 시차출퇴근제
- 원격근무 지원
- 시간 연차 제도(2시간 단위)
- 기여에 따른 차등 보상제
• 게임 캐시 지원 (게임 개발을 위한 플레이 경험은 필수!)
- 자사 게임 캐시 지원
• 자기계발 지원 (성장하고 싶은 당신에게)
- 외부 교육 및 세미나 지원
- 도서, 학비 지원
- 금융상품 가입 지원(과학기술인공제회 협약)",게임의 본질은 재미와 즐거움입니다. 이스트게임즈는 게임을 통해 더 많은 사람들이 '즐거움'과 '재미'를 찾는 세상을 꿈꿉니다. 2005년 카발 온라인을 시작으로 이스트게임즈는 국내 외 서비스 경험을 쌓아왔습니다. 오랜 경험을 바탕으로 한 탄탄한 개발력과 서비스 노하우로 누구나 쉽고 재밌게 게임을 즐긴다는 게임의 본질을 지켜나갈 수 있도록 노력하고 있습니다.,"• 신작 SNG 서버파트 개발
• 고양이다방 유지보수"
"""Save the planet ! Act now!""

지구도 음악을 즐길 수 있게 우리 음악과 관련된 모든 사람들이 이제 행동해야 합니다. 미니레코드는 포장지부터 포토카드까지 99%의 친환경소재만을 고집하며, 음반의 패키징을 최소화 하고, 메타버스를 통해 다양하고 새로운 경험을 제공합니다.","마감일
상시",Java 개발자,게임 서버 개발자,"• Java
• jsp 
• Spring framework
• mariaDB","• 파인튜닝 경험자
• 딥러닝 경험자","경력
경력 2~10년","Java
C#
Spring Framework
JSP
MariaDB
JavaScript",https://www.jumpit.co.kr/position/17629,"• 4대보험
• 스톡옵션 도입
• 명절 상여 및 특근수당
• 중석식 제공
• 경조금 및 경조휴가
• 간식제공 
• 월 1회 부서별 점심회식
• 자유로운 연차사용 
• 최신장비지원
• 콘도이용 지원 ""소노팰리체"" 전국 체인 1인당 연 3일 지원","""Save the planet ! Act now!""

지구도 음악을 즐길 수 있게 우리 음악과 관련된 모든 사람들이 이제 행동해야 합니다. 미니레코드는 포장지부터 포토카드까지 99%의 친환경소재만을 고집하며, 음반의 패키징을 최소화 하고, 메타버스를 통해 다양하고 새로운 경험을 제공합니다.","• Java 게임 개발 또는 프로젝트 수행
• Java 개발 및 개발 유지보수
• Java & Javascript 개발"
"라이프페스타는 '일상의 게임화'를 추구하는 소셜 게임 기반 메타버스를 만드는 스타트업입니다. 전 크래프톤, 라인(LINE), 넥슨, 엔씨 소프트 출신의 평균 경력 10년 이상 슈퍼 개발진으로 구성 되어 있습니다. 최근 시드 투자를 마무리 중이고, IT 대기업과의 협업 프로젝트도 체결하여 빠른 성장을 만들어 나가고 있습니다.

라이프페스타는 소셜 플랫폼과 소셜 게임을 접목시킨 창의적인 아이디어로 시장의 혁신을 만들고자 합니다. 현재 프로젝트 초기 단계로 개발의 시작부터 유니콘 이상의 성장을 함께 만들어가실 열정 있는 개발자분들을 모십니다.","마감일
상시",모바일 메타버스 서버 개발자,게임 서버 개발자,"• 전산학 및 네트워크 관련 이해 혹은 관련분야 전공자
• Java 또는 Go 프로그래밍 가능하신 분
• RDBMS(MySQL 등)와 NoSQL(MongoDB 등)에 대한 이해가 있으신 분
• 새로운 기술 습득에 대한 호기심과 열정을 갖추신 분
• 영어로 된 레퍼런스 문서를 이해하는데 어려움이 없는 분
• 주도적으로 방향성을 수립하고 커뮤니케이션 할 수 있는 분","• 모바일 앱/게임의 출시 및 라이브 경험이 있으신 분
• AWS, Azure등 Cloud를 활용한 서비스 경험 있으신 분
• Docker를 활용한 서비스 배포 구축 또는 Kubernetes 경험이 있으신 분
• 분산 기반 글로벌 앱 혹은 게임 서비스 경험 있으신 분
• TypeScript, React.js, Angular 등 Web Front-end 개발 경험이 있으신 분","경력
신입","Java
MySQL
Linux
C++
AWS
Redis
AZURE
Vert.x
Go
NoSql",https://www.jumpit.co.kr/position/6745,"라이프페스타는 가치 있는 일과 신뢰 하는 동료와 함께, 일과 삶의 조화를 찾아가고 있습니다.

1. 사내 문화
• 서로를 존중하는 수평적 문화를 추구하며 서로 간의 호칭은 “이름+님”으로 통일합니다.
• ‘함께하는 번영’을 가치로 진정성 있게 프로젝트를 바라보고 함께 도와주고 성장하는 최고 수준의 동료들을 경험할 수 있습니다.

 2. 하이브리드 워크 시행 중
• 탄력 출근제(09시~11시)를 도입하여 유연한 근무를 진행 중에 있습니다.
• 재택 근무를 혼합하여 생산성 향상과 삶의 질의 향상을 추구 합니다.

3. 업무 환경
• 업무 성과에 따른 스톡옵션 부여
• 자율적인 연차 사용
• 듀얼 모니터 등 직군에 맞는 업무 장비 지원
• 성장을 위한 도서 구입비 지원
• 쾌적하고 자유로운 ""초""역세권 근무환경 (선릉역 1분 거리)","라이프페스타는 '일상의 게임화'를 추구하는 소셜 게임 기반 메타버스를 만드는 스타트업입니다. 전 크래프톤, 라인(LINE), 넥슨, 엔씨 소프트 출신의 평균 경력 10년 이상 슈퍼 개발진으로 구성 되어 있습니다. 최근 시드 투자를 마무리 중이고, IT 대기업과의 협업 프로젝트도 체결하여 빠른 성장을 만들어 나가고 있습니다.

라이프페스타는 소셜 플랫폼과 소셜 게임을 접목시킨 창의적인 아이디어로 시장의 혁신을 만들고자 합니다. 현재 프로젝트 초기 단계로 개발의 시작부터 유니콘 이상의 성장을 함께 만들어가실 열정 있는 개발자분들을 모십니다.","모바일 플랫폼 메타버스 서비스의 서버를 개발하고 운영 환경을 구축합니다.
글로벌 분산 기반 메타버스 서비스 서버 개발을 종합적으로 경험할 수 있습니다.

• 가상 공간 동기화 처리 구현 (채팅,네비게이션,미니게임)
• 아바타, 공간 꾸미기 등 메타버스 서비스 컨텐츠 구현
• AWS, Azure등 Cloud를 활용한 서비스 환경 구축
• Linux 환경에서의 서버 운영
• 서비스 운영 및 관리를 위한 각종 툴 제작 등"
게임의 본질은 재미와 즐거움입니다. 이스트게임즈는 게임을 통해 더 많은 사람들이 '즐거움'과 '재미'를 찾는 세상을 꿈꿉니다. 2005년 카발 온라인을 시작으로 이스트게임즈는 국내 외 서비스 경험을 쌓아왔습니다. 오랜 경험을 바탕으로 한 탄탄한 개발력과 서비스 노하우로 누구나 쉽고 재밌게 게임을 즐긴다는 게임의 본질을 지켜나갈 수 있도록 노력하고 있습니다.,"마감일
상시",게임서버,게임 서버 개발자,"• CS(Computer Science) 기본 지식을 갖춘 분
• 하나 이상의 General-purpose 프로그래밍 언어로 소프트웨어를 개발한 경험이 있는 분
• Database 관련 기본 지식을 갖춘 분
• 주변 동료들과 협업이 가능하며 책임감 있는 분
• 본인의 개발경험이나 코딩수준을 어필할 수 있는 포트폴리오 첨부 필수","• 하기의 혹은 그 외 하나 이상의 General-purpose 프로그래밍 언어로 소프트웨어를 개발한 경험이 있는 분
- C/C++, C#, JavaScript, Python, Go.
• 새로운 프로그래밍 언어를 습득하는데 어려움이 없거나 혹은 흥미를 갖고 있는 분
• OS/System Internals 관련 지식을 갖춘 분
• Windows/Linux 환경에서의 Platform-independent 개발 경험이 있는 분
• 오픈소스 기반의 설계 및 개발 경험이 있는 분","경력
신입~20년","C++
Node.js
MySQL
Docker
C
C#
JavaScript
Python",https://www.jumpit.co.kr/position/2038,"[ESTGames Life]
즐거운 사람이 재미있는 게임을 만들수 있다는 생각으로 임직원의 Work & Life 밸런스를 위해 노력합니다.

① Fun, In and out
즐거운 게임은 즐겁게 일하는 사람들 손에서 나옵니다. 이스트게임즈는 즐겁게 일할 수 있는 환경을 제공하기 위해 노력합니다.
• 복지 포인트 (원하는 곳에 내 마음대로!)
- 여행/공연/자기계발/쇼핑 등 다양한 분야에서 자유롭게 사용 가능한 복지포인트 지급
• 사내 카페테리아 (편안한 휴식 시간을 위한 우리만의 전용 공간)
- 회사 근처 유명 카페 입점
- 제조 음료 할인 및 베이커리 판매
• 축하 이벤트 (즐거운 날, 더 즐거울 수 있도록!)
- 졸업, 수습 종료 축하 이벤트
- 자녀 초등학교 입학 축하 이벤트
- 장기근속 축하 리프레시 휴가 지원

② Life, In and out
우리는 회사의 구성원이기 전에 한 가족의 구성원입니다. 이스트게임즈는 보다 풍요롭고 행복한 회사 생활을 위해 가족과의 행복한 삶을 지원합니다.
• 가족 친화 제도 (행복한 가정, 행복한 회사)
- 출산 축하 선물, 육아 수당
- 소노, 한화 리조트 지원
- 제주캠퍼스 게스트룸 지원
• 건강 관리 지원 (그 누구도 아프지 않도록)
- 건강검진 및 휴가 지원
- 병가 및 단체보험
• 경조사 지원 (마음을 함께해요)
- 경조사 휴가, 경조금 지원
- 화환, 꽃바구니, 상조 용품 지원

③ Freedom, with Responsibility
오늘도 열심히 일한 당신! 자유롭게 게임하고, 자유롭게 휴가쓰고, 자유롭게 퇴근하세요.
• 자기 주도적인 업무 환경 (업무에 몰입할 수 있도록!)
- 시차출퇴근제
- 원격근무 지원
- 시간 연차 제도(2시간 단위)
- 기여에 따른 차등 보상제
• 게임 캐시 지원 (게임 개발을 위한 플레이 경험은 필수!)
- 자사 게임 캐시 지원
• 자기계발 지원 (성장하고 싶은 당신에게)
- 외부 교육 및 세미나 지원
- 도서, 학비 지원
- 금융상품 가입 지원(과학기술인공제회 협약)",게임의 본질은 재미와 즐거움입니다. 이스트게임즈는 게임을 통해 더 많은 사람들이 '즐거움'과 '재미'를 찾는 세상을 꿈꿉니다. 2005년 카발 온라인을 시작으로 이스트게임즈는 국내 외 서비스 경험을 쌓아왔습니다. 오랜 경험을 바탕으로 한 탄탄한 개발력과 서비스 노하우로 누구나 쉽고 재밌게 게임을 즐긴다는 게임의 본질을 지켜나갈 수 있도록 노력하고 있습니다.,• 게임 개발
"에이치투케이(H2K, Happiness to Kids)는 아이들을 위한 인공지능 언어 교육 솔루션을 만듭니다. 교육의 출발점인 한글 교육부터 혁신하고자 ‘소중한글’을 출시했고, 2023년 현재 소중한글을 지속 고도화하는 한편 신규 서비스를 개발하고 있습니다. 

저희는 누구도 효율적으로 해결하지 못한 언어 학습 부진 문제를 인공지능 기술로 해결하려 합니다. 아이마다 이전에 쌓아온 언어 실력과 학습 성향은 모두 다릅니다. 모두를 위한 효과적인 교육이 되기 위해서는 1:1 맞춤형 교육이 구현되어야 합니다. 에이치투케이는 인공지능 기술을 통해 아이의 취약점과 학습 성향을 분석하며 분석한 내용을 바탕으로 1:1 맞춤형 커리큘럼을 제공합니다. 

2020년 6월 소중한글 유료 버전을 출시한 이래, 지난 3년간 양대 앱 마켓 (구글플레이, 앱스토어) 어린이 분야 매출 1위를 고수하고 있습니다. 2021년 국내 최고 권위 교육공공기관인 한국교육학술정보원과 세종시 교육청 주관 에듀테크 해커톤 대회에서 최우수상 수상하는 등 교육효과의 공신력을 획득하여 현재 170여개의 초등학교에서 교구로 활용 중입니다. 

저희는 느린 학습자나 난독증을 겪는 아이들까지도 쉽게 언어를 체득하고, 배우는 기쁨을 만끽할 수 있는 미래를 현실로 만들고 싶습니다. 담대한 마음으로 이 비전에 동참하실 분을 찾습니다. 

[이런 분을 환영합니다] 
- 좋은 팀 플레이어를 기다립니다. 다른 전문성과 관점을 가진 사람과의 협업을 즐기는 분을 찾습니다. 
- 책임감있는 분과 일하고 싶습니다. 맡은 일을 꾸준히 고민하고 완수할 수 있는 분을 찾습니다. 
- 빠르게 실행하고, 그 과정에서 배울 점을 집요하게 찾는 분을 원합니다. 실행하는 데 주저함이 적고, 기꺼이 자신의 실패와 실수의 경험을 공유하는 동료와 함께하고 싶습니다. 
- 토론과 설득을 피하지 않는 분을 찾습니다. 정답이 없는 일을 합니다. 동료의 의견이 합리적이라면, 적극 수용하고 더 나은 방법을 모색하는 분을 원합니다. 

[이렇게 근무합니다]
- 집중 근무 시간(오전 10시 – 오후 3시)을 제외하고, 시간과 장소 제약 없이 유연 근무 가능합니다. 
- 육아, 출퇴근 거리 등의 사유가 있는 경우, 풀 재택 근무 가능합니다. 단, 이 경우에도 수습 기간 동안에는 집중 근무 시간에 출퇴근함을 원칙으로 합니다. 

[근무 환경]
- 정규직 (수습 기간 3개월 후 정규직 전환 심사) /주 5일(월-금) 근무
- 격년 단위 건강검진 30만원 상당 제공
- 자기계발비 월 10만원 제공
- 카페이용료 일 1만원 제공
- 특별 휴가, 연말 감사 휴가, 생일 반차 제공","마감일
상시",[경력] 유니티 개발자,게임 서버 개발자,"[당신을 기다립니다]
• 개발을 재미있어 하시는 분
• Unity와 C#에 대한 폭 넓은 이해와 경험이 있으신 분
• 자료구조 및 알고리즘에 대한 높은 이해도를 가지신 분
• 긍정적 마인드로 원활한 의사소통이 가능하신 분
• 새로운 기술에 대한 두려움이 없고 학습 속도가 가파르신 분","[놓치고 싶지 않아요]
• Unity 개발 및 서비스 운영 경험이 많으신 분
• Android, iOS 앱으로 출시 경험이 많으신 분 (결제 및 SNS 간편가입 모듈 경험 특히 우대)
• Unity 애니메이션 제작 경험이 많으신 분 (디자인 제외)
• Unity Physics 및 Particle System 개발 경험이 많으신 분
• Unity App과 WAS 간의 통신 개발 경험이 많으신 분 (비동기 로직 처리)
• Unity IAP 개발 경험이 많으신 분
• Native Plugin 개발 기술을 보유하신 분 (Android, iOS)
• Firebase SDK를 다양하게 사용해보신 분 (Analytics, DynamicLinks, CloudMessaging 등)
• LINQ 또는 SQLite를 능숙하게 다루시는 분
• Github, Github Actions을 능숙하게 다루시는 분","경력
경력 5~20년","Unity
C#",https://www.jumpit.co.kr/position/16318,"[임직원의 성장과 몰입을 위해 H2K는 지원을 아끼지 않습니다] 
1. 에듀테크 분야 1위 한글 교육 앱을 만들고 있는 최고의 팀과 동료들이 있습니다.
2. 몰입과 성과만큼 보상하는 것이 최고의 복지임을 인정하는 철학을 갖고 있습니다.
3. 매년 스톡옵션을 협상합니다.
4. 일하고 싶을 때 일합니다.
• 10:00 - 15:00 집중소통시간 외에는 근무 시간을 자유롭게 사용합니다.
• 따로 근무 시간을 관리하거나 체크하지 않습니다.
• 휴가는 원할 때, 별도의 승인 없이 자유롭게 사용합니다.
5. 원격 근무를 허용합니다.
• 그룹장의 승인 하에 장소에 제한 없는 원격 근무가 가능합니다.
• 코로나 19 이전부터 원격 근무를 운영하여 효율적인 원격 근무 시스템이 잘 마련되어 있습니다.
6. 임직원의 성장을 응원합니다.
• H2K는 회사와 개인의 동반 성장을 꿈꿉니다.
• 최신형 맥북과 모니터 등 원하는 장비와 도구를 지원합니다.
• 연 120만원 상당의 자기계발비를 지원합니다.
• 일 1만원 카페음료비를 지원합니다.
• 격년으로 30만원 상당의 건강검진을 지원합니다.
• 기본 연차 외 생일 반차, 연말연시 office closing, 리프레시 휴가 제도를 운영합니다.
• 다양한 경조사에 대한 경조 지원금 및 유급 휴가를 제공합니다.","에이치투케이(H2K, Happiness to Kids)는 아이들을 위한 인공지능 언어 교육 솔루션을 만듭니다. 교육의 출발점인 한글 교육부터 혁신하고자 ‘소중한글’을 출시했고, 2023년 현재 소중한글을 지속 고도화하는 한편 신규 서비스를 개발하고 있습니다. 

저희는 누구도 효율적으로 해결하지 못한 언어 학습 부진 문제를 인공지능 기술로 해결하려 합니다. 아이마다 이전에 쌓아온 언어 실력과 학습 성향은 모두 다릅니다. 모두를 위한 효과적인 교육이 되기 위해서는 1:1 맞춤형 교육이 구현되어야 합니다. 에이치투케이는 인공지능 기술을 통해 아이의 취약점과 학습 성향을 분석하며 분석한 내용을 바탕으로 1:1 맞춤형 커리큘럼을 제공합니다. 

2020년 6월 소중한글 유료 버전을 출시한 이래, 지난 3년간 양대 앱 마켓 (구글플레이, 앱스토어) 어린이 분야 매출 1위를 고수하고 있습니다. 2021년 국내 최고 권위 교육공공기관인 한국교육학술정보원과 세종시 교육청 주관 에듀테크 해커톤 대회에서 최우수상 수상하는 등 교육효과의 공신력을 획득하여 현재 170여개의 초등학교에서 교구로 활용 중입니다. 

저희는 느린 학습자나 난독증을 겪는 아이들까지도 쉽게 언어를 체득하고, 배우는 기쁨을 만끽할 수 있는 미래를 현실로 만들고 싶습니다. 담대한 마음으로 이 비전에 동참하실 분을 찾습니다. 

[이런 분을 환영합니다] 
- 좋은 팀 플레이어를 기다립니다. 다른 전문성과 관점을 가진 사람과의 협업을 즐기는 분을 찾습니다. 
- 책임감있는 분과 일하고 싶습니다. 맡은 일을 꾸준히 고민하고 완수할 수 있는 분을 찾습니다. 
- 빠르게 실행하고, 그 과정에서 배울 점을 집요하게 찾는 분을 원합니다. 실행하는 데 주저함이 적고, 기꺼이 자신의 실패와 실수의 경험을 공유하는 동료와 함께하고 싶습니다. 
- 토론과 설득을 피하지 않는 분을 찾습니다. 정답이 없는 일을 합니다. 동료의 의견이 합리적이라면, 적극 수용하고 더 나은 방법을 모색하는 분을 원합니다. 

[이렇게 근무합니다]
- 집중 근무 시간(오전 10시 – 오후 3시)을 제외하고, 시간과 장소 제약 없이 유연 근무 가능합니다. 
- 육아, 출퇴근 거리 등의 사유가 있는 경우, 풀 재택 근무 가능합니다. 단, 이 경우에도 수습 기간 동안에는 집중 근무 시간에 출퇴근함을 원칙으로 합니다. 

[근무 환경]
- 정규직 (수습 기간 3개월 후 정규직 전환 심사) /주 5일(월-금) 근무
- 격년 단위 건강검진 30만원 상당 제공
- 자기계발비 월 10만원 제공
- 카페이용료 일 1만원 제공
- 특별 휴가, 연말 감사 휴가, 생일 반차 제공","[안녕하세요, H2K를 소개합니다] 
좋은 사업은 좋은 문제에서 시작합니다. H2K는 좋은 문제를 가치 있는 문제로 정의하는 두 명의 창업가가 2017년에 설립한 회사입니다.

우리가 발견한 문제는 교육 격차 문제입니다. 이 문제의 심각성은 교육 격차가 시간에 따라 점차 누적된다는 점에 있습니다. 시작부터 바로 잡아야 한다고 생각했습니다. 교육 격차의 시작은 바로 한글입니다. 한글은 모든 교육의 출발점이기 때문입니다.

초등학교 입학생의 20%가 한글을 모르고 입학합니다. 출발선에서부터 이미 뒤쳐진 이 느린학습자들은 선별 교육이 시급하지만, 공교육 여건 상 쉽지 않습니다. 불가피하게 사교육에 의지할 수밖에 없는데요. 문제는 일부 저소득층에게는 공교육 외 다른 교육 옵션이 없다는 것입니다. 지속적으로 누적되는 교육 격차와 이 격차를 만회할 기회를 상실한 아동들. 이들에게 차별 없이 높은 수준의 언어 교육 솔루션을 제공하는 것이 우리의 미션입니다. 우리는 모든 교육의 출발점인 한글 교육을 인공지능 기술로 혁신하고자 합니다.

소중한글은 이 미션을 실현하기 위한 H2K의 지난 6년간의 역사이자, 자녀 양육 경험이 없던 두 청년의 좌충우돌 스토리입니다. 지금은 소중한글이 더 많은 부모님께 전달되고, 더 많은 아이들이 사용하게 되기를 바라는 마음으로 모인 소중한 동료들의 스토리이기도 합니다. 그리고 우리가 당연하다 여기는 것이 정말 당연해지는 세상이 올 때까지 H2K의 행복을 향한 스토리는 계속 됩니다.

[H2K의 최근 성과]
- 양대 앱 마켓 1위 한글 교육 서비스 ‘소중한글'
- 2022년 교육 분야 어린이 앱 Top 6위(매출기준), 복합 연간 성장률(CAGR) 165%
- 누적 투자금액 25억원 이상 (현재 Pre A 단계. 프라이머사제파트너스, 카카오-SK텔레콤 ESG 펀드 등으로부터 투자 유치) 
- 한국교육학술정보원 (KERIS) 주최 에듀테크 해커톤 대회 최우수상 수상

[다음 절차로 인재를 모시고 있습니다] 
1.서류 접수 -＞ 2.팀 리드 인터뷰 -＞ 3.컬처핏 인터뷰 -＞ 4.조건 협의

[개발 팀을 소개합니다]
소중한글 개발 팀은 소중한글의 타겟인 아이들이 재미있어할 만한 질 좋은 서비스를 만들기 위해 항상 고민하고 실행합니다. '세상에 개발하지 못할 것은 없다. 다만, 시간의 문제일 뿐' 이라고 믿습니다. 효율적인 개발 프로세스와 좋은 개발 문화 구축에 관심이 많고, 무엇보다 동료들과 함께 성장하는 것을 가치롭게 여깁니다. 

소중한글 앱은 Unity로 개발하고 있으며, 현재 8명의 개발자가 유기적으로 협력하며 일하고 있습니다. 모든 개발자의 공통 업무 절차는 다음과 같습니다. 1) 주간 업무회의를 통해 개인이 희망하는 개인 업무를 할당합니다 2) Github에 해당 업무 관련 이슈를 등록하고, 개발 브랜치를 생성합니다 3) 각자 개발을 진행하고 주간 코드리뷰를 통해 개발 현황을 전체 공유합니다 4) 1차 개발을 완료하면 Notion과 Slack 등을 활용해 유관부서와 QA를 진행합니다 5) Pull Request를 올리면 CTO의 최종 코드리뷰를 거쳐 메인 브랜치에 머지합니다. 

개발이 취미이신 분, 개발자로서의 성장에 목마르신 분, 자신의 인사이트를 동료들과 나누는 것에 보람을 느끼시는 분을 기다립니다!

[이런 일을 담당하십니다]
• 소중한글 유저 플로우 개선 및 고도화
• 소중한글 신규 게임 개발 
• 소중한글 코드 최적화
• 소중한글 오류 수정"
"NSUS Group은 북미, 유럽, 아시아 등 다양한 지역에 약 700명 이상의 임직원들이 일하고 있는 다국적 기업으로 iGaming 업계의 유니콘이며, NSUSLAB은 NSUS Group의 개발 스튜디오로서 그룹의 핵심적인 역할을 담당하고 있습니다.
NSUSLAB의 위대한 도전을 함께 할 우수 인재를 적극 모시고자 하니, 많은 관심과 지원 부탁 드립니다.","마감일
상시",[Casino Platform] Application Server,게임 서버 개발자,"• .Net / Java 기반 Web Service Architect에 대한 경험이 3년 이상인 분
• App 개발 및 유지보수 경험이 있는 분
• 유니티 클라이언트와 멀티플레이 관련된 경험이 있는 분
• AWS 또는 Azure와 같은 클라우드 플랫폼상에서 개발 경험이 있는 분","• .Net Framework에 대한 이해가 있는 분
• 카지노, 포커등의 게임서버 개발 경험이 있는 분
• WebSocket, Message Queue 등의 구현을 해본 분 
• 실시간 토너먼트 및 관련 서비스 구현을 해본 분","경력
경력 3~10년",".NET
Java
AWS
AZURE
WebSocket
Queue",https://www.jumpit.co.kr/position/16121,"[구성원분들의 삶을 든든하게 지원해드려요]
[Benefit]
• 💳Life Style에 맞추어 사용할 수 있는 복지포인트를 지원해 드려요.(연 250만원)
• 🍱 회돈회산 점심, 저녁을 일일 최대 30,000원까지 지원해 드려요.
• ☕매일 아침 조식 서비스와 스낵바 & 음료를 무제한으로 이용하실 수 있어요.
• 💌1년에 한번 오는 생일, 축하의 마음을 담아 상품권 15만원을 드려요.
• 🍖명절엔 역시 고기! 최고급 투뿔 AA++ 한우를!! 집 앞까지 배송해 드려요.
• 💻업무를 위해 필요한 최신형 장비를 지원해 드려요.
• 👨‍👧‍👧와글와글~ 조직 활성화를 위한 비용을 매월 지원해 드려요.(월 11만원 + α)
• 💑🏻일과 동료를 알아가는 시간! 워크샵 비용을 1인당 연 40만원을 지원해 드려요.
• 🤹🏻‍♂️동료들과 함께하는 슬기로운 취미 생활을 지원해 드려요.(동호회 1인, 월 최대 10만원)
• 🤼‍♀️알고보니 내 친구가 인재?! 사내 인재추천시 추천금을 최대 1,500만원 까지 지급해 드려요.
• ⏱️시간 단위 연차 제도로 자유롭게 연차를 사용해요! 남은 연차는 모두 수당으로 지급해 드려요.
• 📚성장을 위한 교육비 연 200만원을 지원해 드려요.
• 📖직무와 관련된 도서비를 무제한으로 지원해 드려요.
• 👩‍💻직무 도서 외 e-book 서비스를 지원해 드려요.(Feat. 밀리의 서재)
• 📑단체상해보험을 지원해 드려요.(본인 + 가족 1인 지원)
• 🏣매년 100만원 상당의 대학병원 검진 & 각종 예방 접종을 지원해 드려요.
 (본인 + 최대 가족 2인 검진 지원)
• 💊전문 심리 상담 서비스를 지원해 드려요.(1인, 연간 최대 5회 상담 지원)
• 🚛이사하는 날 이사 휴가를 지원해 드려요.
• 🎎인생의 기쁨과 슬픔을 함께 나누어요. 각종 경조사 비용을 지원해 드려요.
• 🚖안전한 귀가를 위해 저녁 11시 이후 퇴근 시 택시비를 전액 지원해 드려요.
• 🚗장거리 출·퇴근을 위한 주차비를 지원해 드려요.
• 🎁환영하는 마음을 가득 담아 Welcome Kit 를 지급해 드려요.
※ 각종 복리후생 제도는 구성원들의 니즈에 따라 변경될 수 있습니다.

#지원 응답이 빠른 기업 #인센티브 #유연근무제 #맛있는간식냠냠 
#맥북으로개발 #수평적 조직 #자유복장 #반바지/슬리퍼OK #도서구입비지원 #택시비지원","NSUS Group은 북미, 유럽, 아시아 등 다양한 지역에 약 700명 이상의 임직원들이 일하고 있는 다국적 기업으로 iGaming 업계의 유니콘이며, NSUSLAB은 NSUS Group의 개발 스튜디오로서 그룹의 핵심적인 역할을 담당하고 있습니다.
NSUSLAB의 위대한 도전을 함께 할 우수 인재를 적극 모시고자 하니, 많은 관심과 지원 부탁 드립니다.","• 온라인 카지노 앱을 위한 Web기반 서버 개발 및 Platform 구축
• Socket 기반 게임 룸/로비 서버 개발 및 유지보수"
"에이시티 게임즈는 2019년 IP 전문 게임 개발 회사로 시작하여 IP를 활용한 5개의 게임을 성공적으로 개발/운영하고 있으며 새로운 IP발굴 및 확장을 지속적으로 진행하고 있습니다. 블록체인 기반의 P2E게임인 ZOIDS NFT ARENA 경우 지난달 11월 프론티어 테스트를 진행하였고 내년 정식 런칭을 예정중에 있습니다. 리니지,서든어택,피파온라인,킹덤오브히어로 등 유수한 게임 개발/운영에 참여한 평균 경력 16년 이상의 개발팀이 글로벌 서비스를 운영하고 있습니다. 2023년 미국과 프랑스를 포함한 글로벌 지사 런칭 예정이며, Web3 마켓을 선도하는 게임 개발사로 자리매김 하고있는 여정에 시너지를 낼 수 있는 동료를 찾고 있습니다.

저희는 Web3 시장을 개척하고 선점하는 도전을 해내고 있습니다. 이를 위해 기민하고 탄탄한 전문가들이 모여 새로운 것들을 시도하고 솔루션을 찾아내는 조직입니다 

아래와 같은 역량과 태도를 갖춘 분이라면 저희와 좋은 시너지를 낼 수 있을거에요!

• 스스로 최고의 기준을 설정하고 달성하는 전문성(Professionalism)
• 문제를 정의하고 돌파하는 집요함(Problem Solving)과 열정(Enthusiasm)
• 정확하게 소통하고 넓게 공유하며 동료들과 효과적으로 협업하는 태도 (Communication & Collaboration) 


주요 프로젝트 정보는 다음과 같습니다. 
• 캐주얼 게임: 어그랫츠코, 페코팝, Bubble Bobble, Shakurel Planet
• 조이드(ZOIDS) 와일드 NFT 아레나: 블록체인 트레이드 카드 게임
　- 글로벌 인기 프라모델 완구 시리즈 ZOIDS IP를 활용
　- Web 3 기반 차별화 된 P2E 게임
　- 22년 11월 프론티어 테스트 완료 / 23년 1분기 글로벌 런칭
　- Official Website: https://zoidswild.io/ 
　- Youtube: youtube.com/@zoidswild
• 메탈건(Metal Gun): 멀티플레이어 슈팅 게임
　- 자체 개발중으로 개성있고 다양한 하이퍼 캐릭터 수집/육성을 통한 블록체인 기반 Web3 게임
　- 23년 글로벌 런칭 예정
• Future Line up: 유명 IP를 활용한 여러 게임 출시 예정
• ACT Universe(Platform): ACT 게임 스튜디오에서 개발/운영하는 게임들의 Web3 생태계 생성","마감일
상시",게임서버 경력직 채용,게임 서버 개발자,"• node.js, javascript 언어 능력 보유자
• 5년 이상의 게임 서버 개발 경험이 있으신 분
• 게임 서버에 대한 이해와 개발 경험이 있으신 분","• 프로젝트 초기 개발부터 런칭까지 경험하신 분
• AWS 클라우드 환경의 개발 경험이 있으신 분
• DBMS, Nosql에 대한 설계 및 개발 경험이 있으신 분
• 블록체인 및 NFT 기술에 대한 지식과 개발 경험이 있으신 분","경력
경력 5~20년","Node.js
JavaScript
AWS
NoSql",https://www.jumpit.co.kr/position/13258,"• 탄탄한 IP게임들을 통한 재정적 안정성을 토대로 빠르게 성장하는 Web3 시장을 선점하고 성과를 만들어 가는 경험
• 긴밀하게 협업하고 빠르게 실행/도전하는 업무환경 + 업계 최고의 뛰어난 동료!
• 탁월한 보상 체계 - 개인 성과 & 회사 실적에 따른 인센티브

보상과 복지는 회사의 성장과 함께 꾸준히 발전될 예정 :)","에이시티 게임즈는 2019년 IP 전문 게임 개발 회사로 시작하여 IP를 활용한 5개의 게임을 성공적으로 개발/운영하고 있으며 새로운 IP발굴 및 확장을 지속적으로 진행하고 있습니다. 블록체인 기반의 P2E게임인 ZOIDS NFT ARENA 경우 지난달 11월 프론티어 테스트를 진행하였고 내년 정식 런칭을 예정중에 있습니다. 리니지,서든어택,피파온라인,킹덤오브히어로 등 유수한 게임 개발/운영에 참여한 평균 경력 16년 이상의 개발팀이 글로벌 서비스를 운영하고 있습니다. 2023년 미국과 프랑스를 포함한 글로벌 지사 런칭 예정이며, Web3 마켓을 선도하는 게임 개발사로 자리매김 하고있는 여정에 시너지를 낼 수 있는 동료를 찾고 있습니다.

저희는 Web3 시장을 개척하고 선점하는 도전을 해내고 있습니다. 이를 위해 기민하고 탄탄한 전문가들이 모여 새로운 것들을 시도하고 솔루션을 찾아내는 조직입니다 

아래와 같은 역량과 태도를 갖춘 분이라면 저희와 좋은 시너지를 낼 수 있을거에요!

• 스스로 최고의 기준을 설정하고 달성하는 전문성(Professionalism)
• 문제를 정의하고 돌파하는 집요함(Problem Solving)과 열정(Enthusiasm)
• 정확하게 소통하고 넓게 공유하며 동료들과 효과적으로 협업하는 태도 (Communication & Collaboration) 


주요 프로젝트 정보는 다음과 같습니다. 
• 캐주얼 게임: 어그랫츠코, 페코팝, Bubble Bobble, Shakurel Planet
• 조이드(ZOIDS) 와일드 NFT 아레나: 블록체인 트레이드 카드 게임
　- 글로벌 인기 프라모델 완구 시리즈 ZOIDS IP를 활용
　- Web 3 기반 차별화 된 P2E 게임
　- 22년 11월 프론티어 테스트 완료 / 23년 1분기 글로벌 런칭
　- Official Website: https://zoidswild.io/ 
　- Youtube: youtube.com/@zoidswild
• 메탈건(Metal Gun): 멀티플레이어 슈팅 게임
　- 자체 개발중으로 개성있고 다양한 하이퍼 캐릭터 수집/육성을 통한 블록체인 기반 Web3 게임
　- 23년 글로벌 런칭 예정
• Future Line up: 유명 IP를 활용한 여러 게임 출시 예정
• ACT Universe(Platform): ACT 게임 스튜디오에서 개발/운영하는 게임들의 Web3 생태계 생성","• 실시간 멀티플레이 게임 서버 개발 및 운영
• node.js 를 이용한 서버 개발 및 유지 보수"
"<아키에이지2>는 차세대 PC MMORPG로 언리얼 엔진을 사용하여 개발하고 있으며 많은 사람들에게 새로운 모험의 즐거움을 선사하고자 열정을 담아 개발에 임하고 있습니다.
대규모 프로젝트에 참여하여 새로운 모험을 함께 개척해 나갈 분들을 찾고 있습니다.","마감일
상시",[아키에이지2] 엔진 프로그래머 (경력),게임 서버 개발자,"• 경력 3년 내외 혹은 그에 준하는 개발 실력을 보유하신 분
• Unreal Engine 4,5에 대한 개발 경험이 있으신 분
• 그래픽스 기술에 대한 폭넓은 이해를 갖추신 분",• 적극적이고 능동적인 마인드를 소유하신 분,"경력
경력 3~15년","Unreal Engine
C
C++",https://www.jumpit.co.kr/position/13082,"• 조식, 중식, 석식 제공
• Cafeteria 운영
• 통근버스 운행
• 자기계발비 지급
• 본인, 배우자, 자녀 상해보험 가입
• 건강검진 실시 및 백신휴가 지원
• 경조사 및 근속휴가 지원
• 명절 선물 지급
• 수면실, 샤워실 제공
• 육아휴직, 출산휴가, 임신기간 단축근무 지원
• 매월 마지막 금요일 놀금 운영","<아키에이지2>는 차세대 PC MMORPG로 언리얼 엔진을 사용하여 개발하고 있으며 많은 사람들에게 새로운 모험의 즐거움을 선사하고자 열정을 담아 개발에 임하고 있습니다.
대규모 프로젝트에 참여하여 새로운 모험을 함께 개척해 나갈 분들을 찾고 있습니다.","• 언리얼 4,5 활용 및 차세대 그래픽스 대응
• 게임 에셋 파이프라인 구축 및 최적화
• 엔진 관련 툴 개발"
"(주)두리번은 메타버스 미디어 서비스 개발에 관련한 다중접속서버 개발 경력직을 채용합니다.
이번 멀티플레이어 서버 개발 분야는 메타버스 미디어 서비스로 다시 태어날 아이튜버의 더욱 발전한 핵심 기술로 자리잡을 것입니다. 
메타버스 미디어 서비스나 실시간 방송 및 콘텐츠제작 기술에 관심 있거나 새로운 분야의 기술발전을 하고 싶은 개발자분들의 많은 지원바랍니다.","마감일
상시",메타버스 다중접속서버 개발자,게임 서버 개발자,"• 대규모 멀티플레이어 게임 및 메타버스 서버 개발 경험이 있으신 분
• 상용 다중 접속 서버 솔루션 개발 및 커스트마이징 경험이 있으신 분 (예 : Photon, SpatialOS 등 솔루션 활용)
• 멀티스레딩/멀티플렉싱/멀티프로세싱, Network 프로그래밍 지식을 보유 하신 분
• 대용량 서비스의 분산처리 서버 설계 및 개발 역량이 있으신 분","• Photon 또는 SpatialOS 경험이 있으신 분
• 서비스에 애정을 갖고 개발하며, 더 좋은 코드를 위해 함께 고민하는 것을 좋아하시는 분
• 페어프로그래밍, 코드리뷰 등에 거부감이 없으신 분
• 5년 이상 경력이 있으신 분","경력
경력 5~15년","Visual C++
C#
TCP/IP
Photon",https://www.jumpit.co.kr/position/15699,"• 8-11시 자율 출퇴근제
• 주 1회 맛집 점심 제공
• 장기근속자 1개월 유급 휴가
• 건강검진 풀패키지 지원(1년차 이상)
• 생일 파티 & 선물 지급
• 명절 선물 지급
• 야근 식대 & 교통비 지원
• 각종 경조사 지원 (경조휴가, 경조사비 지급)
• 퇴직연금 가입
• 분기별 인센티브 지급
• 사내 라운지 운영

[두리번 조직 문화]
• 야근 강요 없어요: 대표님만 회사에 두고 다같이 퇴근해버리기도…
• 회식 강요도 안해요: 분명히 회식이 없는데 자체 회식하는 일부 직원들이 있을 뿐…
• 복장은 자유롭게: 각자의 개성을 존중해요(문신에 피어싱까지 멋진 우리 막내)
• 연차사용도 마음대로: 정해져 있는 연차 내에서는 내키는대로 사용해도 돼요","(주)두리번은 메타버스 미디어 서비스 개발에 관련한 다중접속서버 개발 경력직을 채용합니다.
이번 멀티플레이어 서버 개발 분야는 메타버스 미디어 서비스로 다시 태어날 아이튜버의 더욱 발전한 핵심 기술로 자리잡을 것입니다. 
메타버스 미디어 서비스나 실시간 방송 및 콘텐츠제작 기술에 관심 있거나 새로운 분야의 기술발전을 하고 싶은 개발자분들의 많은 지원바랍니다.","• 메타버스 구축을 위한 게임서버(다중접속 서버)의 개발/운영/장애대응 등 프로젝트 전반적인 영역
• 사용자 동기화 로직 및 로비/채널 구조 구현, 로드밸런싱 및 캐시 처리"
"위메이드XR은 북유럽 세계관의 크로스 플랫폼 AAA급 MMORPG인 ""레전드 오브 이미르""를 개발하고 있습니다.

고대 북유럽 신화의 방대한 세계관과 개성 넘치는 인물들의 흥미로운 이야기들을 언리얼5의 하이엔드 그래픽을 통해 몰입감을 극대화한 모습으로 개발 중입니다.
이와 함께 “Play & Earn”이라는 새로운 기술적 패러다임 접목하여 시대를 선도할 뉴제너레이션 MMORPG로 완성하고자 합니다.

우리는 각자의 분야에서 최고가 되기 위한 꿈과 열정을 지니고, 맡은 미션을 훌륭하게 수행하여 단순한 결과가 아닌 멋진 성과를 보여주고 있습니다.
또한 서로에 대한 믿음으로 팀워크와 협업의 시너지를 창출하는 최고의 파트너로 활약하고 있습니다.

무한한 상상력을 현실로 만드는 위메이드 그룹과 함께 하실 분은 지원해주세요.

#언리얼5 #크로스플랫폼 #블록체인","마감일
2023-09-11",[위메이드XR - Legend of YMIR] 서버 프로그래머,게임 서버 개발자,"• C / C++ 언어에 대한 이해
• 네트워크/자료구조/알고리즘의 이해
• 기본적인 툴 개발 지식","• C / C++ 등의 언어 사용에 능숙하신 분
• MMORPG 서버 아키텍처 설계 및 구현 경험하신 분
• MMORPG 서버 상용화 및 안정화 경험하신 분
• 서버 성능 튜닝 및 봇개발 경험하신 분
• DB 설계 경험이 있으신 분
• 팀원 간 원만한 커뮤니케이션 가능하신 분
• 성실하고 책임감이 강한 분","경력
신입~10년","C
C++
Network",https://www.jumpit.co.kr/position/17157,"• 배려와 존중으로 함께 일하는 최고의 팀 동료들이 있어요
• 취향에 따라, 기분에 따라 마음에 드는 메뉴를 선택하실 수 있도록 식사포인트를 지원해 드려요
• 최상의 원두와 전문 바리스타가 있는 카페테리아에서 언제든 커피 혹은 음료는 무료로 마음껏 드세요
• 수면실, 샤워룸, 수유실, 스포츠센터 등 위메이드인들을 위한 다양한 편의시설도 있어요
• 연간 200만원 지급되는 복지포인트로 다양한 문화 혹은 취미 생활 누리세요
• 일과 생활의 균형을 위해 자유롭게 연차를 사용하세요
• 다양한 경조사에 대한 경조 지원금, 유급휴가를 지원해 드려요
• 단체보험가입, 종합건강검진, 독감예방접종 지원받으시고 건강도 챙기면서 일해요
• 가족의 종합건강검진도 함께 챙겨요
• 자녀의 진학에 부담갖지 않으시길 바라며 입학축하금 및 대학교 학자금을 지원해 드려요
• 열일 후 달콤한 휴식을 위해 레지던스 및 리조트회원권을 준비했어요
• 위메이드에서 오래도록 기여해주신 장기근속 위메이드인에게는 포상금을 지급해요","위메이드XR은 북유럽 세계관의 크로스 플랫폼 AAA급 MMORPG인 ""레전드 오브 이미르""를 개발하고 있습니다.

고대 북유럽 신화의 방대한 세계관과 개성 넘치는 인물들의 흥미로운 이야기들을 언리얼5의 하이엔드 그래픽을 통해 몰입감을 극대화한 모습으로 개발 중입니다.
이와 함께 “Play & Earn”이라는 새로운 기술적 패러다임 접목하여 시대를 선도할 뉴제너레이션 MMORPG로 완성하고자 합니다.

우리는 각자의 분야에서 최고가 되기 위한 꿈과 열정을 지니고, 맡은 미션을 훌륭하게 수행하여 단순한 결과가 아닌 멋진 성과를 보여주고 있습니다.
또한 서로에 대한 믿음으로 팀워크와 협업의 시너지를 창출하는 최고의 파트너로 활약하고 있습니다.

무한한 상상력을 현실로 만드는 위메이드 그룹과 함께 하실 분은 지원해주세요.

#언리얼5 #크로스플랫폼 #블록체인","• 게임 시스템 및 컨텐츠 구현
• 유닛 및 봇 테스트 툴 구현"
"일렉트로닉 아츠 코리아(Electronic Arts Korea, EA 코리아)는 EA의 한국 지사로 1998년 설립되었습니다. 세계 정상급의 비디오 게임들을 배급하는 사업으로 시작하여, 지난 15여년간 온라인 게임, 모바일 게임으로 사업 영역을 지속적으로 넓히고 있습니다.

2006년 출시된 EA SPORTS™ FIFA Online과 후속작 EA SPORTS™ FIFA Online2는 유일하게 FIFA 라이센스를 획득한 PC 온라인 축구 게임으로 스포츠 장르에서 부동의 No.1 자리를 놓치지 않고 있습니다. 2008년 핸즈온 모바일 코리아를 인수하여 모바일 게임 사업에도 발을 들여 영웅서기 시리즈, 검은방 시리즈 등의 인기 모바일 게임들을 지속적으로 서비스해 왔습니다. 2008년에는 온라인 게임 개발사인 제이투엠 소프트를 인수, 게임 개발 조직을 강화하였습니다.2017년에는 Need For Speed EDGE PC 온라인 게임을 2018년에는 FIFA Online4의 서비스를 시작하였습니다.

일렉트로닉 아츠(Electronic Arts, EA) 코리아 스튜디오는 2006년 출시후 세계에서 가장 인기있는 온라인 축구게임이 된 EA SPORTS™ FIFA 온라인 시리즈와 MVP 베이스볼™ 온라인을 성공적으로 개발해오며 EA의 핵심 스튜디오 중 하나로 자리잡았습니다.","마감일
상시",[Unannounced Project] 서버 개발자(Server Software Engineer) (7년~),게임 서버 개발자,"• 관련 분야 경력 7년 이상
• Node.js 와 JavaScript 사용에 능숙하신 분
• 마이크로서비스 아키텍처와 RESTful API에 대해 친숙한 분
• NoSQL 또는 RDBMS를 이용한 개발 또는 운영 경험이 있으신 분
• 리눅스 환경에서의 개발 경험

[제출 서류]
• 국문 이력서 및 경력기술서
• 직무 관련 포트폴리오","• 많은 트래픽을 처리하는 웹서비스 또는 분산 서버를 개발한 경험이 있으신 분
• Kubernetes 등 컨테이너 기술을 이용한 클러스터 운영 경험이 있으신 분
• 라이브 환경을 파악하기 위하여 다양한 수집 및 모니터링 툴을 구현하거나 이용해 보신 분
• 컴퓨터공학 전공자 
• 다양한 프로그래밍 언어 개발 경험이 있으신 분 (C, C++, Python, Go, Typescript)
• 온라인/모바일 게임 서비스 런칭 및 라이브 운영 경험이 있으신 분
• 원활한 커뮤니케이션과 효과적인 문제해결 능력을 갖추신 분","경력
경력 7~15년","Node.js
JavaScript
REST API
NoSql
Kubernetes
C
C++
Python
Go
TypeScript",https://www.jumpit.co.kr/position/13324,"• 연 17일의 연차휴가
• 일주일간의 크리스마스 유급휴가 
• 단체상해보험 및 건강보험료 100% 지원
• 외국어 등 각종 교육관련 비용 지원
• 헬스장, 요가 등 피트니스 비용 지원
• 자사주식 구매 제도
• 선택적 복리후생 포인트 제도
• EA 게임 구입비용 지원
• 콘솔게임기기 구입 비용 지원
• 사내 동호회 활동 지원","일렉트로닉 아츠 코리아(Electronic Arts Korea, EA 코리아)는 EA의 한국 지사로 1998년 설립되었습니다. 세계 정상급의 비디오 게임들을 배급하는 사업으로 시작하여, 지난 15여년간 온라인 게임, 모바일 게임으로 사업 영역을 지속적으로 넓히고 있습니다.

2006년 출시된 EA SPORTS™ FIFA Online과 후속작 EA SPORTS™ FIFA Online2는 유일하게 FIFA 라이센스를 획득한 PC 온라인 축구 게임으로 스포츠 장르에서 부동의 No.1 자리를 놓치지 않고 있습니다. 2008년 핸즈온 모바일 코리아를 인수하여 모바일 게임 사업에도 발을 들여 영웅서기 시리즈, 검은방 시리즈 등의 인기 모바일 게임들을 지속적으로 서비스해 왔습니다. 2008년에는 온라인 게임 개발사인 제이투엠 소프트를 인수, 게임 개발 조직을 강화하였습니다.2017년에는 Need For Speed EDGE PC 온라인 게임을 2018년에는 FIFA Online4의 서비스를 시작하였습니다.

일렉트로닉 아츠(Electronic Arts, EA) 코리아 스튜디오는 2006년 출시후 세계에서 가장 인기있는 온라인 축구게임이 된 EA SPORTS™ FIFA 온라인 시리즈와 MVP 베이스볼™ 온라인을 성공적으로 개발해오며 EA의 핵심 스튜디오 중 하나로 자리잡았습니다.","• 실시간 scalable 게임의 서버사이드 기능을 설계, 구현 및 배포하고 유지보수
• 다양한 백엔드 서비스를 안정성있게 관리
• 라이브 환경에서 발생하는 문제들을 분석하고 대응
• 여러 국가에 대규모 Kubernetes 클러스터를 운영
• 실시간 규모 가변성 게임 서버 개발
• RESTful API를 활용한 게임 서버개발
• 다양한 게임 콘텐츠 기능 구현"
"<신규 모바일 MMORPG> 는 Unreal Engine 기반 신규 모바일 MMORPG를 개발하고 있습니다.
열정과 전문성을 갖고 함께 프로젝트를 완성할 분을 모집하고 있습니다.","마감일
상시",[아키에이지 워] 서버 프로그래머 (경력),게임 서버 개발자,"• 경력 3년 이상 혹은 그에 준하는 개발 실력을 보유하신 분
• C++이 능숙하신 분","• Unreal Engine4에 대한 개발 경험이 있으신 분
• MMORPG 게임 개발 및 런칭 경험이 있으신 분
• 다양한 개발환경 및 자동화에 관심이 있으신 분
• 적극적이고 능동적인 마인드를 소유하신 분","경력
경력 3~15년","Unreal Engine
C++",https://www.jumpit.co.kr/position/13083,"• 조식, 중식, 석식 제공
• Cafeteria 운영
• 통근버스 운행
• 자기계발비 지급
• 본인, 배우자, 자녀 상해보험 가입
• 건강검진 실시 및 백신휴가 지원
• 경조사 및 근속휴가 지원
• 명절 선물 지급
• 수면실, 샤워실 제공
• 육아휴직, 출산휴가, 임신기간 단축근무 지원
• 매월 마지막 금요일 놀금 운영","<신규 모바일 MMORPG> 는 Unreal Engine 기반 신규 모바일 MMORPG를 개발하고 있습니다.
열정과 전문성을 갖고 함께 프로젝트를 완성할 분을 모집하고 있습니다.","• 서버 아키텍쳐/데이터베이스 설계 및 구현
• MMORPG 기능 구현 및 최적화"
"코드스토리는 4차 산업혁명 핵심 기술인 메타버스, 디지털트윈, 게임 등 여러 기술력을 가지고 메타버스 플랫폼 및 다양한 앱을 제작하고 있습니다.","마감일
상시",[곰앤컴퍼니 관계사] 서버 프로그래머 모집 [경력],게임 서버 개발자,"• 전공 : 컴퓨터공학/전산 우대
• 직무경험
 - C, C++ 서버 개발 언어
 - MS SQL, MySQL, 아마존 DB 등 DB 설계 및 개발
 - MORPG, MMORPG 등 게임 서버 개발 경험
 - 게임/메타버스서비스 서버 개발/운영 경험
 - 경력 2년 이상","• Unreal Engine4에 대한 개발 경험이 있으신 분
• MMORPG 게임 개발 및 런칭 경험이 있으신 분
• 다양한 개발환경 및 자동화에 관심이 있으신 분
• 적극적이고 능동적인 마인드를 소유하신 분","경력
경력 2~5년","C++
Unreal Engine
AWS
mssql
mysql
c",https://www.jumpit.co.kr/position/6099,"[점심식사 제공]
• 1시간 30분으로 여유로운 식사시간

[다양한 간식&음료&커피 제공]
• 일하면서 당 충전 !!

[선택적 자율 출근제]
• 개개인에게 맞춰 9시~11시 사이로 자율출근제 가능

[업무 도서 지원]
• 개개인 자기계발에 적극 지원

[자율복장제도]
• 편한 복장으로 일의 능률을 올리기

[인센티브제]
• 열심히 일한 사원에게 성과금 지급

[명절비 지급]
• 추석/설날 명절비 20만원 지급

[놀금]
• 매달 마지막 금요일은 오전 근무!

[생일 선물]
• 소중한 팀원들의 생일에 선물 지급!

[헬스 지원]
• 건강이 우선! 헬스비 지원!","코드스토리는 4차 산업혁명 핵심 기술인 메타버스, 디지털트윈, 게임 등 여러 기술력을 가지고 메타버스 플랫폼 및 다양한 앱을 제작하고 있습니다.","• 직무상세
- 메타버스 서비스 개발 : 서버개발
• 수행 업무(R&R)
- 메타버스 서비스 서버(front-end, back-end) 설계 및 개발
- 다중접속온라인서버 구조 설계
- 클라이언트/서버 최적화"
"NSUS Group은 북미, 유럽, 아시아 등 다양한 지역에 약 600명 이상의 임직원들이 일하고 있는 다국적 기업으로 iGaming 업계의 유니콘이며, NSUSLAB은 NSUS Group의 개발 스튜디오로서 그룹의 핵심적인 역할을 담당하고 있습니다.
NSUSLAB의 위대한 도전을 함께 할 우수 인재를 적극 모시고자 하니, 많은 관심과 지원 부탁 드립니다.","마감일
상시",[슬롯] Slot Server,게임 서버 개발자,"• 5~15년 관련 경력이 있는 분 
• DB관련 설계 및 운영 경험이 있는 분 
• .net core 웹서버 개발 경험이 있는 분","• 슬롯 제작 이력이 있는 분
• 슬롯 플레이 경험이 많은 분","경력
경력 5~15년",".NET
Java
C#
C++
AZURE",https://www.jumpit.co.kr/position/13358,"[구성원분들의 삶을 든든하게 지원해드려요]
• 💰 업계 최고 수준의 성과급(상/하반기, 年 2회)을 지급해 드려요.
• 🍱 회돈회산 점심, 저녁을 일일 최대 30,000원까지 지원해 드려요.
• 🕙 9시~1시 사이 자율출근제도를 활용해 보세요.
• 📚 성장을 위한 교육비 연 200만원과 도서비를 무제한으로 지원해 드려요.
• 🏣 100만원 상당의 대학병원 검진 & 각종 예방 접종 받으세요.
• 💌 1년에 한번 오는 생일, 축하의 마음을 담아 상품권 15만원을 드려요.
• 🍖 명절엔 가족과 함께 최고급 투뿔 AA++ 한우를!! 집 앞까지 배송해 드려요.
• 🚖 야간 근로 후, 택시비 전액 지원해 드려요.
• 🚗 장거리 출/퇴근 주차비를 지원해 드려요.
• 🎁 신규 입사자분들에게 Welcome Kit 를 지급해 드려요.
• ☕ 매일 아침 조식 서비스와 스낵바&음료를 무제한으로 이용하실 수 있어요.
• 💻 업무를 위해 필요한 최신형 장비를 지원해 드려요.

#지원 응답이 빠른 기업 #인센티브 #유연근무제 #맛있는간식냠냠 
#맥북으로개발 #수평적 조직 #자유복장 #반바지/슬리퍼OK #도서구입비지원 #택시비지원","NSUS Group은 북미, 유럽, 아시아 등 다양한 지역에 약 600명 이상의 임직원들이 일하고 있는 다국적 기업으로 iGaming 업계의 유니콘이며, NSUSLAB은 NSUS Group의 개발 스튜디오로서 그룹의 핵심적인 역할을 담당하고 있습니다.
NSUSLAB의 위대한 도전을 함께 할 우수 인재를 적극 모시고자 하니, 많은 관심과 지원 부탁 드립니다.","• DB관련 설계 및 운영 
• 운영 및 지표 관련 웹페이지 개발"
"NSUS Group은 북미, 유럽, 아시아 등 다양한 지역에 약 600명 이상의 임직원들이 일하고 있는 
다국적 기업으로 iGaming 업계의 유니콘이며, NSUSLAB은 NSUS Group의 개발 스튜디오로서 
그룹의 핵심적인 역할을 담당하고 있습니다.
NSUSLAB의 위대한 도전을 함께 할 우수 인재를 
적극 모시고자 하니, 많은 관심과 지원 부탁 드립니다.","마감일
상시",[Poker] Game Server Developer,게임 서버 개발자,"• 서버 개발 및 유지보수 관련 경력이 5년 이상인 분
• RDBMS 및 NoSQL 사용 경험이 있는 분
• 원활한 커뮤니케이션 능력이 있는 분","• C# 개발 경험 및 유닛 테스트 작성 경험이 있는 분
• 네트워크 프로그래밍에 대한 이해 및 경험이 있는 분
• RDBMS 구축 및 운영 경험이 있는 분
• 클라우드 환경에서의 서비스 운영 경험이 있는 분","경력
경력 5~13년","C#
C++
Java
NoSql",https://www.jumpit.co.kr/position/13357,"[구성원분들의 삶을 든든하게 지원해드려요]
• 💰 업계 최고 수준의 성과급(상/하반기, 年 2회)을 지급해 드려요.
• 🍱 회돈회산 점심, 저녁을 일일 최대 30,000원까지 지원해 드려요.
• 🕙 9시~1시 사이 자율출근제도를 활용해 보세요.
• 📚 성장을 위한 교육비 연 200만원과 도서비를 무제한으로 지원해 드려요.
• 🏣 100만원 상당의 대학병원 검진 & 각종 예방 접종 받으세요.
• 💌 1년에 한번 오는 생일, 축하의 마음을 담아 상품권 15만원을 드려요.
• 🍖 명절엔 가족과 함께 최고급 투뿔 AA++ 한우를!! 집 앞까지 배송해 드려요.
• 🚖 야간 근로 후, 택시비 전액 지원해 드려요.
• 🚗 장거리 출/퇴근 주차비를 지원해 드려요.
• 🎁 신규 입사자분들에게 Welcome Kit 를 지급해 드려요.
• ☕ 매일 아침 조식 서비스와 스낵바&음료를 무제한으로 이용하실 수 있어요.
• 💻 업무를 위해 필요한 최신형 장비를 지원해 드려요.

#지원 응답이 빠른 기업 #인센티브 #유연근무제 #맛있는간식냠냠 
#맥북으로개발 #수평적 조직 #자유복장 #반바지/슬리퍼OK #도서구입비지원 #택시비지원","NSUS Group은 북미, 유럽, 아시아 등 다양한 지역에 약 600명 이상의 임직원들이 일하고 있는 
다국적 기업으로 iGaming 업계의 유니콘이며, NSUSLAB은 NSUS Group의 개발 스튜디오로서 
그룹의 핵심적인 역할을 담당하고 있습니다.
NSUSLAB의 위대한 도전을 함께 할 우수 인재를 
적극 모시고자 하니, 많은 관심과 지원 부탁 드립니다.",• 온라인 포커 서버 개발 및 유지보수
서비스 확장으로 인한 충원,"마감일
상시",Unity Client 개발자 모집,게임 서버 개발자,"• Unity UI 개발 가능하신 분 (2D UI , UI toolkit)
• C# script 개발 가능하신 분
• Git 등 형상관리툴에 익숙하신 분
• 네트워크 관련 개발 경험이 있으신 분","• 모션 인식 기반 지식이 있는 분 (Kinet)
• Unity Photon 개발 경험이 있으신 분
• 웹 서비스 관련 이해도가 있으신 분
• Source control / issue tracking / bug tracking 경험이 있으신 분","경력
신입~7년","unity
c++
c#
git",https://www.jumpit.co.kr/position/15538,"• 출,퇴근 시간 탄력근무 가능
• 07~10시 자율 출근 (8시간 근무)
• 중식 제공
• 매주 금요일 재택근무 시행",서비스 확장으로 인한 충원,"• 신규 프로젝트 개발 UI part ( 2D, Ui toolkit 개발)
• 기존 프로젝트 유지보수"
"• 우리는 Student Metaverse를 만듭니다. 우리가 관심 갖는 것은 외로이 혼자 공부하는 사람들입니다.
상상해볼까요, 밀림을 맨몸으로 혼자 헤쳐나가는 한 사람의 모습을. 다시 상상해볼까요, 밀림을 수백명, 수천명이 바글거리며 함께 헤쳐나가는 광경을. 서로 큰 도움 주지 않아도 외롭지 않고 든든하고 힘이 나지 않을까요
혼자인 사람들에게 “함께”의 가능성을 안겨주고 싶습니다. 좁은 독서실에서 혼자 노력하는 사람들, 아무도 믿지 않는 자신의 꿈을 지키려고 애쓰는 사람들, 혼자여서 잠재력 만큼 결과를 못 만든 사람들, 이들의 꿈을 위한 새로운 땅을 만들고자 합니다.

• 우리의 새로운 땅은 Global Phenomenon가 됩니다. 노력하는 사람들이 모여있는 가상의 땅에는 말이나 자막이 없이도 공감이 형성됩니다. 유저 간에 연대, 정보교류, 네트워킹이 이루어집니다. 우리가 만드는 땅은 크고 강력한 학생 커뮤니티를 지지할 것입니다. 한국 뿐만아니라 글로벌 곳곳에서 노력하는 자들의 다양한 이야기가 이곳에서 꽃피게 됩니다.


• 라피티는 최고의 투자사와 함께합니다
[2021.06 Pre-A 투자 유치]
- 해시드 (파트너: 김서준 대표님)
- 스마일게이트인베스트먼트 (파트너: 손지원 이사님)
- 디지털헬스케어파트너스 (파트너: 최윤섭 대표님)

해시드HASHED는 프로토콜 경제를 구현하는 스타트업에 투자하는 벤처캐피탈입니다. 네이버, 카카오, 크래프톤 등으로부터 출자 받은 100%민간 펀드이며 빠르게 선택하고 과감하게 지원하는 공격적인 투자로 굉장한 주목을 받고 있는 하우스입니다.
해시드 김서준 대표의 인터뷰 중 일부- “향후 10년은 인류 문명에서 가장 크고 중요한 변화가 일어나는 시기로 가장 가까운 가상세계라는 신대륙에서 가치를 만드는 일이 벌어질 것”

스마일게이트인베스트먼트Smilegate Investment는 1조원에 육박하는 운용자산(AUM)을 운용하고 있으며, 펀드 수익률 30%를 상회하는 등 굉장한 성과를 만들어나가고 있는 한국 최고의 벤처캐피탈 중 한 곳입니다.

[2020.08 Seed 투자 유치]
- 퓨처플레이 (파트너: 류중희 대표님)
- 디지털헬스케어파트너스 (파트너: 최윤섭 대표님)

퓨처플레이futureplay는 단기적인 성과보다는 10년 후에 인류의 삶을 바꿀 회사에 투자하는 국내 최고의 액셀러레이터입니다. 최근에는 300억 규모의 액셀러레이터 중 최대 규모의 펀드를 조성하는 등 광폭 행보를 보이고 있습니다.
퓨처플레이 류중희 대표의 인터뷰 중 일부- “‘좋은’ 회사가 아니라 ‘위대한’ 회사에 투자하고 싶다. 그래서 누구나 환영할 만한 아이디어보다는 주저할 만한 아이디어에 활짝 열려 있다”라고 눈을 반짝이며 말했다. “정말 위대한 아이디어는 너무 위대해서 보통 사람이 이해할 수 없거든요.”

디지털헬스케어파트너스DIGITAL HEALTHCARE PARTNERS는 국내 유일의 디지털 헬스케어 스타트업 전문 투자사입니다. 관련 전문가들이 직접 투자하고 전담 파트너로서 끝까지 밸류애드하는 것으로 유명한 하우스 입니다.
디지털헬스케어파트너스 최윤섭 대표의 인터뷰 중 일부- ""최근 디지털 헬스케어 시장의 기회는 더욱 커지고 있다. 코로나19 팬데믹을 기점으로 미국은 완전히 폭발적으로 성장하고 있고 한국은 아직 그 정도까지는 아니지만 계속 커다란 기회가 다가오고 있다.""

• 태그룸tagroom
The library metaverse; the place where students to study.","마감일
상시",Game Developer,게임 서버 개발자,"• Websocket 혹은 GRPC에 대한 경험이 있는 분
• RESTful API 서비스 경험이 있으신 분
• 게임 업계 경험이 있는 분
• 멀티스레딩 및 동기화에 대한 이해가 있으신 분
• 개발에 대한 열정이 있고, 문제 해결에 재미를 느끼시는 분
• NoSQL(Redis, MongoDB, DynamoDB 등)에 대한 경험이 있으신 분","• 모바일 게임 개발 및 서비스 경험이 있으신 분
• AWS등의 클라우드 환경에 익숙하신 분
• 한번 맡은 일은 포기하지 않고 끝까지 하시는 분

[추가 안내사항]
• 수습기간 : 정규직의 경우 3개월
• 제출서류 : 자유형식 이력서(필수), 자기소개서(선택), 포트폴리오(선택)
• 채용절차 : 서류 제출(다음날 결과 회신) > 1차 면접 > 최종 면접 > 채용
 - 라이브코딩테스트가 포함되어 있어요","경력
경력 2~10년","PostgreSQL
NoSql
Redis
MongoDB
WebSocket
gRPC
Amazon DynamoDB",https://www.jumpit.co.kr/position/6767,"• 스톡옵션 및 크립토(TBD)
• 4대 보험
• 듀얼 모니터 및 맥북 등 고사양 장비
• 근무시간: 10시-19시 기반의 자율 출퇴근","• 우리는 Student Metaverse를 만듭니다. 우리가 관심 갖는 것은 외로이 혼자 공부하는 사람들입니다.
상상해볼까요, 밀림을 맨몸으로 혼자 헤쳐나가는 한 사람의 모습을. 다시 상상해볼까요, 밀림을 수백명, 수천명이 바글거리며 함께 헤쳐나가는 광경을. 서로 큰 도움 주지 않아도 외롭지 않고 든든하고 힘이 나지 않을까요
혼자인 사람들에게 “함께”의 가능성을 안겨주고 싶습니다. 좁은 독서실에서 혼자 노력하는 사람들, 아무도 믿지 않는 자신의 꿈을 지키려고 애쓰는 사람들, 혼자여서 잠재력 만큼 결과를 못 만든 사람들, 이들의 꿈을 위한 새로운 땅을 만들고자 합니다.

• 우리의 새로운 땅은 Global Phenomenon가 됩니다. 노력하는 사람들이 모여있는 가상의 땅에는 말이나 자막이 없이도 공감이 형성됩니다. 유저 간에 연대, 정보교류, 네트워킹이 이루어집니다. 우리가 만드는 땅은 크고 강력한 학생 커뮤니티를 지지할 것입니다. 한국 뿐만아니라 글로벌 곳곳에서 노력하는 자들의 다양한 이야기가 이곳에서 꽃피게 됩니다.


• 라피티는 최고의 투자사와 함께합니다
[2021.06 Pre-A 투자 유치]
- 해시드 (파트너: 김서준 대표님)
- 스마일게이트인베스트먼트 (파트너: 손지원 이사님)
- 디지털헬스케어파트너스 (파트너: 최윤섭 대표님)

해시드HASHED는 프로토콜 경제를 구현하는 스타트업에 투자하는 벤처캐피탈입니다. 네이버, 카카오, 크래프톤 등으로부터 출자 받은 100%민간 펀드이며 빠르게 선택하고 과감하게 지원하는 공격적인 투자로 굉장한 주목을 받고 있는 하우스입니다.
해시드 김서준 대표의 인터뷰 중 일부- “향후 10년은 인류 문명에서 가장 크고 중요한 변화가 일어나는 시기로 가장 가까운 가상세계라는 신대륙에서 가치를 만드는 일이 벌어질 것”

스마일게이트인베스트먼트Smilegate Investment는 1조원에 육박하는 운용자산(AUM)을 운용하고 있으며, 펀드 수익률 30%를 상회하는 등 굉장한 성과를 만들어나가고 있는 한국 최고의 벤처캐피탈 중 한 곳입니다.

[2020.08 Seed 투자 유치]
- 퓨처플레이 (파트너: 류중희 대표님)
- 디지털헬스케어파트너스 (파트너: 최윤섭 대표님)

퓨처플레이futureplay는 단기적인 성과보다는 10년 후에 인류의 삶을 바꿀 회사에 투자하는 국내 최고의 액셀러레이터입니다. 최근에는 300억 규모의 액셀러레이터 중 최대 규모의 펀드를 조성하는 등 광폭 행보를 보이고 있습니다.
퓨처플레이 류중희 대표의 인터뷰 중 일부- “‘좋은’ 회사가 아니라 ‘위대한’ 회사에 투자하고 싶다. 그래서 누구나 환영할 만한 아이디어보다는 주저할 만한 아이디어에 활짝 열려 있다”라고 눈을 반짝이며 말했다. “정말 위대한 아이디어는 너무 위대해서 보통 사람이 이해할 수 없거든요.”

디지털헬스케어파트너스DIGITAL HEALTHCARE PARTNERS는 국내 유일의 디지털 헬스케어 스타트업 전문 투자사입니다. 관련 전문가들이 직접 투자하고 전담 파트너로서 끝까지 밸류애드하는 것으로 유명한 하우스 입니다.
디지털헬스케어파트너스 최윤섭 대표의 인터뷰 중 일부- ""최근 디지털 헬스케어 시장의 기회는 더욱 커지고 있다. 코로나19 팬데믹을 기점으로 미국은 완전히 폭발적으로 성장하고 있고 한국은 아직 그 정도까지는 아니지만 계속 커다란 기회가 다가오고 있다.""

• 태그룸tagroom
The library metaverse; the place where students to study.","• 실시간 양방향 통신 서버 개발
• RDBMS(Postgresql) / NoSQL(Redis, MongoDB 등) 설계 및 개발"
"미투온은 2010년에 설립된 회사로 자본금 156억원, 매출액 1,307억원, 사원수 232명 규모의 중소기업입니다.
서울 강남구 학동로 343 (논현동, 포바강남타워)에 위치하고 있으며 소셜, 모바일게임 개발 및 퍼블리싱사업을 하고 있습니다.","마감일
상시",게임 서버 개발 경력사원 모집,게임 서버 개발자,"• Windows Platform에 대한 기본적인 지식 보유자
• IOCP technology, Memory Pool, Database Pool, Multi-threaded server
• STL / Boost 사용 가능자","• 소셜 카지노 장르 게임 개발 경험자 
• 개발부터 서비스까지 전체 경험자
• 해킹 방지를 위한 네트워크 보안에 대한 지식 보유자 
• MSSQL 또는 MYSQL 개발가능","경력
경력 3~10년","C++
MSSQL
MySQL
Oracle",https://www.jumpit.co.kr/position/13523,"• 각종 경조사 지원 
• 생일축하 상품권 및 반차 제공
• 저녁 식대 제공
• 임직원 대출제도
• 보육수당 지급
• 카페테리아 및 스낵바 운영
• 패밀리데이: 매월 첫째주 금요일 6시 퇴근
• 장기근속 특별상여금: 근속 2년이상 짝수년도 상여금 지급
• 결혼기념일 선물 
• 매주 마지막주 수요일 간식제공

미투온 홈페이지: https://www.me2on.com/","미투온은 2010년에 설립된 회사로 자본금 156억원, 매출액 1,307억원, 사원수 232명 규모의 중소기업입니다.
서울 강남구 학동로 343 (논현동, 포바강남타워)에 위치하고 있으며 소셜, 모바일게임 개발 및 퍼블리싱사업을 하고 있습니다.","• 게임서버 개발 (C++ 사용)
• 서버 운용에 필요한 각종 툴 개발
• 게임에 필요한 시스템/컨텐츠/이벤트 구현
• 기존에 개발된 서버 프로그램 
• 유지 보수 및 버그 수정"
"0 라이브 카지노 서비스 개발(해외 서비스)
 - 국내 서비스용이 아닙니다.

0 해외 카지노를 대상으로 라이브 서비스 플랫폼을 제공합니다.
 - 서비스에 필요한 여러가지 게임을 개발하고 있습니다.","마감일
상시",라이브 홀덤 게임 개발,게임 서버 개발자,"• cocos creator, Phaser, Construct 등 
• HTML5 게임 엔진들 중 하나 이상을 활용한 프로젝트 완성 및 라이브 경험 있으신 분 
• Javascript, Typescript 에 대한 이해도가 높으신분","• Cocos Creator 등의 게임 엔진을 경험해 본 분
• Node.JS로 게임서버 개발을 해보신 분","경력
경력 2~10년","JavaScript
Cocos2D-X
Node.js
TypeScript
HTML5",https://www.jumpit.co.kr/position/15672,"• 아직 규모가 작아서 내세울건 없습니다. 맘편하게 일하고 맘편하게 쉴수 있도록 노력하고 있습니다.
• 무더운 여름엔 휴양지로 떠나세요! ""여름휴가 지원""
• 함께 나눠요! ""경조사 지원""
• 일하면서 당분보충 필수! ""스낵바 제공""
• 원하는대로 편하게~ ""자율복 근무""
• 명절에도 두둑하게 ""명절선물 제공""
• 주기적으로 건강확인 ""건강검진 지원""
• 우리 같이 일해요! ""추천 인센티브제도""","0 라이브 카지노 서비스 개발(해외 서비스)
 - 국내 서비스용이 아닙니다.

0 해외 카지노를 대상으로 라이브 서비스 플랫폼을 제공합니다.
 - 서비스에 필요한 여러가지 게임을 개발하고 있습니다.","• 라이브 홀덤 게임 개발
• 라이브 카지노 게임 개발"
"[JANDI MISSION]
• Think Unique. (유일한 재미를 선사한다.)

[JANDI VISION]
• 유일한 재미를 추구하는 MMORPG 전문 개발사

[JANDI GOAL]
• MMORPG MAD WORLD 개발한다.
• 유일한 MMORPG 개발 기술/엔진 개발한다.
• 유일한 아트 스타일을 표현한다.
• 유일한 재미를 만든다.
• 개연성을 만들어 내는 팀을 만들다.
• 글로벌 시장을 공략한다.


[진행 프로젝트]
• MMORPG `Mad World`

• 세계관
 - 디스토피아-포스트아포칼립스
 - 인간과 악마(惡)의 대립

• 게임성
 - 자유 캐릭터 성장
 - 시나리오 중심 퀘스트
 - 무빙, 타이밍을 기반한 컨트롤에 전략적 속성 전투를 가미
 - PVP 중심 

• 그래픽
 - 2D
 - 쿼터뷰
 - 핸드드로윙 기반 원화 표현
 - 캐릭터 개성강조
 - 어두운 색감의 비대칭, 불균형, 개성을 강조한 캐릭터 스타일

• 원화의 살아 숨 쉬는 느낌을 게임에 전달 해 내는 것이 목표
• 무너진 세계를 깊이있게 이야기와 컨텐츠로 담아내는것이 목표
• Cross-Platform - PC & Mobile 동시 플레이 가능
• 글로벌 서비스를 목표
• HTML5 기술을 통한 높은 접근성을 통해 많은 유저가 즐길수 있게 하는것


[잔디소프트 우선순위]
• 개발 Passion(열정) 
• 성장 발전가능성 또는 발전에 대한 의지 
• 소통 커뮤니케이션, 배려, 소통,
• 유저 서비스 마인드(유저의 입장에서 유저가 좋아는 걸 상상하고 생각하는 마인드)
• 실력 실력은 중요하다. 하지만 *(개발/성장/소통/유저)* 를 절대 우선할 수 없다.

2015.12 HTML5 Cross-Platform MMORPG 매드월 프로젝트 시작

2017.02 주식회사 잔디소프트 법인설립

2019.04 샨다 게임즈 중화권 퍼블리싱 계약

2019.07 넷마블 글로벌 퍼블리싱 계약","마감일
상시",서버 경력 개발자 모집(TCP/IP),게임 서버 개발자,"• C/C++/자료구조/네트워킹/알고리즘 이해도가 있으신 분
• MMORPG 서버 아키텍처를 만들고 싶은 분","• MMORPG 개발/서비스 경험이 있으신 분
• Witcher 3, Skyrim, Last of Us, Divinity Original Sin 2, Inside, This war of mine을 심도 깊게 플레이 해보신 분
• 게임을 좋아하며, 새로운 트렌드를 추구하시는 분","경력
경력 2~20년","Redis
Lua
MySQL
SQL
TCP/IP
C
C++",https://www.jumpit.co.kr/position/8778,"• 4대보험
• 퇴직금
• 간식제공
• 석식제공","[JANDI MISSION]
• Think Unique. (유일한 재미를 선사한다.)

[JANDI VISION]
• 유일한 재미를 추구하는 MMORPG 전문 개발사

[JANDI GOAL]
• MMORPG MAD WORLD 개발한다.
• 유일한 MMORPG 개발 기술/엔진 개발한다.
• 유일한 아트 스타일을 표현한다.
• 유일한 재미를 만든다.
• 개연성을 만들어 내는 팀을 만들다.
• 글로벌 시장을 공략한다.


[진행 프로젝트]
• MMORPG `Mad World`

• 세계관
 - 디스토피아-포스트아포칼립스
 - 인간과 악마(惡)의 대립

• 게임성
 - 자유 캐릭터 성장
 - 시나리오 중심 퀘스트
 - 무빙, 타이밍을 기반한 컨트롤에 전략적 속성 전투를 가미
 - PVP 중심 

• 그래픽
 - 2D
 - 쿼터뷰
 - 핸드드로윙 기반 원화 표현
 - 캐릭터 개성강조
 - 어두운 색감의 비대칭, 불균형, 개성을 강조한 캐릭터 스타일

• 원화의 살아 숨 쉬는 느낌을 게임에 전달 해 내는 것이 목표
• 무너진 세계를 깊이있게 이야기와 컨텐츠로 담아내는것이 목표
• Cross-Platform - PC & Mobile 동시 플레이 가능
• 글로벌 서비스를 목표
• HTML5 기술을 통한 높은 접근성을 통해 많은 유저가 즐길수 있게 하는것


[잔디소프트 우선순위]
• 개발 Passion(열정) 
• 성장 발전가능성 또는 발전에 대한 의지 
• 소통 커뮤니케이션, 배려, 소통,
• 유저 서비스 마인드(유저의 입장에서 유저가 좋아는 걸 상상하고 생각하는 마인드)
• 실력 실력은 중요하다. 하지만 *(개발/성장/소통/유저)* 를 절대 우선할 수 없다.

2015.12 HTML5 Cross-Platform MMORPG 매드월 프로젝트 시작

2017.02 주식회사 잔디소프트 법인설립

2019.04 샨다 게임즈 중화권 퍼블리싱 계약

2019.07 넷마블 글로벌 퍼블리싱 계약","• 매드월드 서버 설계 및 개발
• 매드월드 서버 컨텐츠 & 시스템 개발
• 매드월드 개발과 관련된 전반적인 업무"
"안녕하세요
크리에이티브하고 재밌는 개발회사 (주)데브크리 입니다. 

다양한 개발 영역에서 새로운 도전을 준비하고 있습니다.
신생 회사이지만, 자본과 클라이언트가 있는 상태에서 시작했기 때문에 안정적입니다.

현재 진행중인 다양한 프로젝트들은 온라인에 기재할 수 없지만, 이력으로 삼기에 손색없는 글로벌 기업들과의 프로젝트를 진행하고 있습니다.

그 외에도 교육분야, 게임분야, 메타버스와 NFT 콘텐츠 등 다양한 개발을 진행하면서, 새로운 것도 준비 중이니 Team DEVCRE의 문을 두드려주세요! 

감사합니다 :) 

• https://devcre.me/
• 울산본사: 울산광역시 중구 종가로 406-21, 울산글로벌게임센터 611호
• 서울지사: 서울특별시 강남구 테헤란로77길 23, 5층","마감일
2023-08-22",유즈맵 게임 개발자(경력/울산본사 근무),게임 서버 개발자,"• 울산본사 근무 예정
• 학력 : 무관
• 조건 : 경력 1년 이상
• 자료구조, 알고리즘, 데이터베이스, 네트워크에 대한 지식 보유
• C#, C++, Lua Typescript 등의 언어 사용
• 월드빌더로서 메타버스 내 각종 시설물, 아이템의 로직부터 게임 전체를 제작하실 분
• 유즈맵 게임 최적화 및 출시 경험이 있으신 분
• 유즈맵 및 기타 맵 구축 작업물 완성 경력이 있으신 분","• 게임에 대한 높은 이해도와 빠르고 정확한 분석이 가능하신 분
• 새로운 툴 사용에 대한 거부감이 없고 필요한 기술, 사용법 연구에 적극적인 분
• 스타크래프트, 오버워치, 로블록스 등 각종 게임 내에서 유즈맵 제작 경험이 있으신 분
• 유즈맵 그래픽 요소에 깊은 이해가 있으신 분
• Unity 개발을 함께 하실 수 있으신","경력
경력 1~15년","C#
GitHub
SW
Lua
C++
TypeScript
Unity",https://www.jumpit.co.kr/position/16723,"• 재밌게 개발하자!
마음 맞는 개발자, 기획자, 디자이너가 만든 개발회사 입니다.
현재 준비하고 있는 교육게임부터, 그 다음 플랜으로 기다리고 있는 미니게임 개발까지!
회사는 작지만 꿈은 큰 데브크리에서 함께 재밌게 작업하실 여러분을 기다립니다. 

• 준비된 스타트업
정부지원사업에 의지하는, 불안한 개발회사가 아닙니다.
반복적이고 정해진 일만 해야하는, 소모적인 회사도 아닙니다.
(주)데브크리는 탄탄한 자본, 똑똑한 팀원, 안정적인 클라이언트와 새로운 도전까지 촘촘한 계획들이 준비되어 있습니다.

• 우리가 만들어나가는 우리의 문화
데브크리는 (주)발렌타인드림의 윤성우대표님이 설립한 개발회사 입니다.
회사를 운영하는 노하우는 체계적으로 구축이 되어있습니다.
그렇지만 현재 6명의 인원으로 시작한 회사라서, 우리가 원하는 개발문화, 사내규칙을 만들어 나갈 수 있습니다. 

• 융통성 있는 회사
탄력근무제, 부분재택근무, 자유로운 연월차사용, 소소한 회식 및 간식무상제공, 야간근로시 저녁식대 및 교통비지원, 대체휴일지급 등

• 작지만 강한 힘! 탄탄한 조직구성
개발자 3명, 기획자3명, 디자이너1명 등으로 이루어진 조직입니다.
더 많은 개발자 분들을 모시고 있습니다. 문의주세요!","안녕하세요
크리에이티브하고 재밌는 개발회사 (주)데브크리 입니다. 

다양한 개발 영역에서 새로운 도전을 준비하고 있습니다.
신생 회사이지만, 자본과 클라이언트가 있는 상태에서 시작했기 때문에 안정적입니다.

현재 진행중인 다양한 프로젝트들은 온라인에 기재할 수 없지만, 이력으로 삼기에 손색없는 글로벌 기업들과의 프로젝트를 진행하고 있습니다.

그 외에도 교육분야, 게임분야, 메타버스와 NFT 콘텐츠 등 다양한 개발을 진행하면서, 새로운 것도 준비 중이니 Team DEVCRE의 문을 두드려주세요! 

감사합니다 :) 

• https://devcre.me/
• 울산본사: 울산광역시 중구 종가로 406-21, 울산글로벌게임센터 611호
• 서울지사: 서울특별시 강남구 테헤란로77길 23, 5층","• 메타버스 관련 콘텐츠 개발
• 클라이언트 및 서버 시스템 연동
• 게임의 흐름 및 논리 설계
• GUI 동작 스크립트 작성
• 파티클 및 이펙트 제작
• 기획 및 디자인 파트와의 커뮤니케이션을 통한 개선 업무
• 자체 테스트 및 피드백 적용, 데이터 관리, 콘텐츠 유지 보수"
"위메이드는 20여년간 게임사업에서 그 명성을 유지하며 활약하고 있습니다.
우리는 게임을 기반으로 다양한 문화 영역에서 무한한 상상을 현실로 만드는 창조 집단으로서 훌륭한 프로의식, 인격, 열정을 갖춘 인재들이 모여 있습니다.
미르4를 성공적으로 출시하여 게임업계에 “Play to Earn”이라는 새로운 패러다임을 이끌었습니다.
또한, 블록체인 선두주자로서 자체 메인넷 WEMIX3.0과 블록체인 게이밍 플랫폼 WEMIX Play, NFT와 DAO 플랫폼인 Nile, Defi 플랫폼 WEMIX.Fi를 통해 블록체인 생태계 구축에 박차를 가하고 있습니다.
이외에도 위메이드그룹은 IP확장 및 메타버스 등의 미래사업에 대한 공격적인 투자활동과 사업다각화를 적극 추진하며 독보적인 성장을 하고 있는 글로벌 종합 플랫폼 기업입니다.

우리는 각자의 분야에서 최고가 되기 위한 꿈과 열정을 지니고, 맡은 미션을 훌륭하게 수행하여 단순한 결과가 아닌 멋진 성과를 보여주고 있습니다.
또한 서로에 대한 믿음으로 팀워크와 협업의 시너지를 창출하는 최고의 파트너로 활약하고 있습니다.
무한한 상상력을 현실로 만드는 위메이드 그룹과 함께 하실 분은 지원해주세요.","마감일
2023-09-13",[위메이드엠] 컨텐츠 개발,게임 서버 개발자,"• 경력 3년 이상
• C++ 숙련자
• MSSQL, Redis 프로젝트 진행 경험","• C#/C++ 프로그래밍 경력자
• DB 설계 경험
• MMORPG 런칭 및 라이브 서비스 경험자","경력
경력 3~13년","C++
C
MSSQL
Redis",https://www.jumpit.co.kr/position/17209,"• 배려와 존중으로 함께 일하는 최고의 팀 동료들이 있어요
• 취향에 따라, 기분에 따라 마음에 드는 메뉴를 선택하실 수 있도록 식사포인트를 지원해 드려요
• 최상의 원두와 전문 바리스타가 있는 카페테리아에서 언제든 커피 혹은 음료는 무료로 마음껏 드세요
• 수면실, 샤워룸, 수유실, 스포츠센터 등 위메이드인들을 위한 다양한 편의시설도 있어요
• 연간 200만원 지급되는 복지포인트로 다양한 문화 혹은 취미 생활 누리세요
• 일과 생활의 균형을 위해 자유롭게 연차를 사용하세요
• 다양한 경조사에 대한 경조 지원금, 유급휴가를 지원해 드려요
• 단체보험가입, 종합건강검진, 독감예방접종 지원받으시고 건강도 챙기면서 일해요
• 가족의 종합건강검진도 함께 챙겨요
• 자녀의 진학에 부담갖지 않으시길 바라며 입학축하금 및 대학교 학자금을 지원해 드려요
• 열일 후 달콤한 휴식을 위해 레지던스 및 리조트회원권을 준비했어요
• 위메이드에서 오래도록 기여해주신 장기근속 위메이드인에게는 포상금을 지급해요","위메이드는 20여년간 게임사업에서 그 명성을 유지하며 활약하고 있습니다.
우리는 게임을 기반으로 다양한 문화 영역에서 무한한 상상을 현실로 만드는 창조 집단으로서 훌륭한 프로의식, 인격, 열정을 갖춘 인재들이 모여 있습니다.
미르4를 성공적으로 출시하여 게임업계에 “Play to Earn”이라는 새로운 패러다임을 이끌었습니다.
또한, 블록체인 선두주자로서 자체 메인넷 WEMIX3.0과 블록체인 게이밍 플랫폼 WEMIX Play, NFT와 DAO 플랫폼인 Nile, Defi 플랫폼 WEMIX.Fi를 통해 블록체인 생태계 구축에 박차를 가하고 있습니다.
이외에도 위메이드그룹은 IP확장 및 메타버스 등의 미래사업에 대한 공격적인 투자활동과 사업다각화를 적극 추진하며 독보적인 성장을 하고 있는 글로벌 종합 플랫폼 기업입니다.

우리는 각자의 분야에서 최고가 되기 위한 꿈과 열정을 지니고, 맡은 미션을 훌륭하게 수행하여 단순한 결과가 아닌 멋진 성과를 보여주고 있습니다.
또한 서로에 대한 믿음으로 팀워크와 협업의 시너지를 창출하는 최고의 파트너로 활약하고 있습니다.
무한한 상상력을 현실로 만드는 위메이드 그룹과 함께 하실 분은 지원해주세요.",• 미르M 국내 / 글로벌 컨텐츠 개발
"위메이드는 20여년간 게임사업에서 그 명성을 유지하며 활약하고 있습니다.
우리는 게임을 기반으로 다양한 문화 영역에서 무한한 상상을 현실로 만드는 창조 집단으로서 훌륭한 프로의식, 인격, 열정을 갖춘 인재들이 모여 있습니다.
미르4를 성공적으로 출시하여 게임업계에 “Play to Earn”이라는 새로운 패러다임을 이끌었습니다.
또한, 블록체인 선두주자로서 자체 메인넷 WEMIX3.0과 블록체인 게이밍 플랫폼 WEMIX Play, NFT와 DAO 플랫폼인 Nile, Defi 플랫폼 WEMIX.Fi를 통해 블록체인 생태계 구축에 박차를 가하고 있습니다.
이외에도 위메이드그룹은 IP확장 및 메타버스 등의 미래사업에 대한 공격적인 투자활동과 사업다각화를 적극 추진하며 독보적인 성장을 하고 있는 글로벌 종합 플랫폼 기업입니다.

우리는 각자의 분야에서 최고가 되기 위한 꿈과 열정을 지니고, 맡은 미션을 훌륭하게 수행하여 단순한 결과가 아닌 멋진 성과를 보여주고 있습니다.
또한 서로에 대한 믿음으로 팀워크와 협업의 시너지를 창출하는 최고의 파트너로 활약하고 있습니다.
무한한 상상력을 현실로 만드는 위메이드 그룹과 함께 하실 분은 지원해주세요.","마감일
2023-09-13",[위메이드엠] 엔진 개발,게임 서버 개발자,"• 경력 3년 이상
• C++ 숙련자
• MSSQL, Redis 프로젝트 진행 경험","• C/C++ 프로그래밍 경력자
• DB 설계 경험
• MMORPG 런칭 및 라이브 서비스 경험자","경력
경력 3~13년","C
C++
Redis
MSSQL",https://www.jumpit.co.kr/position/17210,"• 배려와 존중으로 함께 일하는 최고의 팀 동료들이 있어요
• 취향에 따라, 기분에 따라 마음에 드는 메뉴를 선택하실 수 있도록 식사포인트를 지원해 드려요
• 최상의 원두와 전문 바리스타가 있는 카페테리아에서 언제든 커피 혹은 음료는 무료로 마음껏 드세요
• 수면실, 샤워룸, 수유실, 스포츠센터 등 위메이드인들을 위한 다양한 편의시설도 있어요
• 연간 200만원 지급되는 복지포인트로 다양한 문화 혹은 취미 생활 누리세요
• 일과 생활의 균형을 위해 자유롭게 연차를 사용하세요
• 다양한 경조사에 대한 경조 지원금, 유급휴가를 지원해 드려요
• 단체보험가입, 종합건강검진, 독감예방접종 지원받으시고 건강도 챙기면서 일해요
• 가족의 종합건강검진도 함께 챙겨요
• 자녀의 진학에 부담갖지 않으시길 바라며 입학축하금 및 대학교 학자금을 지원해 드려요
• 열일 후 달콤한 휴식을 위해 레지던스 및 리조트회원권을 준비했어요
• 위메이드에서 오래도록 기여해주신 장기근속 위메이드인에게는 포상금을 지급해요","위메이드는 20여년간 게임사업에서 그 명성을 유지하며 활약하고 있습니다.
우리는 게임을 기반으로 다양한 문화 영역에서 무한한 상상을 현실로 만드는 창조 집단으로서 훌륭한 프로의식, 인격, 열정을 갖춘 인재들이 모여 있습니다.
미르4를 성공적으로 출시하여 게임업계에 “Play to Earn”이라는 새로운 패러다임을 이끌었습니다.
또한, 블록체인 선두주자로서 자체 메인넷 WEMIX3.0과 블록체인 게이밍 플랫폼 WEMIX Play, NFT와 DAO 플랫폼인 Nile, Defi 플랫폼 WEMIX.Fi를 통해 블록체인 생태계 구축에 박차를 가하고 있습니다.
이외에도 위메이드그룹은 IP확장 및 메타버스 등의 미래사업에 대한 공격적인 투자활동과 사업다각화를 적극 추진하며 독보적인 성장을 하고 있는 글로벌 종합 플랫폼 기업입니다.

우리는 각자의 분야에서 최고가 되기 위한 꿈과 열정을 지니고, 맡은 미션을 훌륭하게 수행하여 단순한 결과가 아닌 멋진 성과를 보여주고 있습니다.
또한 서로에 대한 믿음으로 팀워크와 협업의 시너지를 창출하는 최고의 파트너로 활약하고 있습니다.
무한한 상상력을 현실로 만드는 위메이드 그룹과 함께 하실 분은 지원해주세요.",• 미르M 국내 / 글로벌 엔진 개발
"디스민즈워는 위메이드 계열사로, 철저한 고증을 바탕으로 사실적이고 현대적인 대규모 밀리터리 슈터와 월드 시뮬레이터가 결합된 워게임을 개발합니다.

실제 지형 데이터 기반에 UE5 최신 기술이 결합된 전장은 첨단 장비 운용과 다양한 전략이 더해져 최고의 현대전 경험을 이끌어 낼 것입니다.

또한 국가 기반의 월드 시뮬레이션이 가능한 통합 인터페이스를 제공하여, 건국부터 외교 및 전쟁까지 완전히 새로운 워게임의 경험을 유저들에게 선사하고자 합니다.

우리 게임은 보다 많은 유저들에게 더 나은 게임 환경을 제공하고자 PC-XBOX 크로스 플랫폼으로 개발을 진행합니다.

#언리얼5 #실사_밀리터리 #워게임 #대작 #PC_XBOX #FPS","마감일
2023-10-18",[디스민즈워] 서버 프로그래머(PC/Console),게임 서버 개발자,"• 서버 실무 경험 3년 이상이신 분
• RDBMS나 NoSQL 사용하여 DB 설계 및 개발이 가능하신 분
• Redis 등의 메모리 DB 사용이 가능하신 분
• 원활한 의사 소통이 가능하신 분","• Linux 사용 경험이 있으신 분
• 개발부터 라이브까지 완료한 경험이 있으신 분
• AWS 등 클라우드 사용 경험이 있으신 분","경력
경력 3~10년","NoSql
Linux
AWS
Redis
DB",https://www.jumpit.co.kr/position/18103,"• 배려와 존중으로 함께 일하는 최고의 팀 동료들이 있어요 
• 취향에 따라, 기분에 따라 마음에 드는 메뉴를 선택하실 수 있도록 식사포인트를 지원해 드려요
• 최상의 원두와 전문 바리스타가 있는 카페테리아에서 언제든 커피 혹은 음료는 무료로 마음껏 드세요
• 수면실, 샤워룸, 수유실, 스포츠센터 등 위메이드인들을 위한 다양한 편의시설도 있어요
• 연간 200만원 지급되는 복지포인트로 다양한 문화 혹은 취미 생활 누리세요
• 일과 생활의 균형을 위해 자유롭게 연차를 사용하세요
• 다양한 경조사에 대한 경조 지원금, 유급휴가를 지원해 드려요
• 단체보험가입, 종합건강검진, 독감예방접종 지원받으시고 건강도 챙기면서 일해요
• 가족의 종합건강검진도 함께 챙겨요
• 자녀의 진학에 부담갖지 않으시길 바라며 입학축하금 및 대학교 학자금을 지원해 드려요
• 열일 후 달콤한 휴식을 위해 레지던스 및 리조트회원권을 준비했어요
• 위메이드에서 오래도록 기여해주신 장기근속 위메이드인에게는 포상금을 지급해요","디스민즈워는 위메이드 계열사로, 철저한 고증을 바탕으로 사실적이고 현대적인 대규모 밀리터리 슈터와 월드 시뮬레이터가 결합된 워게임을 개발합니다.

실제 지형 데이터 기반에 UE5 최신 기술이 결합된 전장은 첨단 장비 운용과 다양한 전략이 더해져 최고의 현대전 경험을 이끌어 낼 것입니다.

또한 국가 기반의 월드 시뮬레이션이 가능한 통합 인터페이스를 제공하여, 건국부터 외교 및 전쟁까지 완전히 새로운 워게임의 경험을 유저들에게 선사하고자 합니다.

우리 게임은 보다 많은 유저들에게 더 나은 게임 환경을 제공하고자 PC-XBOX 크로스 플랫폼으로 개발을 진행합니다.

#언리얼5 #실사_밀리터리 #워게임 #대작 #PC_XBOX #FPS",• 신규 FPS 게임의 백엔드 서버 개발
"디스민즈워는 위메이드 계열사로, 철저한 고증을 바탕으로 사실적이고 현대적인 대규모 밀리터리 슈터와 월드 시뮬레이터가 결합된 워게임을 개발합니다.

실제 지형 데이터 기반에 UE5 최신 기술이 결합된 전장은 첨단 장비 운용과 다양한 전략이 더해져 최고의 현대전 경험을 이끌어 낼 것입니다.

또한 국가 기반의 월드 시뮬레이션이 가능한 통합 인터페이스를 제공하여, 건국부터 외교 및 전쟁까지 완전히 새로운 워게임의 경험을 유저들에게 선사하고자 합니다.

우리 게임은 보다 많은 유저들에게 더 나은 게임 환경을 제공하고자 PC-XBOX 크로스 플랫폼으로 개발을 진행합니다.

#언리얼5 #실사_밀리터리 #워게임 #대작 #PC_XBOX #FPS","마감일
2023-10-18",[디스민즈워] 서버 프로그래머(PC/Console),게임 서버 개발자,"• 서버 실무 경험 3년 이상이신 분
• RDBMS나 NoSQL 사용하여 DB 설계 및 개발이 가능하신 분
• Redis 등의 메모리 DB 사용이 가능하신 분
• 원활한 의사 소통이 가능하신 분","• Linux 사용 경험이 있으신 분
• 개발부터 라이브까지 완료한 경험이 있으신 분
• AWS 등 클라우드 사용 경험이 있으신 분","경력
경력 3~10년","NoSql
Linux
AWS
Redis
DB",https://www.jumpit.co.kr/position/18103,"• 배려와 존중으로 함께 일하는 최고의 팀 동료들이 있어요 
• 취향에 따라, 기분에 따라 마음에 드는 메뉴를 선택하실 수 있도록 식사포인트를 지원해 드려요
• 최상의 원두와 전문 바리스타가 있는 카페테리아에서 언제든 커피 혹은 음료는 무료로 마음껏 드세요
• 수면실, 샤워룸, 수유실, 스포츠센터 등 위메이드인들을 위한 다양한 편의시설도 있어요
• 연간 200만원 지급되는 복지포인트로 다양한 문화 혹은 취미 생활 누리세요
• 일과 생활의 균형을 위해 자유롭게 연차를 사용하세요
• 다양한 경조사에 대한 경조 지원금, 유급휴가를 지원해 드려요
• 단체보험가입, 종합건강검진, 독감예방접종 지원받으시고 건강도 챙기면서 일해요
• 가족의 종합건강검진도 함께 챙겨요
• 자녀의 진학에 부담갖지 않으시길 바라며 입학축하금 및 대학교 학자금을 지원해 드려요
• 열일 후 달콤한 휴식을 위해 레지던스 및 리조트회원권을 준비했어요
• 위메이드에서 오래도록 기여해주신 장기근속 위메이드인에게는 포상금을 지급해요","디스민즈워는 위메이드 계열사로, 철저한 고증을 바탕으로 사실적이고 현대적인 대규모 밀리터리 슈터와 월드 시뮬레이터가 결합된 워게임을 개발합니다.

실제 지형 데이터 기반에 UE5 최신 기술이 결합된 전장은 첨단 장비 운용과 다양한 전략이 더해져 최고의 현대전 경험을 이끌어 낼 것입니다.

또한 국가 기반의 월드 시뮬레이션이 가능한 통합 인터페이스를 제공하여, 건국부터 외교 및 전쟁까지 완전히 새로운 워게임의 경험을 유저들에게 선사하고자 합니다.

우리 게임은 보다 많은 유저들에게 더 나은 게임 환경을 제공하고자 PC-XBOX 크로스 플랫폼으로 개발을 진행합니다.

#언리얼5 #실사_밀리터리 #워게임 #대작 #PC_XBOX #FPS",• 신규 FPS 게임의 백엔드 서버 개발
