,회사명,직무명,채용공고명,주요업무,자격요건,우대사항,기술스택
6,베이스라인파트너스,웹 개발자,"Cloud(AWS,GCP) 기반 운영 및 개발 담당자","• DB단 개발 및 데이터  관리


[ 필수제출서류: 이력서,경력기술서 ]
*경력에 대한 경력 기술서 필수 첨부
*사진첨부 필수 
서류전형 - 전화 인터뷰 - 1차 실무진 면접 - 2차 임원 면접 - 최종 합격
*절차는 변경될 수 있습니다.","AWS / linux / gitLab / DB(mysql) / EKS(K8S)  / Docker / python 

**위 기술 스택 사용 가능하신 분",AWS 운영 경험 / 개발(python/java 등) 경험  보유자,"GitLab
Linux
MySQL
HTML
Java
AWS
Spring Framework
GCP"
11,제이씨현시스템,웹 개발자,ASP.NET 웹개발자,"• 웹사이트 개발 및 유지보수
• 서류전형 - 1차(실무면접) - 2차(임원면접) - 최종 합격","• C#  ASP.NET webform,  MS-SQL DB 사용 가능자
• javascript 사용 가능자","•협업 및 커뮤니케이션 우수자
•관련 학과 전공자
•관련 자격증 보유자
•유관업무 경력자","C / C++
HTML
JavaScript
SQL"
59,단색,웹 개발자,웹 개발자,"• 고도몰5 디자인 수정
• 고도몰5 커스텀 튜닝 개발
• MySQL 데이터 추출 및 가공 (ETL)","• HTML, CSS, jQuery, PHP, MySQL","- 스스로 문제를 정의하고 해결 가능하신 분
- 동종업계, 웹에이전시 경험 있으신 분
- 고도몰/퍼스트몰 튜닝 경험 있으신 분
-각종 API연동 경험 많으신 분","MySQL
HTML
PHP
SQL"
67,플랫포머스,웹 개발자,웹 개발자,"• 웹 솔루션 개발/운영
• 플랫폼 사업 개발","• 기본적인 웹 개발 지식(HTML, CSS, JavaScript) 소유자","• 컴퓨터공학 또는 유관 전공자
• 하이브리드 앱 경험자
• VueJs, Angular, React 등의 프론트엔드 프레임워크 경험자","Github
Android
AngularJS
iOS
Linux
React
VueJS
ASP
ASP .NET
HTML
Java
JavaScript
SQL
JSP"
87,Moto7 騎昇顧問有限公司,웹 개발자,資深 Ruby on Rails 工程師,"• 建置 C2C 購物網站，使用 Solidus
• 串接台灣的金流
• 擴充 Solidus，支援 C2C 功能","熟悉 Git
熟悉 Ruby
熟悉 Rails
知悉 HTML
知悉 JavaScript
知悉 CSS
知悉 AWS/GCP/DigitalOcean/Heroku 任一
知悉 UN*X OS
略懂 HTTP
擅於閱讀英文開發文件
擅於閱讀原始碼","Docker
Shell Script
RMDBS
minitest/RSpec",
113,개념원리,웹 개발자,Web 개발자,"- B2B 웹 서비스 개발
- BackOffice 시스템 개발
- 신규 웹 애플리케이션의 UI(반응형) 개발
- Webview, In-App UI 개발
- 프로젝트 관리 및 협업
- 효율적인 개발을 위한 고민 및 지식 나눔
- 타 직군과의 적극적이고 자유로운 의사소통","- 필수 사항
  - 코드 재사용 아키텍처에 대한 이해 및 설계
  - 타 직군과의 협업에 능동적이신 분
  - 모노레포 시스템 경험 or 구축 경험이 있으신 분
  - 테스트툴 경험이 있으신 분
  - Webview, In-App browser (bridge 통신)경험이 있으신 분

- 기술 스택
  - React, Next.js, typescript
  - react-query
  - recoil, redux 등 상태관리 라이브러리
  - styled-component(emotion)","- 우대 사항
  - 기술적인 성장에 목마른 사람들이 모인곳에서 일하고 싶은 사람
  - 스타트업처럼 일해보고 싶은 사람","Android
iOS
Flutter"
145,딥브레인에이아이,웹 개발자,"Back-end 개발자 (Node.js, React, Express, Next.js), 병특","• 백앤드 (Back-end) 개발
• 기존 서비스의 유지 보수 및 신규 서비스 설계 및 개발","• 학력 무관, 병특가능
• Node.js, React, Express, Next.js 등의 Framework 사용 경험
• Git 또는 SVN 등 버전 관리 사용 경험
• REST API 개발 경험
• DBMS, Cache, Data Structure 설계 경험","• AWS, Azure 등의 클라우드 환경 기반
• 개발, 배포 및 운영 경험
• Redis, Memcached 등 메모리 캐시 사용 경험
• Apache, Nginx 등 서버 운영 경험
• Python, C#, Java등 다양한 언어에 대한 개발 경험
• React Native, Flutter, Ionic 등 Hybrid 개발 경험
• 대용량 Log 및 데이터 처리 경험
• Jenkins 를 이용한 CI/CD 사용 경험",
170,마키나락스,웹 개발자,백엔드 엔지니어 (MLOps 제품개발),"• ‘Runway’ 제품의 백엔드를 개발합니다.
• 웹 기반 어플리케이션의 API를 설계하고 구현합니다.
• 웹 서비스 제공을 위한 백엔드 시스템을 설계하고 구현합니다.","• 하나 이상의 프로그래밍 언어에 능숙하신 분 (Python, golang, C/C++ 등)
• RDB 와 REST API 서버 설계 및 개발에 대한 지식을 갖추신 분
• 실무 경험을 통해 Kubernetes 에 대한 기본적인 이해가 있는 분
• MLOps 플랫폼 개발 경험이 있는 분 (MLflow, argo, elastic search, kafka 등)","• 서비스 인프라 / 모니터링 구축 및 운영 경험이 있는 분
• 대용량 데이터 처리 기술 (NoSQL, Map-Reduce) 경험이 있는 분
• 상용 Cloud Platform (AWS, Azure, GCP) 사용 경험이 있는 분
• Agile한 개발 문화를 경험해보신 분

[채용프로세스]
• 서류접수
• 온라인 코딩테스트
• 기술인터뷰
• Fit인터뷰",Python
179,코코네엠(coconeM),웹 개발자,병역특례 S/W 개발 엔지니어 전문연구요원,"[합류하시면 이런 일을 함께 하게 됩니다]
• 메타버스 서비스 및 신규 서비스의 개발을 담당
• 현재 운영 중인 CCP(Character coordinating play) 서비스의 신규 기능을 추가 개발을 담당
• 고객 정보를 관리하는 CMS를 개발합니다 
• 기존에 진행하는 이벤트를 주기적으로 진행하기 위해서 DB 데이터 입력,수정 작업을 수행하며, 더 나은 이벤트를 제공하기 위해서 서버 로직 수정 작업을 진행
• 서비스 상태를 모니터링, 분석. 더 나은 서비스를 제공하기 위한 방안을 제시하고 수정&보완","[이런 분과 함께하고 싶습니다]
• java 개발 또는 Go 경험
• Spring Framework 경험
• IP, TCP, UDP 프로토콜 이해
• 소켓 프로그래밍 이해 ( Linux epoll, Windows IOCP )
• 무엇보다 더 좋은 코드를 만들기 위해 고민하시는 분","[이런 분이라면 더 좋습니다!]
• NoSQL을 이용한 어플리케이션 개발 경험
• JavaScript Framework 사용 경험(React, Vue, Angular 등)
• 서버 설정이나 튜닝 경험자
• 대규모 WEB 어플리케이션의 개발 운용 경험
• 실시간 서비스 개발/운영 경험

[기술 스택]
• 서버 개발 
- 언어 : Java, Kotlin, Go
- Framework : Spring
- IDE : IntelliJ
- DB : MongoDB, Redis, MariaDB
- 기타 : Maven, AWS, Git, Jenkins","MongoDB
Java
Python
AWS
Docker
GCP
Kubernetes"
218,루센트블록,웹 개발자,[Tech] SW Development Engineer (Backend),"• 서비스 기획 참여, 비지니스 로직 설계 및 구현
• MSA 기반 API 서버 개발: Java, Spring 기반 서버 애플리케이션 개발
• MySQL, Redis 등 각종 데이터베이스를 활용한 효율적인 데이터 관리 및 쿼리 최적화","• Java를 포함한 하나 이상의 프로그래밍 언어에 능숙
• Git과 같은 버전관리시스템 및 Unix 기반 개발 환경 경험
• 자료구조, 알고리즘, 데이터베이스, 네트워크 등 기반 지식 보유, 테스트 자동화에 대한 기본 이해
• 다양한 데이터베이스(RDBMS, NoSQL, time-series DB 등)에 대한 기본 이해 및 사용 경험
• MSA 아키텍처에 대한 기본 이해 및 개발 경험
• 라이브 서비스 운영 및 장애 대응 경험","• 컴퓨터 공학/과학, 소프트웨어 보안 관련 학사 학위 이상
• 서비스 기획부터 개발 및 운영에 이르기까지 End to End 개발 경험
• Jira, Confluence, Slack, Space, figma 등 협업 툴 사용에 능숙
• 핀테크, 프롭테크 관련 분야의 서비스 설계 및 개발 경험 보유
• 대용량 트래픽 처리 또는 실시간 대응 경험
• DB 관련 성능 시험, 분석 및 최적화 경험","JavaScript
Python
SQL"
227,스카이랩스(SkyLabs),웹 개발자,"[Back-end, Front-end, 서버, 웹] 개발자 (전문연구요원 가능)","- 대용량 생체신호 수집/분석 시스템 백엔드/웹 개발 및 유지보수
- 모바일앱 연계 백엔드 API 개발 및 유지보수
- 사용자 및 관리자용 백엔드/웹 개발 및 유지보수","- JAVA, Springboot, JPA, Git 에 익숙하신 분
- RDBMS 및 NoSQL에 대한 이해도를 가지고 계시는 분
- 논리적이고 원활한 커뮤니케이션 능력을 보유하신 분
- 문제점 해결에 대한 유연한 사고를 갖추신 분
- 병역특례 전문연구요원 가능","- 5년 이상의 백엔드 개발 경험
- AWS 기반 Infra에 대한 이해와 운영 경험
- Kubernetes/Docker 등 컨테이너 기술을 이용한 클러스터 운영 경험
- DynamoDB, MongoDB 등의 NoSQL 서비스에 대한 경험이 있으신 분
- 알고리즘, 성능 최적화, 분산 처리 등에 관심이 많으신 분
- Front-end 개발 경험 (React, Vue, javascript, jquery, css 등)","Git
Android
iOS
MySQL
Pytorch
React
Tensorflow
Java
JavaScript
Kotlin
Python
Swift
딥 러닝
AWS
신호 처리
인공 지능
JPA
Spring Boot
ML"
286,쿼타랩(쿼타북),웹 개발자,[100억↑투자] Software Engineer (Full Stack),"[어떤 팀인가요?]
프로덕트 팀은 실질적인 문제 해결을 빠른 속도로 실행하는 팀입니다. 최소 단위로 해결책을 찾아내고, 그 해결책을 고객의 기대에 맞춰 끊임없이 배포를 합니다. 그리고 매번 회고를 통해, 팀을 계속 발전시킬 수 있는 방법이나 문화를 탐구해나갑니다.


[어떤 역할을 맡게 되나요?]
백엔드 챕터의 일원이 되어 쿼타북 및 쿼타스페이스 서비스의 근간을 함께 만들어 나가게 됩니다. 끊임없이 변하는 비상장 증권의 데이터에 맞춰, 장기적으로는 표준 시스템을 만드는 데에 일조합니다.


[합류하시면 함께 할 업무예요]
• 증권 관리, 계약, 주주 관리, 투자 등의 비상장 금융 맥락이 가지고 있는 모든 문제를 해결하는 금융 플랫폼을 개발하고 운영합니다.
• 스타트업과 투자사가 사용하는 증권 관리 플랫폼인 쿼타북을 개발합니다. 쿼타북은 증권 관리, 계약, 주주 관리, 투자 등의 비상장 금융 플랫폼입니다.
• 스타트업과 투자사/보육기관을 연결하는 커뮤니케이션 서비스인 쿼타스페이스를 개발합니다. 쿼타스페이스는 증권을 넘어 모든 데이터와 커뮤니케이션을 아우를 수 있는 플랫폼입니다.


[사용 중인 기술]
• 공통: AWS EKS Docker, ElastiCache(Redis), RDS(PostgreSQL), S3, CloudFront, ECR, Github Actions, ArgoCD
• Frontend: Yarn3, React, React-Query, Next.js, Emotion, CSS
• Backend: Spring, Java, Kotli","[이런 분을 찾습니다!]
• 동료들과 함께 건강한 자극을 주고 받으며 함께 성장할 수 있으신 분
• 단순히 주어진 문제를 해결하는 것이 아닌, 주도적으로 문제를 발견하고 분석해서 솔루션을 제안할 수 있으신 분
• 자신이 작성한 코드의 의도를 명확하게 전달할 수 있으신 분
• 새로운 기술을 빠르게 배울 수 있는 역량과 의지가 있으신 분
• 팀워크를 중요시하고 팀 단위로 일을 진행하고 결과를 만들어 내시는 분","[이런 분은 더욱 환영합니다!]
• 자신의 하드스킬, 소프트스킬을 팀에 공유하고 좋은 영향력을 만들어 동료와 팀을 성장시키고 싶으신 분
• 복잡한 도메인을 개선할 수 있는 UI / UX를 구현하는 것에 관심이 있으신 분
• Full-Stack 엔지니어로 프론트앤드와 백앤드 엔지니어링에 모두 관심이 있으신 분
• 개발자들의 생산성을 높일 수 있는 개발환경 개선 및 구축에 관심이 있으신 분
• React의 Suspense, Concurrent mode와 같은 최신 기술을 적극적으로 사용하여 제품의 성능과 설계 패턴을 개선하는 것에 관심이 있으신 분


[프로덕트 팀 조직문화]
• 1주일 단위로 스프린트를 진행합니다. 스프린트 시작을 위한 회의를 하고 스프린트가 끝날 때 회고를 통하여 발전하고 있습니다.
• 매일 스크럼 미팅을 합니다. 스프린트의 진행 상황과 이슈 등을 공유합니다.
• 효율적인 업무를 위해선 도구 가리지 않고 비용을 아끼지 않습니다. 이슈 관리는 리니어(Linear), 커뮤니케이션은 슬랙(Slack), 문서 관리는 노션을 사용하여 업무의 효율성을 향상시키고 있습니다.
• 좋은 코드를 유지하기 위하여 코드를 리뷰하고 CI/CD를 활용하여 테스트부터 배포까지 자동화 합니다.
• 자율과 책임이 강하게 자리해 있으며 모두 맡은 일을 책임감 있게 완료하고 좋은 성과를 냅니다.
• 주도적으로 투명하게 일하고 상대방을 존중합니다.

[채용 절차]
서류 접수 - 전화 인터뷰 - 직무 인터뷰 - 컬쳐핏 인터뷰","Github
GraphQL
React
Java
Kotlin
TypeScript
Next.js"
336,엔츠,웹 개발자,[전문연구요원 지원가능] B2B SaaS 웹 개발자,"기업을 위한 탄소중립 관리 플랫폼, 엔스코프를 함께 개발하고 서비스 하게 됩니다.

1) 탄소회계 엔진 개발

- 구매 기록, 에너지 사용, 물류 운송, 공정 배출, 재무적 투자 등 모든 기업활동을 국제적 표준에 의해 인정받을 수 있는 탄소 배출량으로 측정하고 관리하는 탄소회계 엔진
- 탄소회계 엔진 REST API 개발

2) 탄소중립 관리 플랫폼 엔스코프 B2B SaaS 웹 서비스 개발

- 기업의 탄소 배출 현황을 실시간으로 보여주는 대시보드 및 분석 서비스 개발
- 탄소중립을 위한 감축 로드맵 수립 및 관리 기능 개발
- 자발적 탄소 배출권 거래 기능 개발
- 그 외, B2B SaaS가 필요로 하는 모든 기능 개발

3) 데이터/인프라/API 관련

- 기업의 다양한 활동 데이터를 엔스코프와 연결하는 API를 개발
- 데이터의 보안, 검증, 오류 감지 등의 기능 개발
- AWS, Cloud, On-premise 등 다양한 환경에서의 데이터 수집 및 전송 시스템 개발
- 태양광 발전 시스템, 폐기물 처리 시스템 등 다양한 외부 시스템과의 연동 시스템 개발

[전형절차]

서류전형 - 1차 인터뷰(remote or offline) - 2차 인터뷰(on-site) - 처우 협의 - 입사

서류 합격 여부는 지원 후 1주 내에 회신 드립니다.","- ES6+ Javascript 및 React 개발 경험이 있는 분
- Linux, DB, HTTP, REST API 등에 대한 기본적인 이해가 있으신 분
- Git 등 분산 버전 관리(SCM) 시스템을 이용한 협업 경험이 있는 분
- 1개 종류 이상의 데이터베이스 사용 경험을 가지고 계신 분
- 웹 기술에 대한 이해가 있으신 분
- 스타트업에서만 할 수 있는 새로운 경험을 통해 함께 성장하고자 하는 분
- [!] 전문연구요원 지원 가능","- TypeScript를 능숙하게 다룰 수 있는 분
- FastAPI, Sanic 등 ASGI 프레임워크를 사용한 경험이 있는 분
- 코드리뷰와 테스트코드 작성 능력이 있으신 분
- 실제 제품 개발 경험이 있으신 분
- IT 기술을 이용해 탄소중립 문제를 해결하는 데에 기여하고 싶으신 분
- 무엇보다 성장하는 스타트업에서 함께 성장하며 탄소중립 문제를 푸는데에 기여하고 싶으신 개발자를 찾습니다!",
382,에이모(AIMMO),웹 개발자,백엔드개발자,"· 데이타 라벨링 코어 서비스 API 개발
· 데이타 라벨링 SaaS 서비스 API 개발
· 스마트 라벨링 백엔드 배치 프로그램 개발","· 최소 1개 이상의 사용 가능한 개발 언어 및 웹 프레임워크
· 스스로 좋은 개발자이자 좋은 동료라고 생각하시는 분
· 기본적인 컴퓨터 공학 지식 보유
· 반복 작업의 자동화 및 기술 부채 개선 의지 보유
· 문제 정의 역량 보유","· AWS, Azure, GCP, NCP 등 클라우드 사용 경험
· 객체지향 모델링/도메인 주도 설계
· 각종 장애 극복, 대용량 트래픽 처리 및 데이터베이스 운영 경험
· 파이썬을 통한 웹 어플리케이션 개발 및 운영
· 서비스에서 몽고디비 사용 경험
· 인공지능 기술에 대한 관심",
383,온엣,웹 개발자,웹 백엔드 개발자,"ㆍ서비스 방향에 맞는 웹개발
ㆍ유지보수","ㆍ학력 : 학력무관
ㆍ기존 코드를 보고 구조를 파악할 수 있습니다
ㆍ스스로 문제를 정의하고 해결하는 능동성 
ㆍ새로운 기술을 접하는 것에 거부감이 없고 배움과 도전을 즐기는 성향","ㆍ컴퓨터공학 지식
ㆍ팀 협업 경험","Linux
HTML
JavaScript
Python
SQL
AWS"
390,알티올,웹 개발자,Back-End 개발자 (3년 이상),"• 소트프웨어 아키텍트
• 소트프웨어 아키텍트
• 토탈 솔루션 구현
• 스마트 물류 구현","［필수스킬］
 • Java  기본기
 • Framework : Spring boot
 • Interface : Api / Socket / WebSocket / PUB,SUB 
 • Database : DDL, DML (Oracle, MySql, MariaDB, MSSql)
 • Data Modelling : Design to Schema (ERD)
 • Team Collaboration Tool (Jira, Git, Jenkins, Figma)","• IT 인프라 구축 경험.(Docker / WAS / Database / Network)
• 클라우드 플랫폼 (AWS, Azure) 활용 능력
• 스마트 물류 자동화 도메인 비즈니스 경험.
• OKR 성과 관리 활용 경험
• IT PM/PL 경험.
• 비즈니스 영어 의사 소통","Git
Github
Android
Azure
iOS
Linux
MySQL
React
C#
CSS
Java
Kotlin
PHP
Python
SQL
TypeScript
AWS
C++
HTTP
UX
NoSQL
Docker
RDBMS
CSS 자바 스크립트
JPA
GCP
UI 디자인
React.js
Spring Boot
Redux
Next.js"
403,아임웹,웹 개발자,Data Analyst,"• 다양한 사내의 데이터 수요에 대응하여, 목적에 맞는 적절한 측정 지표를 수립하고 데이터 제공
• SQL과 Python을 사용하여 데이터를 추출하고 전처리하여, 시각화와 분석을 통해 비즈니스와 고객에게 도움이 되는 인사이트 발굴
• 데이터를 통해 전달해야 하는 중요한 정보를 효율적으로 시각화하여, 대시보드를 구축하고 운영(Tableau, Redash)
• 데이터 엔지니어와 협업하여 Data Warehouse와 Data Mart에 적재할 데이터를 모델링하고, 처리하는 프로세스 구현
• 프로덕트의 비즈니스 로직에 대한 이해를 바탕으로 방대한 데이터를 탐색하고 데이터의 정합성과 정확도를 확보한, 신뢰할 수 있는 데이터 자산 구축에 기여
• 오너십을 가지고 데이터와 근거 기반으로 일하는 문화와 환경을 구축","• 기초통계학 지식 및 정량 데이터 분석 경험
• 분석과 데이터 전처리 과정에서 필요한 SQL, Python 사용에 능숙하신 분
• 이커머스와 SaaS의 주요 지표와 분석 방법론에 대한 높은 이해도 (GMV, MRR, LTV, Cohort, Retention 등)
• 비즈니스적인 관점에서 데이터를 이해하고, 크고 작은 의사결정과 action item 도출까지 논리적이고 분석적으로 사고하실 수 있는 분
• 데이터 비전문가에게도 필요한 내용을 쉽게 이해시키고 전달할 수 있는 커뮤니케이션 능력","• Product Analysis, Business Analysis를 통해 제품의 기능, 전략 등에서 임팩트를 만든 경험
• Mixpanel, Amplitude와 같은 PA툴 활용 경험
• 데이터 시각화에 대한 전문성과 높은 이해도 및 BI툴 활용 경험 (Tableau, Redash, Superset)
• 인과추론 및 준실험설계 방법론에 대한 이해 (A/B 테스트 설계, DID, RDD 등)
• AI/ML에 대한 대략적인 지식
• 데이터 엔지니어링에 대한 기초적인 지식 또는 Airflow DAG 작성 경험
• 병렬 및 분산처리 기반의 라이브러리를 사용한 빅데이터 분석 경험
• AWS 클라우드 환경에서의 업무 경험",
421,마음주의,웹 개발자,software engineer,"• 웹 프론트엔드 설계 및 개발
• 웹 백엔드 설계 및 개발
• 웹 기반의 실시간 화상 통화 구현
• 웹 기반의 실시간 상호작용 콘텐츠 구현
• 웹앱, 안드로이드, IOS 앱 개발","• 아래 조건들 중 입사 후 3 개월 이내에 2 가지 이상 충족 가능하신 분

1. Flutter 또는 React.js, Vue.js, Javascript, CSS, HTML5 중 일부
2. Kotlin 또는 Java 로 Spring Boot, MySQL
3. WebSocket, WebRTC, React Native, GIT, Linux 중 일부","1. 상용 서비스의 개발에서 론칭까지의 경험
2. WebRTC 를 이용한 화상 통화 구현 경험
3. TCP, UDP, WebSocket 등을 이용하여 실시간 통신 프로토콜 설계 및 구현 경험
4. Kotlin, Flutter, Spring Boot 경험
5. 온라인 게임 서버 또는 클라이언트 개발 경험","Git
Linux
MySQL
CSS
Java
JavaScript
Kotlin
HTML5
React.js
React Native
Spring Boot
Flutter
WebRTC
Vue.JS"
448,코멘토,웹 개발자,백엔드 개발자 (PHP),"1. 코멘토 서비스의 신규 기능을 개발합니다.
2. 코멘토 서비스의 기존 기능을 유지보수하고 성능을 개선합니다.
3. 서비스 운영에 필요한 내부 툴을 개발합니다.

[18개월 내 주요 업무]
1. MAU 100만을 위한 시스템 안정화 관련 문제를 해결합니다.
2. 코드와 기능의 안정화를 위해 테스트 코드를 작성합니다.
3. 벡엔드와 프론트의 프로젝트를 완전 분리 합니다
4. KISA 보안 점검 사항에 기준하여 시스템의 보안을 개선합니다.
5. MZ 세대를 위한 대규모 커뮤니티를 개발합니다.","코멘토 백엔드 개발업무를 담당하실 분이 갖추기를 기대하는 역량을 설명드립니다.
* 참고로 아래 나열한 모든 역량을 다 갖춘 인재를 선발하는 것이 아닙니다. 말씀 드린 역량 중에서 1 ~ 2가지 좋은 강점이 있으신 분이면 좋겠습니다.

1. Modern PHP에 대한 이해가 있으신 분
2. Framework 사용 경험이 있으신 분 (CI, Laravel, etc ...)
3. 개발에 대한 관심이 많으신 분
4. 문제 해결 능력 및 책임감이 있으신 분
5. 군필 또는 병역면제자
* 학력 무관","코멘토는 어떤 분들을 우대하는지 설명 드립니다.
* 아래 사항을 읽어보시고 해당 되는 내용이 있다면 그 내용이 잘 드러나도록 작성해주세요.

1. AWS 운영 경험이 있으신 분
2. 시스템 아키텍처에 대한 이해와 경험이 있으신 분
3. 높은 승부욕과 새로운 것을 빠르게 학습할 수 있는 능력이 있으신 분","Git
Github
VueJS
CSS
HTML
JavaScript
PHP
AWS
Docker
Laravel
React.js
Flutter
Next.js"
453,아비브,웹 개발자,웹 개발자,"• 웹사이트/웹서비스 클라이언트, CMS 개발 및 유지보수
• 애플리케이션 API 서버 구축 및 유지관리
• 외부 API, SDK 연동 서비스 개발
• HTML5 기반 미니 게임 개발","• php 또는 jsp 개발 가능자
• RDBMS 이해 및 활용 가능자
• RESTful API 설계 및 개발 가능자
• 외부 API 활용 가능자
• HTML / JS /CSS 기본 지식 보유하신 분","• CodeIgniter 또는 Laravel 경험자
• 대용량 트래픽 처리 경험자
• CI/CD 파이프라인 운용
• AWS 등 클라우드 사용 경험자
• 센스와 자신감 있으신 분","MySQL
CSS
HTML
JavaScript
PHP
AWS
Laravel
CodeIgniter"
459,트레져러,웹 개발자,Back-End Engineer,"• 서비스의 전체적인 소프트웨어 엔지니어링(Server & Mobile App) 담당
• 신규 서비스 및 기존 서비스에 대한 서버 아키텍쳐 설계 및 개발","• 컴퓨터 언어(Java, Javascript, Python, HTML, Swift, C 등)를 한가지 이상 사용가능하신 분
• 효율적으로 일하는 것을 선호하시 분","• NodeJS에 대한 경험
• AWS환경과 익숙하신 분
• Jira/Notion 등의 툴로 작업관리하는데 거부감 없는 분",
482,웰트(WELT),웹 개발자,Backend Developer (Messaging),"• 웰트 디지털 치료제 플랫폼에서 Messaging 기능을 설계하고 개발합니다.
  - Chatting Server
  - Chatbot Builder/Server
  - Push Server","• 백앤드 개발 언어(JS, Golang, Python) 중 하나 이상 능숙하게 구사할 수 있으신 분
• Mission critical한 시스템의 운영 경험
• 고성능 / 대용량 메시징 트래픽 처리 시스템 개발 및 운영 경험 있으신 분","• Golang을 사용한 개발 경험이 있으신 분
• AMQP, Redis, NoSQL, SQL등을 활용한 실시간 대용량 데이타 처리 설계 경험
• 다양한 외부시스템과 연계한 상용서비스 백엔드 개발 경험 있으신 분
• Kubernetes, Docker등 Container환경에서 서비스 개발 및 운영 경험
• Cloud Platform Service의 지식이 풍부하거나 활용 경험
• Linux 환경을 잘 이해하고 개발한 경험이나 서비스 운영 경험
• 코드품질을 위한 어플 구조설계, 코드리뷰, 코드테스트등 품질향상에 적극적이신 분","Hadoop
Scikit-Learn
Spark
Tensorflow
Python
SQL
Tableau
Go"
612,한국딥러닝,웹 개발자,백엔드 엔지니어(웹 플랫폼),"- 플랫폼 기능 개발(유저 관리, 펀딩, 커뮤니티 등)
- 플랫폼 DB 설계 및 구축, 관리
- 플랫폼 결제, 구독, 펀딩 시스템 개발
- 사이트 업데이트, 버그 수정, 문제 해결 및 성능 향상 유지","•  필수 기술 스택
•  백엔드 프레임워크 택 1
    - spring 혹은 spring boot
    - Apache spark
    - Node.js

•  NoSQL or SQL 기반 DBMS 택 1
    - MongoDB
    - Cassandra
    - MSSQL
    - MySQL
    - MariaDB 등","• 대규모 웹 트래픽 처리 및 시스템 설계 경험
• 플랫폼 결제, 구독, 펀딩 시스템 구축 경험
• AWS(EC2, S3), On-premise 및 Docker, Kubernetes 등의 서버 시스템 구축 경험
• 대용량 DB 설계, 구축 및 관리 경험 (SQL, MongoDB, Cassandra 등)
• 우대 기술 스택
    - Jenkins
    - Junit5
    - Spock
    - AWS S3, E2C, Aurora, Redis
    - Selenium
    - Postman-Newman
    - Docker, Kubernetes","Git
Github
MongoDB
MySQL
Pytorch
Scikit-Learn
JavaScript
Node.js
R
SQL
AWS
Jenkins
NoSQL
Apache
Docker
JUnit
MSSQL
Kubernetes"
619,코드잇(codeit),웹 개발자,[100억↑투자] 테크 콘텐츠 에디터,"현재 코드잇은 모든 콘텐츠를 자체 제작하고 있습니다. 하지만 때로는 분야가 빠르게 변해서, 전문 지식이 필요해서, 수요가 좁아서 등의 이유로 자체 제작이 어려운 주제가 있는데요. 이런 주제는 실무 역량과 콘텐츠 역량을 가진 콘텐츠 파트너를 찾고 협업하여 제작하려 합니다.

• 팀에서 선정한 주제의 코드잇 콘텐츠를 잘 만들 수 있는 콘텐츠 파트너를 발굴합니다.
• 콘텐츠 파트너와 협업하여 콘텐츠를 제작합니다.
• 만들어진 콘텐츠를 코드잇 스타일에 맞도록 한층 더 개선합니다.

【 이런 팀에서 일해요 】
콘텐츠 팀은 현 시대의 교육의 문제점을 직면하고, 이를 해결하기 위해 가장 앞단에 있는 팀입니다. 
실무 역량과 콘텐츠 역량을 모두 갖춘 훌륭한 팀원들이 모여 수강생 분들이 보다 쉽게 이해하고, 보다 재미있게 배울 수 있도록 항상 고민합니다. 그리고 깊은 고민 끝에 가장 필요한 주제를 선정하여 모든 레슨이 유기적으로 연결될 수 있도록 커리큘럼을 기획하고 콘텐츠를 제작합니다. 단순히 배우는 것에 그치는 것이 아닌, 사람들이 배움의 기쁨을 느끼고 배움에 빠지도록 합니다.","• 글을 잘 쓰시는 분
• 다양한 분과 원활하게 협업할 수 있는 분
• 가르치는 센스와 콘텐츠 감각이 있는 분","• 코드잇 콘텐츠 스타일을 잘 이해하시는 분
• 교육 분야에 관심이 많은 분
• 기술 주제를 잘 이해할 수 있으신 분


【 이렇게 합류하게 돼요 】
1. 서류 접수 → 2. 사전과제 → 3. 인터뷰 → 4. 합류 
• 서류 통과 시 콘텐츠 제작 역량을 검증하기 위한 과제를 드리고 있어요. (*사전과제비 제공)
• 직무와 컬쳐핏 관련 인터뷰가 진행되며, 모든 인터뷰를 하루 동안 진행해요.
• 인터뷰는 코드잇 사무실에서 진행돼요.

【 제출 서류 】
• (필수) 이력서
• (선택) 글쓰기 역량을 확인할 수 있는 포트폴리오

【 참고해 주세요 】
• 정규직 채용의 경우 3개월의 수습 기간이 있어요.
• 수습 기간 평가 결과에 따라 수습 기간이 연장되거나 채용이 취소될 수 있어요.",
652,아이알큐더스,웹 개발자,웹 서비스 개발자(KudosWorks 서비스 운영 및 고도화),"[주요업무]
• B2B
 - 기업 Investor Relationship Management를 위한 Saas 서비스인 Kudos Works 유지/보수
 - Kudos Works와 연계된 다양한 B2B 모듈 및 솔루션 개발
 - Kudos Works 고도화 사업 준비

[전형절차]
• 서류 전형  1차 인터뷰(필기 면접 포함)  2차 인터뷰  처우 협의  입사
 ※ 필기 면접의 경우 1~2문제의 간단한 서술형 문제이며, 1차 인터뷰 전 약 20분 가량 진행 예정
 ※ 1차 인터뷰 내 pseudo 코드 작성 테스트 포함","• Java Spring Framework를 이용한 서비스 개발 경험이 있으신 분
• As-is 시스템 유지보수를 위한 Javascript, Jquery 개발 경험이 있으신 분
• To-be 시스템 고도화를 위한 Vue3 Composition API 개발 경험이 있으신 분 
• HTML/CSS에 대해 이해하고 이를 활용 가능하신 분
• RDBMS 개발 경험을 보유하신 분
• 다양한 Open API를 활용하여 서비스 개발을 해보신 분
• 기존 레거시 코드에 대한 리팩토링 경험이 있으신 분","이런분과 함께 일하고자 합니다
• 다양한 문제 해결을 위한 알고리즘 개발을 좋아하시는 분
• 최신 기술 동향에 관심을 갖고 계속해서 자기 계발을 하시는 분
• 팀에 잘 적응하며 회의나 협업에 있어서 편하게 의견을 말할 수 있고 타인의 의견에 귀 기울일 줄 아는 분
• 맡은 업무에 대해 책임감을 갖고 적극적으로 진행할 수 있는 분
• 스스로 진행했던 일에 대해 자신감을 갖고 팀원들에게 공유하는 것을 자연스럽게 생각할 수 있는 분
• 조직적 성장을 위한 사내 다양한 개발 문화(도서 리뷰, 기술 토론회, 기술 멘토/멘티 등)에 적극적으로 관심이 있으신 분","Git
VueJS
CSS
HTML
Java
JavaScript
jQuery
SVN
Eclipse
Spring Framework
MSSQL
Visual Studio Code"
655,어라운더블,웹 개발자,개발 팀장 (R&D Team Leader),"• 사업 연계 개발 로드맵 수립
• 실무 개발 포함, 코드리뷰 및 개발 총괄
• 개발자 채용, 관리, 개발 문화 확립
• 리더쉽의 일원으로 사업 방향 의사결정에 참여","• JavaScrpit Spring Framework 기반 백엔드 설계 경험자
• AWS 경험이 있으신 분
• 기업내 IT 조직 및 스타트업에서 Team lead 이상을 맡아보신 분
• 웹/앱 서비스 런칭 및 개발 경험이 있으신 분
• 기술 관련, 기획자/디자이너 등 비개발자와의 원활한 소통이 가능하신 분
• 자신의 뚜렷한 개발 철학을 가지신 분
• Lean한 목표 설정 및 로드맵 수립 경험을 가지신 분
• 풀스택 개발 커리어를 가지신 분","• E-Commerce/Commerce 기반의 플랫폼 운영 및 개발 경험자
• 스타트업 프로젝트 참여 경험 있으신 분","Confluence
Git
Github
JIRA
MySQL
React
Java
JavaScript
AWS
REST
jQuery
HTML5
CSS3
RDBMS
Spring Framework
ORM
JPA
프론트엔드 개발자
백엔드 개발
Spring Boot"
657,피플앤드테크놀러지,웹 개발자,AI 제품 개발자,"• AI 카메라 연계
  - AI 카메라의 영상과 이벤트를 수신
  - AI 카메라의 설정 및 제어

• 영상 저장 및 관리
  - 다수의 카메라의 영상을 실시간 저장하는 시스템 구축
  - 저장된 영상의 관리

•  영상의 실시간 스트리밍
  - 다수 채널의 CCTV 영상의 실시간 및 VOD 스트리밍

•  통합 관제 시스템 개발 (웹 기반)
  - 다수 채널의 영상을 동시에 플레이 및 관제하는 시스템 개발
  - AI 카메라에서 인식되는 이벤트 조회 및 알람
  - CCTV 영상의 플레이어 개발","컴퓨터 공학 관련을 전공하고 IT관련 개발 경험이나 지식이 필수 조건입니다. 

■ 필수조건
• 웹 기반 서버 모듈 개발 관련 지식 보유 (필수)
• 웹 기반 서버 개발을 위한 하나 이상의 언어 사용 가능자(Java, nodeJs 등)
• RDB, NoSQL DB 관련 1개 이상 연동개발이 가능한 자 
• RestAPI 개발이 가능한 자
• 웹의 화면 개발 관련 지식 보유 (옵션)
• HTML5, JavaScript, React 등 웹 화면 개발관련 지식이나 개발 경험이 있는 자

■ 공통역량
• 일반 업무 능력
• 원활한 커뮤니케이션 기술
• 문제 해결 능력
• 배우고 노력하는 열정적인 태도 및 자기 주도적인 태도","다음과 같은 경험이나 기술이 있는 분들은 채용 시 우대합니다.
 • NVR, VMS 등 동영상의 저장 및 관리 시스템의 개발 및 연계 경험 
 • 동영상 스트리밍 서버 구축 및 트랜스코딩 관련 구축/개발 경험 및 지식 보유
 • 웹 기반 동영상 플레이어 개발 경험 및 지식 보유",
667,씨알에스큐브(CRScube),웹 개발자,웹 개발자(산업기능요원/전문연구요원 가능),"1. 주요업무
 • 웹/앱서비스 및 플랫폼 개발
 • 운용중인 솔루션의 유지보수

2. 전형절차
 • 서류전형 -＞ 코딩test -＞ 면접전형(1차) -＞ 채용검진/입사","아래 경험 중 한가지 이상의 경험을 보유하신 분
• Java & Spring framework(Spring boot) 백엔드 개발/운영 경험
• HTML(5), CSS, HTTP, RESTful API 클라이언트 개발
• Javascript MV 기반 웹 개발 운영 경험

병역특례 지원자의 경우, 편입요건을 갖추신 분
• 산업기능요원, 전문연구요원 신규편입 및 전직 가능
(단, 전직의 경우 필요 시 동의 후 reference check 진행)","• 관련 경험을 3년이상 보유하신 분
• 단위테스트, UI 테스트 자동화 및 배포 자동화 경험
• 웹사이트 성능 측정 및 최적화 경험
• database에 대한 이해(RDBMS)
• 컴퓨터 공학 및 전산학 전공자","HTML
JavaScript
Python
AWS
API
Spring Framework"
675,즐거운,웹 개발자,JAVA 기반 O2O 서비스 및 솔루션 개발/운영,"• 중계 플랫폼 개발 및 운영
• O2O 기반 서비스 개발 및 운영
• 웹 서비스 개발 및 운영","• Spring Framework 및 Spring Boot 개발 가능자
• DB(oracle, mysql) 개발 가능자","• 커머스 또는 O2O 서비스 플랫폼 개발 경험자
• Javascript 프레임워크 경험자
• 모바일쿠폰에 대한 이해도가 높거나 배우고자 하는 열정이 있으신 분
• 동종업계 경력자",
683,파킹클라우드,웹 개발자,자바 백엔드 개발(클라우드팀),"주차 서비스 운영 및 개발(IPMS, External, Members 등)
백오피스 서비스 개발(CloudLPR, IMIS, CS, CarInfo, SCM, OpenApi)
차세대 서비스 개발(주차 관제, 전기차 충전, 정산 등)

*면접 이후 업무 배정 예정","- 웹 어플리케이션 개발 및 운영
- Rest API에 대한 이해 및 개발 가능
- RDBMS, NoSQL에 대한 이해 및 개발 가능
- 팀 워크 및 원활한 커뮤니케이션 능력
- Java(spring boot) 소스코드 이해 및 개발 가능

[공통사항]
-근무형태 : 정규직(수습기간 3개월)
-근무요일 : 주 5일(월~금) 
-근무지 : 서울시 구로구 구로동 188-25 구로지밸리비즈플라자 14층
-급여 : 면접 후 결정","- 전기차충전운영시스템 개발 경력자 우대
- Fullstack 개발이 가능하신 분
- 객체지향 개발 및 테스트 코드 작성이 능숙하신 분
- MSA 아키텍처 기반의 시스템 개발 경험자
- JPA, Hibernate, JOOQ 등 ORM 사용과 도메인 모델링 경험자
- PHP 개발이 가능하신 분
- 신기술 트렌드에 관심이 높으신 분
- 새로운 기술 습득에 거리낌이 없고 학습 의지가 높으신 분","Java
AWS
VM웨어
가상화
Tomcat
Nginx
RAID"
686,페르미,웹 개발자,웹 서버 개발자 (Java/Spring Framework),"• WebRTC 기술을 기반으로 영상상담 웹 서비스 개발 
• 서버 구조/DB 설계","• Java & Spring Framework 기반 웹서비스 개발 경험
• MariaDB, Oracle 또는 유사한 RDBMS 경험","• 컴퓨터/정보통신 관련학과 전공자
• RTP,RTSP등 실시간 미디어 프로토콜 유경험자
• Kurento, Janus 등 미디어 서버 개발 경험자
• VoIP/SIP 관련 업무 유경험자","Oracle
Java
VoIP
RDBMS
Spring Framework
SIP
RTP
WebRTC"
692,디지털메딕,웹 개발자,Frontend / Backend 서버 개발자,"1. 주요업무

[ WEB Frontend 개발자 ]

 • Admin 및 모니터링 화면 개발

 • 통계 및 검사 결과 등 Report 화면 개발

 • Mobile Web UI/UX 개발


[ WEB Backend 개발자 ]

 • 앱/웹 서비스 연동 서버 개발

 • 비즈니스 요구기능에 따른 RESTful API 개발

 • 데이터 베이스 모델링 및 설계

 • 서비스 서버 구축 및 유지보수


2. 전형절차

 1차 서류심사 -＞ 1차 인터뷰  -＞ 2차 인터뷰 -＞ 최종합격

※ 1차 기술 인터뷰 시, 필기 테스트 포함

※ 최종 합격 시, 수습 3개월 후 전환 심사  (수습기간 내 급여 100%지급)","[ WEB Frontend 개발자 ]

 • Web Frontend 개발 경험자

 • HTML, CSS, javascript에 대한 이해 및 활용

 • 소스관리 및 협업 툴 사용 경험자 


[ WEB Backend 개발자 ]

 • Spring 또는 Spring Boot 유경험자

 • RESTful API를 이용한 서비스 구현 가능자

 • 비즈니스 요구사항에 따른 MySQL 등 DBMS 설계 가능자","• 컴퓨터/시스템공학 전공자

 • 정보처리기사, 정보처리산업기사

 • 공모전 입상자, 해당직무 인턴경력, 해당직무 근무경험","Github
MySQL
React
Java
JavaScript
Spring Framework
JPA"
729,니어스랩,웹 개발자,웹 서비스 기획자 (PM),"* 해당 포지션은 포트폴리오 제출이 필수입니다.

• B2B web service 기획, 운영
• 국내외 유관 서비스/제품 조사 및 벤치마킹
• 제품 방향성 수립 및 개선
• 요구사항 수집 분석 및 기능 개선 관련 기획
• 서비스 화면설계, 스토리보드 구성 및 문서화","• Web service를 기획, 제작해보신 분(신입 가능)
• 서비스 도메인을 이해하기 위한 열정이 있으신 분
• 서비스 화면 설계, 스토리보드와 같은 서비스 기획 문서를 만드실 수 있는 분
• 서비스 분석 및 개선 과정에 대한 이해가 있으신 분
• 디자이너, 개발, 영업팀과의 커뮤니케이션이 능통하신 분","• SaaS 에 대한 이해가 깊으신 분
• B2B 기획에 대한 이해가 있으신 분
• 협업 Tool(jira, confluence, slack, figma)을 잘 사용하시는 분
• 콘텐츠 정보를 도식화 가능하신 분
• SQL, 통계 활용하여 데이터 분석을 통해 의사결정이 가능하신 분
• 영어 커뮤니케이션에 문제가 없으신 분",
744,중앙일보,웹 개발자,UI개발,"• 중앙일보 웹 서비스 프론트 개발 및 유지보수
• 중앙일보 사업관련 서비스 프론트 개발 및 유지보수","• HTML, CSS 등 W3C 웹 표준 이해와 반응형 웹 퍼블리싱/UI개발 경험
• Javascript / jQuery를 이용한 스크립트 개발 지식 및 실무 경험
• REST API를 이용한 서버 연동 개발 경험
• 웹표준/웹접근성/반응형 디자인을 고려한 UI개발 경험
• 인터렉티브 웹서비스 개발 경험","• Git / Confluence, Jira 등 사용 경험
• React, Angular, Vue 등 SPA 프레임워크 경험
• 기획/디자인/운영 등 다양한 직군과의 협업 능력",
745,중앙일보,웹 개발자,웹개발,"• 중앙일보 웹 서비스, 백오피스 개발 및 유지보수
• 신규 서비스 개발 및 유지 보수","• JAVA Spring Framework 기반 개발 실무경험
• MSSQL 프로시저 개발 지식 및 실무경험 보유
• Javascript, jQuery에 대한 기본 지식
• 일반 유저 대상 서비스 개발 및 운영 경험 보유","• wildfly, NginX, Jenkins, Scouter, Docker 등 운영 경험
• Git / Confluence, Jira 등 사용 경험
• Vue.js / React 및 데이터시각화 관련 프로젝트 경험
• 결제관련 API, 대사, 정산 등 빌링 시스템 개발/운영 경험
• 기획/디자인/운영 등 다양한 직군과의 협업 능력",
768,빅크(BIGC),웹 개발자,[R&D] 백엔드 엔지니어,"- 크리에이터 플랫폼 “빅크” 웹/앱 운영기능 고도화 및 신규 개발을 담당합니다.
- 크리에이터 플랫폼 “빅크” 웹/앱 시스템 고도화 및 유지 보수를 담당합니다.
- 다양한 기술적 이슈를 제기하고 문제를 해결합니다.
- 플랫폼 영역의 생산성 향상 및 신규 기능을 개발합니다.
- PO, 프론트, 앱, 서버, 마케팅, 데이터 팀등 다양한 직무 담당자와의 커뮤니케이션하고 협업합니다.","- php 개발 경험이 있으신 분
- MVC framework 기반의 웹 어플리케이션 또는 API. 개발경험이 있으신 분
- RDBMS, Front-end 등의 인접 기술에 대한 이해가 있으신 분
- Git 버전 관리 시스템 사용 경험
- 다양한 문제를 적극적으로 드러내고, 주도적으로 해결해본 경험이 있으신 분
- 사업, 디자인, 개발, 운영 등 다양한 직군과 원활한 커뮤니케이션 능력이 있으신 분


**기술 스텍**

• 언어 : php 8.x, Laravel, Vue.js(V3)
• 데이터베이스 : MySQL, ElasticSearch
• 형상관리 : Git, Github
• 클라우드 : AWS
• IDE : PHPStorm","- e-commerce 플랫폼 제작, 운영 경험이 있으신 분
- 백엔드 개발 경험이 3년 이상이신 분
- 테스트 코드 작성 / 리팩토링 기법에 대한 이해가 있으신 분
- 대규모 서비스 트래픽 경험이 있으신 분
- Vue.Js 개발 경험
- 기본적인 Linux 사용 능력
- 자기 주도적인 개발(라이브러리 및 오픈소스 기여 경험)을 해본 경험이 있으신 분
- 테스트 자동화 및 테스트 코드 작성 경험이 있으신 분
- 애자일 스크럼 경험이 있으신 분


**이런 분과 함께 하고 싶습니다.**

- 나와 동료의 성장을 위해 함께 전문 분야를 함께 학습하고 공유할 분
- 제품 퀄리티에 대한 기준이 높고, 최고의 제품에 대한 열망이 높은 분
- 개발 실무 뿐 아니라 전반적인 산업에 대한 관심, 회사에 대한 버드뷰를 가지신 분
- 사용자의 욕구와 패턴을 살피고, 이를 설계하는 개발 리서치가 몸에 밴 분",
779,엔드림,웹 개발자,웹 서버/백엔드(Back-End) 개발자,"• 사내 인트라넷
• 모바일 게임 백오피스 개발
• 위치기반 SNS 개발","• C# 개발 경험이 있거나, 개발이 가능 하신분 (필수)
• .NET MVC 개발 경험이 있으신 분
• MVC 패턴에 대하여 이해하고 계신 분 
• HTML5, CSS, javascript 에 대한 이해가 있는 분
• 외부 Library나 API 사용에 능숙 하신 분","• Java, node.js 개발 경험이 있으신 분
• 아키텍쳐 설계에 능숙 하신 분
• HTTP 기반의 대용량 웹 관련 서비스에 대한 경험이 있으신 분
• 코드 품질 향상을 위한 분석 및 리팩토링 경험이 있으신 분
• 업무 커뮤니케이션이 능숙 하신 분","MySQL
C#
CSS
Java
JavaScript
Node.js
HTTP
HTML5
MSSQL"
827,마드라스체크,웹 개발자,엔터프라이즈 개발자,"• 플로우 시스템 신규 개발 및 유지운영
• 플로우 표준 API 개발
• 플로우와 고객사 내부 시스템 연동
• 플로우 고객사 기술/개발/운영 이슈 지원


[채용절차]
서류평가 → 개발과제 제출 → 실무인터뷰 → 컬쳐인터뷰 → 최종합격

•  신입/경력 여부와 상관없이 4개월의 수습기간을 가진 후 평가에 의해 정직원 채용여부가 결정됩니다.
•  수습기간 중 급여의 100%가 지급됩니다. 
•  입사지원 서류에 허위사실이 발견될 경우, 채용확정 이후라도 채용이 취소될 수 있습니다.
•  합격자를 대상으로 ""필수제출 정보""에 대한 개별안내가 이루어질 예정입니다.
•  국가유공자 및 장애인 등 취업보호대상자는 관계법령에 따라 우대합니다.
•  국가유공자 가산점 부여를 받기 위해서는 ‘취업지원 대상자 증명서’를 제출해야 합니다.
•  해외 국적자의 경우 한국어 커뮤니케이션이 원활하며 체류 자격 상 정규직 입사가 가능한 분을 대상으로 합니다.","• Java / javascript / jQuery / Node.js / RDB를 이용한 개발 경험이 있는 분
• Cloud Service (AWS) 서비스를 이용한 개발 경험이 있는 분
• 리눅스를 이용한 개발 경험이 있는 분

[공통] 
• 협업툴에 대한 관심이 있으신 분 (Slack, Jira, Trello, Notion 등)
• 고객사에 직접 나가서 지원하는데 두려움이 없는 분
• 고객 및 내부 직원들과의 소통에 문제가 없는 분
• 자율적 분위기 속에서 책임감을 가지고 업무에 임하는 분

★ 공통질문 (자기소개서에 반드시 포함해주세요!!!)
1. 마드라스체크에서 어떤 일을 하고 싶으신가요?
2. 회사의 성장과 개인의 성장 중 어디에 중점을 두시나요?
3. 인생에서 가장 즐거웠던 일 또는 보람있었던 일은 무엇인가요?","• 관련분야 인턴 및 경력이 있으신 분
• 컴퓨터 관련학과 전공자
• RESTful API를 통한 연동 경험
• SI 개발 경험 우대
• 타인의 의견을 잘 수렴하고, 자신의 의견도 잘 표출하실 수 있는 분
• Web, WAS(Tomcat) 등 인프라에 관심이 많은 분
• 최신 개발 트렌드에 관심이 있는 분
• Full-stack 개발자를 지향하시는 분",QA 엔지니어링
833,이랜드이노플,웹 개발자,이랜드몰 JAVA 개발자(정산 파트),"• 이랜드몰(e-commerce 플랫폼) 서비스 백엔드 개발 및 운영(정산 파트)
• Restful 기반의 서비스 API 설계/구현 및 고도화","• Spring Framework (Spring Boot)
• JPA, Hibernate 등 ORM 사용과 도메인 모델링 경험
• 다양한 Database(PostgreSQL, Redis, ElasticSearch 등)에 대한 이해","• 이커머스 개발 경험
• AWS/GCP등 클라우드 경험
• 고성능, 대용량 시스템 개발 및 운영 경험이 있는 분
• 서비스 개선과 개발에 열정적이고 적극적이신 분
• 웹 Frontend 개발(html, css, js ...) 기초 지식 필수


[기술스택] 
- java, spring boot


[채용 프로세스]
• 서류전형 - 코딩테스트  -  1차 인터뷰 - 2차 인터뷰 - 처우협의 - 채용검진 - 입사
 - 채용 절차는 변경될 수 있습니다.
 - 인터뷰는 비대면으로 진행됩니다.
 - 포트폴리오 제출 시,10MB 용량을 초과하는 파일은 링크로 대체해주세요.


[입사 유의 사항]
• 입사 후 3개월의 수습 기간이 있습니다. 
  (*급여 및 복지는 동일하게 적용됩니다.)
• 입사지원 서류에 허위기재 사실이 발견될 경우, 입사가 취소될 수 있습니다.",
834,이랜드이노플,웹 개발자,이랜드몰 JAVA (프레임워크),"• 이랜드몰(e-commerce 플랫폼) 서비스 백엔드 개발 및 운영
• Restful 기반의 서비스 API 설계/구현 및 고도화","• Spring framework (SpringBoot) 
• JPA, Hibernate 등 ORM 사용과 도메인 모델링 경험
• 다양한 Database(PostgreSQL, Redis, ElasticSearch 등)에 대한 이해
• Git 사용 협업 경험","• 이커머스 개발 경험
• AWS/GCP등 클라우드 경험
• 고성능, 대용량 시스템 개발 및 운영 경험이 있는 분
• 서비스 개선과 개발에 열정적이고 적극적이신 분
• 웹 Frontend 개발(html, css, js ...) 기초 지식 필수

[기술스택] 
- java, spring boot


[채용 프로세스]
• 서류전형 - 코딩테스트  -  1차 인터뷰 - 2차 인터뷰 - 처우협의 - 채용검진 - 입사
 - 채용 절차는 변경될 수 있습니다.
 - 인터뷰는 비대면으로 진행됩니다.
 - 포트폴리오 제출 시,10MB 용량을 초과하는 파일은 링크로 대체해주세요.


[입사 유의 사항]
• 입사 후 3개월의 수습 기간이 있습니다. 
  (*급여 및 복지는 동일하게 적용됩니다.)
• 입사지원 서류에 허위기재 사실이 발견될 경우, 입사가 취소될 수 있습니다.",
835,이랜드이노플,웹 개발자,이랜드몰 JAVA 개발자(주문 파트),"• 이랜드몰(e-commerce 플랫폼) 서비스 백엔드 개발 및 운영(주문파트)
• Restful 기반의 서비스 API 설계/구현 및 고도화","• Spring Framework (Spring Boot)
• JPA, Hibernate 등 ORM 사용과 도메인 모델링 경험
• 다양한 Database(PostgreSQL, Redis, ElasticSearch 등)에 대한 이해","• 이커머스 개발 경험
• AWS/GCP등 클라우드 경험
• 고성능, 대용량 시스템 개발 및 운영 경험이 있는 분
• 서비스 개선과 개발에 열정적이고 적극적이신 분
• 웹 Frontend 개발(html, css, js ...) 기초 지식 필수


[기술스택] 
- java, spring boot


[채용 프로세스]
• 서류전형 - 코딩테스트  -  1차 인터뷰 - 2차 인터뷰 - 처우협의 - 채용검진 - 입사
 - 채용 절차는 변경될 수 있습니다.
 - 인터뷰는 비대면으로 진행됩니다.
 - 포트폴리오 제출 시,10MB 용량을 초과하는 파일은 링크로 대체해주세요.


[입사 유의 사항]
• 입사 후 3개월의 수습 기간이 있습니다. 
  (*급여 및 복지는 동일하게 적용됩니다.)
• 입사지원 서류에 허위기재 사실이 발견될 경우, 입사가 취소될 수 있습니다.",
836,이랜드이노플,웹 개발자,"이랜드몰 JAVA (전시, 상품)","• 이랜드몰(e-commerce 플랫폼) 서비스 백엔드 개발 및 운영
• Restful 기반의 서비스 API 설계/구현 및 고도화","• Spring Framework (Spring Boot)
• JPA, Hibernate 등 ORM 사용과 도메인 모델링 경험
• 다양한 Database(PostgreSQL, Redis, ElasticSearch 등)에 대한 이해","• 이커머스 개발 경험
• AWS/GCP등 클라우드 경험
• 고성능, 대용량 시스템 개발 및 운영 경험이 있는 분
• 서비스 개선과 개발에 열정적이고 적극적이신 분
• 웹 Frontend 개발(html, css, js ...) 기초 지식 필수


[기술스택] 
- java, spring boot


[채용 프로세스]
• 서류전형 - 코딩테스트  -  1차 인터뷰 - 2차 인터뷰 - 처우협의 - 채용검진 - 입사
 - 채용 절차는 변경될 수 있습니다.
 - 인터뷰는 비대면으로 진행됩니다.
 - 포트폴리오 제출 시,10MB 용량을 초과하는 파일은 링크로 대체해주세요.


[입사 유의 사항]
• 입사 후 3개월의 수습 기간이 있습니다. 
  (*급여 및 복지는 동일하게 적용됩니다.)
• 입사지원 서류에 허위기재 사실이 발견될 경우, 입사가 취소될 수 있습니다.",
844,플래티어,웹 개발자,이커머스 플랫폼 개발,"1) UI개발 : Java , Javascript , JSP 등
2) 사용DB : Oracle , mySQL(Aurora), NoSQL(DynamoDB) 등
3) Framework : Vue.js , Spring, jquery, nexacro platform 등
4) WAS : Web-Spere, Web-logic, JBOSS, Tomcat 등
5) 사용협업툴 : Atlassian Jira 및 Confluence , Git-hub등
6) 기타 : AWS기반의 MSA, Rest-API, swagger, Post-doc , SonaQube(PMD) 등","1) Front-End, Back-end 등 Full-stack developer
2) Java(객체지향 프로그램밍), Servlet/Jsp/HTML/Javascript(웹 프로그래밍) 가능자
3) 유통분야 개발 경험자
4) 국내 근무 및 해외출장에 제한이 없으신 분","1) 이커머스 경험자
2) 전산학/컴퓨터공학/이공계열 전공자
3) 자격증 소지자(정보처리기사, 소프트웨어기술경력증 등)","BitBucket
Git
JIRA
Azure
AWS
DevOps
ITIL
Kubernetes"
857,머니투데이,웹 개발자,Server Developer(Web/PHP),"• 웹(PC/모바일) 서비스 개발 - 뉴스 및 새로운 형태의 컨텐츠 서비스
• 기사입력기 및 CMS 등 유지보수 및 신규 개발
• 웹서비스 유지보수","• Web 어플리케이션 개발 가능자
• HTML / CSS / JAVASCRIPT 활용 능력
• RESTFul API를 이용한 백엔드 연동 개발 경험
• SQL/DBMS에 대한 이해
• 개발에 대한 본인의 참여도가 포함된 포트폴리오","• 웹 표준 / 웹 접근성에 대한 이해
• 협업툴 경험자 (JIRA/CONFLUENCE/GIT/MOQUPS)
• 기본적인 LINUX 명령 사용 능력
• 기본적인 네트워크 구조 이해
• 개발환경에 필요한 미들웨어 설치 능력
• 원활한 문서 작업",
862,오케스트로,웹 개발자,Full Stack Developer (Cloud Project),"• Cloud, Openstack, Vmware, K8s, DevOps 관련 프로젝트 및 유지보수 수행","• 웹 기반 개발 경험이 있으신 분
• Front-end(Vue.js, JavaScript) 활용 가능하신 분
• Back-end(Java, SpringBoot) 활용 가능하신 분  
• 풀스택(Full-stack) 개발 경험이 있으신 분
• Node.js (Javascript, Typescript)를 이용한 웹서비스 개발 경험이 있으신 분
• 웹서비스의 일반적인 아키텍쳐에 대한 이해 및 RESTful API 설계 역량이 있으신 분","• Vue.js 활용 가능하신 분 
• Restful API에 대한 개념을 이해하고 있거나 경험이 있으신 분
• Kubernetes를 활용한 서비스 개발/운영 경험을 보유하신 분
• CI/CD를 통한 테스트 및 자동화 경험을 보유하신 분
• DevOps 서비스 경험을 보유하신 분
• 오픈소스 활용에 능숙하신 분 
• 책임감이 투철하고 배우려는 열정을 보유하신 분
• 유연한 커뮤니케이션 능력을 보유하신 분",Python
863,오케스트로,웹 개발자,Full Stack Developer (System Integration),"• 클라우드 관리 시스템 통합 구축 파견 업무 수행
• 클라우드 플랫폼 솔루션 사업 적용 및 응용 개발","• Java/Spring Framework/Spring Boot를 사용한 개발 경험 및 지식 보유하신 분
• Vue.js/React.js를 사용한 개발 경험 및 지식 보유하신 분
• Git 협업 도구 사용 경험 및 지식 보유하신 분","• 프라이빗/퍼블릭 클라우드에 대한 경험 및 이해도가 있으신 분
• 업무 설계 경험이 있으신 분",Python
864,오케스트로,웹 개발자,Cloud Engineer (Openstack),"• OpenStack 구축 및 장애 대응
• IaC를 통한 OpenStack 자동화 개발
• Private Cloud 인프라 설계 진행 
• 오픈소스를이용한 기술 활용과 아키텍처 정의 
• IaC를 통한 운영자동화 개발","• 클라우드에 관심이 많으신 분
• 리눅스 서버를 다뤄보신 분 
• 다양한 오픈소스 활용 및 관심이 많으신 분
• Cloud 인프라 관련 하드웨어 기술을 접해보신 분
• 함께 성장하고 배우는 것에 가치를 두는 자세를 가지신 분","• openstack을 설치 활용 해보신 분
• 클라우드 자격증을 보유 하신 분
• cloud 관련 기술 이해 및 경험이 있으신 분(private cloud, Hybrid Cloud,Public Cloud)
• Terraform, Ansible 등의 IaC 관련 툴 사용 경험이 있으신 분",Python
865,오케스트로,웹 개발자,Cloud Engineer (Kubernetes),"• Kubernetes 구축 및 장애 대응
• IaC를 통한 kuberbetes 자동화 배포 진행
• Private cloud / public cloud 연계 설계 진행  
• DevOps pipe line 설계 
• Service catalog 구축
• Multi Cluster 구성 관리
• 오픈소스를이용한 기술 활용과 아키텍처 정의
• IaC를 통한 운영자동화 개발","• 클라우드에 관심이 많으신 분
• 리눅스 서버를 다뤄보신 분
• 다양한 오픈소스 활용 및 관심이 많으신 분
• Cloud 인프라 관련 하드웨어 기술을 접해보신 분
• 함께 성장하고 배우는 것에 가치를 두는 자세를 가지신 분","• kubernetes 설치 활용 해보신 분
• 클라우드 자격증을 보유 하신 분
• cloud 관련 기술 이해 및 경험이 있으신 분(private cloud, Hybrid Cloud,Public Cloud)
• Terraform, Ansible 등의 IaC 관련 툴 사용 경험이 있으신 분
• DevOps에 대한 이해가 있으신 분",Python
870,오케스트로,웹 개발자,Full Stack Developer (대전),"• 멀티 클라우드 통합관리 플랫폼 - CMP 개발
(제품 아키텍처 및 핵심기능: 오케스트로 홈페이지 참조)","• 웹 기반 솔루션 개발 경험자
• Front-end(HTML, CSS, JavaScript) 활용 가능하신 분
• Back-end(Java, SpringFramework) 활용 가능하신 분","• 국가정보자원관리원 경력이 있으신 분
• 클라우드 시스템의 이해를 갖추신 분
• 관련 경력 3년이상
• 관련 자격증(정보처리기사) 취득",Python
872,스텝페이,웹 개발자,백엔드 개발자 (5년차 이상),"[이런 서비스를 함께 만들어요]

- 정기 결제 스케쥴러부터 과금을 위한 요금제 구성, 상품 관리, 주문 등 구독 서비스를 위해선 만들어야 하는 것이 매우 많습니다. 스텝페이는 구독 서비스에 필요한 기능을 API 및 커머스 형태로 제공하여 구독 서비스 개발에 소요되는 기간을 획기적으로 줄여줍니다.

- 개발자에겐 유연한 API로 빠르고 자유로운 개발을, 비개발자에게는 개발 없이도 30분 만에 판매 가능한 쉽고 다양한 기능을 제공하는 것에 함께합니다.

[백엔드 개발자는 이런 일을 함께 합니다]

- 구독결제와 이커머스가 결합된 SaaS 플랫폼 개발
- PG과 연계된 결제 서비스 개발
- 위의 기능을 3rd party에 제공할 API 또는 SDK 개발



[스텝페이 개발팀은 이렇게 일합니다]

- 매주 금요일마다, 코드 리뷰: 아무리 바빠도 꼭! 금요일마다 코드 리뷰 시간을 갖습니다. 각자 일주일간 진행한 작업 내역을 공유하며, 어떤 방향으로 나아가면 더 좋을지 자유롭게 의견을 교류합니다. 이 과정에서 개발팀 내에서 다양한 관점과 방법을 모색할 수 있습니다. 매주 이 과정을 반복하여 점점 더 성장해나갑니다. 

- OKR 팀 단위로 자율적으로 움직입니다: 프로젝트에 맞춰 개발자, 기획자, 디자이너가 모인 OKR 팀이 구성됩니다. 팀 내에서 자율적으로 달성하려는 목표를 설정합니다. OKR 팀은 정책 설정 및 기획부터 개발, 배포의 처음부터 끝 단계까지 함께 진행합니다. 2~4주 단위의 팀제로 누구든 의견을 개진하며 일할 수 있습니다.

- 이것저것 도전해 볼 수 있는 곳: 새로운 툴, 새로운 언어에 대해 거리낌 없이 도전하고 의견을 낼 수 있습니다. 최근에는 QA 고도화를 위해서 Cucumber를 도입하여 유저 스토리에 따른 테스트 코드 일원화를 적용해보고 있습니다. 



[스텝페이 개발팀의 얘기를 듣고 싶어요]
- Gun/풀스택: 스텝페이에선 거대한 플랫폼을 작은 부분부터 채워가며 시스템을 갖춰나가는 중이에요. 최신 트렌드, 시스템 아키텍쳐 등에 관심이 있다면 재밌게 일하면서 좋은 경험 쌓으실 수 있어요!

- Jung/프론트 및 백엔드: 스텝페이에서는 최신 프레임워크 및 최신 기술을 사용하여 개발 할 수 있는 장점이 있어요. 그리고 다양한 팀원과 함께 코드리뷰하며 성장 할 수 있다고요!

- Hoon/프론트엔드: 다양한 팀원들과 다양한 개발 관련 얘기를 나누면서 놓칠 수 있는 부분들을 채워나갈 수 있고, 또한 최신 기술들을 적용하면서 많은 경험을 쌓을 수 있어요. 성장하고자 하는 의지, 열정만 있으면 생각했던 것 이상으로 성장할 수 있어요!



[전형 절차]
- 서류전형 - 개발자 퀴즈 전형 (온라인 1차) - 최종 인터뷰 (2차 퀴즈 + 인성 면접) 
- 인터뷰는 서로를 알아가는 자리이므로 적극적으로 궁금한 점은 마음껏 물어봐 주세요! 
- 기다리는 건 애타니까 모든 지원자에게 1주일 이내 결과를 전달드립니다.
- 서로에 대해 잘 알아보기 위해 입사 후 3개월 수습 기간이 있습니다.
- 연봉 및 스톡옵션 협의 가능합니다.
- 사무실은 출퇴근길, 점심 식사 후 산책하면서 아름다운 벚꽃과 여의도 공원 풍경을 즐길 수 있는 곳에 위치하고 있습니다 :)","- Springboot, Gradle 등 관련 생태계에 관심이 많은 분
- SQL, ORM의 특성을 알고 적절히 사용할 수 있는 분
- 서비스에 적합한 데이터 모델을 설계하고 실 서비스 적용 할 수 있는 분","- 국내PG, 해외PG, VAN, 간편결제 등 관련 유경험자
- keycloak 유경험자 또는 OAuth 시스템 구축 유경험자
- 프레임워크 사용 경험이 풍부하여 새로운 프레임워크에 쉽게 적응 가능한 분
- 필요한 API를 요청 받았을 때 바로 쿼리 방법이 떠오르는 분
- 테스트 코드 작성에 능숙하며, CI/CD를 활용한 MSA 구조 설계 경험이 있으신 분
- TensorFlow, Keras, PyTorch 등 머신러닝 프레임워크를 사용해보신 분
- 새로운 머신러닝 이론에 관심이 많아서 한 번씩 실행해보시는 분
- 컨테이너 기반 서비스 운영 경험이 있는 분",
875,클라모스,웹 개발자,Java Spring 개발자,• 웹포털 구축,"• Java Spring boot 개발 경험
• Java Spring Framework 기반의 웹 서비스 개발 경험
• Rest 서비스 구현 가능
• DB쿼리 작업 가능
• 전자정부프레임워크 경험 우대","• 정보처리기사 또는 이에 준하는 자격증을 소지한 분
• 형상 관리 시스템(Git) 사용에 익숙한 분
• 유관업무 경험자(인턴/알바)
• 관련 학과 전공
• 적극적으로 동료들과 소통하고 책임감이 높은 분",Python
891,엔에스에이치씨(NSHC),웹 개발자,서버 개발자,"• 모바일 보안 솔루션 관련 서버 사이트를 개발합니다.
• SaaS형태로 서비스를 하고 있습니다.","• 서버 컴포넌트 개발 및 SW 설계
•JAVA 기반 응용 솔루션 개발 경험자
•HTML5, JSP, Java / SpringFramework 등 / MS-SQL 등 DBMS 개발 경험자","• netty framework 유 경험자(우대)
• RabbitMQ 유 경험자(우대)
• AWS 기반 서비스 개발 및 운영 경험자(우대)",
962,보딩패스,웹 개발자,백엔드 개발자,"• 커머스 모바일 앱 개발
• 커머스 모바일 앱을 위한 백엔드 API 개발
• 퍼포먼스와 스케일러블 이슈에 대해 인식하고 해결","• NestJS 기반의 RESTful API 설계 및 구현 경험
• AWS 환경을 기반으로 한 서비스 설계 및 구축 경험
• 데이터베이스 : MySQL
• 코드관리 : Github
• 커뮤니케이션 : Slack, Notion, Jira","• 커머스 앱 혹은 서비스를 개발해보신 경험이 있는 분
• 주문/결제/정산/배송 등 E-commerce 기반의 플랫폼을 운영해보신 경험이 있는 분
• 더 나은 개발환경을 구축하기 위해 노력하시는 분 (테스팅, 클린코드, CI 구축, Dockerize, etc.)
• 오픈소스 활동을 지향하는 분
• 이론보단 실전에 강하신 분","Git
Github
MySQL
AWS
Spring Framework"
973,한국투자증권,웹 개발자,프레임워크 개발 및 운영,"- Web/WAS 운영/개발 
- Java Application 운영/개발
- OpenAPI 및 포털 운영/개발","- Web/WAS 개발 능력(중급 이상)
- Java 개발 능력(중급 이상)","Java 및 Web 개발에 자신 있는분
Web/WAS 프로젝트 구축 경험자
OpenSource 솔루션 설치/운영 가능","Android
Kotlin"
974,한국투자증권,웹 개발자,회계시스템 개발,재무회계 / IFRS9 / 관리회계 시스템 관리,"java, XplatForm, Oracle(sql) 개발 경험","- 증권, 은행 등 금융 업무 환경 경험자 우대
- 회계업무 개발 및 운영 경험자 우대","Android
Kotlin"
992,누아,웹 개발자,웹(Web) 백엔드 개발자,"• 예약 관리 시스템 개발
• 차세대 여행 플랫폼 기술 서비스 연동
• 항공권 예약 서비스 개발
• 항공권 검색 엔진 개발","• Java, Spring Framework 개발 경험
• Web 서비스 개발 경험
• 논리적 사고와 문제해결 능력","• 항공, 숙박 등 예약 플랫폼 연동 개발 경험
• 새로운 언어 및 개발에 대한 흥미와 도전정신","MXNET
Pytorch
Tensorflow"
1021,아키드로우,웹 개발자,[아키스케치] 백엔드 개발자,"- 아키스케치 서비스 API 백엔드 개발
- 아키스케치 서비스 배포 및 고도화","- 리눅스, 웹, 네트워크, 데이터베이스, 알고리즘, 자료구조 등 CS 기본 지식 보유
- Java, Shell script, javascript 등 언어 사용
- Spring Framework를 통한 API 서버 개발 및 Rest API에 대한 개발 경험 보유자
- Github 등 개발 협업 도구 사용 경험

*** 포트폴리오를 지원하실때 반드시 첨부해주세요","- Cloud(AWS, Azure) 기반 시스템 개발 및 운영 경험
- Docker 활용한 MSA 아키텍쳐 설계 및 개발 경험자
- ELK를 이용한 로그 수집, 데이터 처리/분석 시스템 구축 경험자
- Jenkins, Git action 등 CI/CD 도구 사용 경험
- Serverless(AWS Lambda) 개발 및 운영 경험 
- 대용량 트래픽 서비스 운영 경험","AWS
Spring Framework"
1045,롯데정보통신,웹 개발자,온라인채널 Java/Web 개발자,"• Back-end API / Web개발자
• e-커머스 및 B2C 업무 운영 유지보수 및 SI Web개발자","• B2C 비즈니스를 잘 이해하고 원활한 소통 능력 보유자
• e-커머스 관련 개발 경험 보유
• Java 언어 사용 경험, Spring, Spring Boot의 높은 이해도
• Oracle, My-SQL, Aurora, Redis, S3등 사용 검험","• 주문, 상품, 클레임 등 Core업무 유경험자 및 프로세스 설계 가능자 우대","Linux
Python
Shell
Windows 서버
AIX"
1099,지씨,웹 개발자,웹 GIS 개발자(웹페이지 퍼블리셔 및 디자인),SI사업에서 웹페이지 퍼블리셔 및 디자인,"＜본사업에서 사용할 개발환경＞
   - 전자정부표준프레임워크
   - 프론트엔드 : javascript (es6이상), vuejs, css   
   - 백엔드 : java, spring boot, 전자정부, postgreSQL   
   - 기타 : C#, C++, MFC, node.js, 파이썬 등
   - 서버 : 리눅스, 도커, 카프카 등",SI사업에서 웹페이지 퍼블리셔 및 디자인 유경험자,"Linux
VueJS
C / C++
C#
CSS
JavaScript
Python
Docker
PostgreSQL
NodeJS
MFC
Spring Boot
전자정부프레임워크"
